FeederLogID,LineID,OrderID,FeederSlotNo,ComponentPartNumber,ReelLotNo,LoadedTimestamp,ComponentsLoadedQty,ComponentsConsumedQty,ComponentsRemainingQty,LoadedByOperatorID
FLOG-000001,LINE-A,ORD-1404-0001,19,RES-0402-100R,LOT-562362,1404/10/30 10:15:00,2500,69,2431,EMP-001
FLOG-000002,LINE-A,ORD-1404-0001,52,DIO-LED-0603-GRN,LOT-476196,1404/10/30 10:15:00,10000,68,9932,EMP-001
FLOG-000003,LINE-A,ORD-1404-0001,59,RES-0201-1K,LOT-238731,1404/10/30 10:15:00,4000,68,3932,EMP-001
FLOG-000004,LINE-A,ORD-1404-0001,41,RES-0201-47K,LOT-319840,1404/10/30 10:15:00,10000,61,9939,EMP-001
FLOG-000005,LINE-A,ORD-1404-0001,56,RES-0402-100K,LOT-946906,1404/10/30 10:15:00,4000,69,3931,EMP-001
FLOG-000006,LINE-A,ORD-1404-0001,49,RES-0201-1K,LOT-988326,1404/10/30 10:15:00,10000,62,9938,EMP-001
FLOG-000007,LINE-A,ORD-1404-0001,43,CAP-0603-10uF,LOT-379636,1404/10/30 10:15:00,2500,62,2438,EMP-001
FLOG-000008,LINE-A,ORD-1404-0001,20,RES-0402-1K,LOT-509083,1404/10/30 10:15:00,10000,62,9938,EMP-001
FLOG-000009,LINE-A,ORD-1404-0001,29,CAP-0201-10pF,LOT-124984,1404/10/30 10:15:00,5000,61,4939,EMP-001
FLOG-000010,LINE-A,ORD-1404-0001,16,RES-0201-1K,LOT-512812,1404/10/30 10:15:00,2500,68,2432,EMP-001
FLOG-000011,LINE-A,ORD-1404-0001,1,CAP-0603-100pF,LOT-769106,1404/10/30 10:15:00,5000,66,4934,EMP-001
FLOG-000012,LINE-A,ORD-1404-0001,6,IC-BGA-FPGA-XC7,LOT-426532,1404/10/30 10:15:00,4000,69,3931,EMP-001
FLOG-000013,LINE-A,ORD-1404-0001,8,RES-0402-100R,LOT-797913,1404/10/30 10:15:00,5000,70,4930,EMP-001
FLOG-000014,LINE-A,ORD-1404-0001,40,CONN-USB-C,LOT-309677,1404/10/30 10:15:00,4000,63,3937,EMP-001
FLOG-000015,LINE-B,ORD-1404-0002,24,RES-0402-100R,LOT-102489,1404/11/01 09:42:00,2500,35,2465,EMP-006
FLOG-000016,LINE-B,ORD-1404-0002,33,RES-0402-22R,LOT-725806,1404/11/01 09:42:00,4000,33,3967,EMP-006
FLOG-000017,LINE-B,ORD-1404-0002,27,RES-0402-100K,LOT-787075,1404/11/01 09:42:00,2500,33,2467,EMP-006
FLOG-000018,LINE-B,ORD-1404-0002,46,IC-SOIC-MCU-ATMEGA328,LOT-967883,1404/11/01 09:42:00,4000,33,3967,EMP-006
FLOG-000019,LINE-B,ORD-1404-0002,17,IC-SOIC-TXRX-RS485,LOT-410649,1404/11/01 09:42:00,10000,31,9969,EMP-006
FLOG-000020,LINE-B,ORD-1404-0002,19,IC-SOIC-MCU-STM32F1,LOT-876091,1404/11/01 09:42:00,10000,32,9968,EMP-006
FLOG-000021,LINE-B,ORD-1404-0002,58,RES-0402-100K,LOT-900686,1404/11/01 09:42:00,5000,34,4966,EMP-006
FLOG-000022,LINE-B,ORD-1404-0002,12,CONN-USB-C,LOT-141604,1404/11/01 09:42:00,5000,31,4969,EMP-006
FLOG-000023,LINE-A,ORD-1404-0003,33,IC-SOIC-MCU-ATMEGA328,LOT-809571,1404/11/02 13:42:00,4000,31,3969,EMP-002
FLOG-000024,LINE-A,ORD-1404-0003,42,IC-SOIC-MCU-ATMEGA328,LOT-547612,1404/11/02 13:42:00,10000,31,9969,EMP-002
FLOG-000025,LINE-A,ORD-1404-0003,12,CAP-0603-100nF,LOT-149577,1404/11/02 13:42:00,10000,31,9969,EMP-002
FLOG-000026,LINE-A,ORD-1404-0003,50,IC-SOIC-OPAMP-DUAL,LOT-831081,1404/11/02 13:42:00,10000,33,9967,EMP-002
FLOG-000027,LINE-A,ORD-1404-0003,32,IC-SOIC-TXRX-RS485,LOT-564949,1404/11/02 13:42:00,2500,34,2466,EMP-002
FLOG-000028,LINE-A,ORD-1404-0003,60,RES-0402-4K7,LOT-139852,1404/11/02 13:42:00,10000,30,9970,EMP-002
FLOG-000029,LINE-A,ORD-1404-0003,43,IC-SOIC-EEPROM-24C02,LOT-916118,1404/11/02 13:42:00,5000,31,4969,EMP-002
FLOG-000030,LINE-A,ORD-1404-0003,1,CAP-0603-4.7uF,LOT-674877,1404/11/02 13:42:00,4000,34,3966,EMP-002
FLOG-000031,LINE-A,ORD-1404-0003,31,CONN-HDR-4P,LOT-962115,1404/11/02 13:42:00,10000,33,9967,EMP-002
FLOG-000032,LINE-B,ORD-1404-0004,28,RES-0201-47K,LOT-985156,1404/11/02 09:41:00,10000,31,9969,EMP-006
FLOG-000033,LINE-B,ORD-1404-0004,29,RES-0402-4K7,LOT-166173,1404/11/02 09:41:00,5000,31,4969,EMP-006
FLOG-000034,LINE-B,ORD-1404-0004,46,RES-0402-22R,LOT-226975,1404/11/02 09:41:00,5000,32,4968,EMP-006
FLOG-000035,LINE-B,ORD-1404-0004,3,RES-0402-1K,LOT-624379,1404/11/02 09:41:00,2500,31,2469,EMP-006
FLOG-000036,LINE-B,ORD-1404-0004,27,DIO-SS14,LOT-314558,1404/11/02 09:41:00,5000,30,4970,EMP-006
FLOG-000037,LINE-B,ORD-1404-0004,4,RES-0402-1K,LOT-401006,1404/11/02 09:41:00,5000,31,4969,EMP-006
FLOG-000038,LINE-B,ORD-1404-0004,7,CAP-0603-10uF,LOT-594601,1404/11/02 09:41:00,4000,31,3969,EMP-006
FLOG-000039,LINE-B,ORD-1404-0004,20,RES-0402-330R,LOT-890732,1404/11/02 09:41:00,5000,31,4969,EMP-006
FLOG-000040,LINE-B,ORD-1404-0004,33,CAP-0201-10pF,LOT-979100,1404/11/02 09:41:00,2500,32,2468,EMP-006
FLOG-000041,LINE-B,ORD-1404-0005,40,RES-0402-22R,LOT-143292,1404/11/02 11:58:00,2500,45,2455,EMP-007
FLOG-000042,LINE-B,ORD-1404-0005,29,CAP-0201-100nF,LOT-283242,1404/11/02 11:58:00,5000,46,4954,EMP-007
FLOG-000043,LINE-B,ORD-1404-0005,2,CAP-0201-10pF,LOT-199094,1404/11/02 11:58:00,10000,47,9953,EMP-007
FLOG-000044,LINE-B,ORD-1404-0005,12,RES-0402-100R,LOT-348561,1404/11/02 11:58:00,2500,49,2451,EMP-007
FLOG-000045,LINE-B,ORD-1404-0005,11,IC-SOIC-EEPROM-24C02,LOT-263339,1404/11/02 11:58:00,2500,47,2453,EMP-007
FLOG-000046,LINE-B,ORD-1404-0005,50,DIO-SS14,LOT-279124,1404/11/02 11:58:00,4000,49,3951,EMP-007
FLOG-000047,LINE-B,ORD-1404-0005,22,RES-0201-10K,LOT-710167,1404/11/02 11:58:00,10000,50,9950,EMP-007
FLOG-000048,LINE-B,ORD-1404-0005,60,DIO-LED-0603-GRN,LOT-123641,1404/11/02 11:58:00,5000,49,4951,EMP-007
FLOG-000049,LINE-B,ORD-1404-0005,43,DIO-LED-0603-GRN,LOT-552851,1404/11/02 11:58:00,10000,47,9953,EMP-007
FLOG-000050,LINE-B,ORD-1404-0005,56,IC-SOIC-EEPROM-24C02,LOT-250690,1404/11/02 11:58:00,4000,51,3949,EMP-007
FLOG-000051,LINE-B,ORD-1404-0005,21,CONN-HDR-4P,LOT-880147,1404/11/02 11:58:00,4000,46,3954,EMP-007
FLOG-000052,LINE-A,ORD-1404-0006,29,IC-SOIC-MCU-STM32F1,LOT-575127,1404/11/04 08:06:00,5000,47,4953,EMP-001
FLOG-000053,LINE-A,ORD-1404-0006,25,IC-SOIC-PMIC-BUCK1A,LOT-808058,1404/11/04 08:06:00,4000,51,3949,EMP-001
FLOG-000054,LINE-A,ORD-1404-0006,10,RES-0201-47K,LOT-549115,1404/11/04 08:06:00,4000,51,3949,EMP-001
FLOG-000055,LINE-A,ORD-1404-0006,12,RES-0201-47K,LOT-370925,1404/11/04 08:06:00,5000,48,4952,EMP-001
FLOG-000056,LINE-A,ORD-1404-0006,16,DIO-1N4148,LOT-905186,1404/11/04 08:06:00,5000,51,4949,EMP-001
FLOG-000057,LINE-A,ORD-1404-0006,57,CAP-0603-1uF,LOT-553844,1404/11/04 08:06:00,10000,49,9951,EMP-001
FLOG-000058,LINE-A,ORD-1404-0007,47,RES-0201-47K,LOT-957840,1404/11/04 07:00:00,4000,87,3913,EMP-001
FLOG-000059,LINE-A,ORD-1404-0007,50,CAP-0201-10pF,LOT-357905,1404/11/04 07:00:00,5000,85,4915,EMP-001
FLOG-000060,LINE-A,ORD-1404-0007,48,IC-SOIC-EEPROM-24C02,LOT-425324,1404/11/04 07:00:00,10000,84,9916,EMP-001
FLOG-000061,LINE-A,ORD-1404-0007,22,DIO-SS14,LOT-395375,1404/11/04 07:00:00,4000,84,3916,EMP-001
FLOG-000062,LINE-A,ORD-1404-0007,42,CAP-0201-100nF,LOT-903125,1404/11/04 07:00:00,10000,84,9916,EMP-001
FLOG-000063,LINE-A,ORD-1404-0007,7,RES-0402-100R,LOT-609151,1404/11/04 07:00:00,5000,88,4912,EMP-001
FLOG-000064,LINE-A,ORD-1404-0007,11,CONN-TERM-BLOCK-3P,LOT-484962,1404/11/04 07:00:00,5000,83,4917,EMP-001
FLOG-000065,LINE-B,ORD-1404-0008,16,IC-SOIC-OPAMP-DUAL,LOT-167642,1404/11/01 12:25:00,10000,12,9988,EMP-006
FLOG-000066,LINE-B,ORD-1404-0008,4,IC-SOIC-MCU-STM32F1,LOT-498744,1404/11/01 12:25:00,5000,13,4987,EMP-006
FLOG-000067,LINE-B,ORD-1404-0008,56,CAP-0201-100nF,LOT-543974,1404/11/01 12:25:00,4000,13,3987,EMP-006
FLOG-000068,LINE-B,ORD-1404-0008,32,IC-SOIC-PMIC-BUCK1A,LOT-475151,1404/11/01 12:25:00,4000,12,3988,EMP-006
FLOG-000069,LINE-B,ORD-1404-0008,22,CAP-0201-10pF,LOT-558678,1404/11/01 12:25:00,2500,12,2488,EMP-006
FLOG-000070,LINE-B,ORD-1404-0008,58,DIO-LED-0603-RED,LOT-919715,1404/11/01 12:25:00,5000,13,4987,EMP-006
FLOG-000071,LINE-B,ORD-1404-0008,14,RES-0402-330R,LOT-119324,1404/11/01 12:25:00,2500,12,2488,EMP-006
FLOG-000072,LINE-B,ORD-1404-0008,44,CONN-HDR-4P,LOT-271668,1404/11/01 12:25:00,2500,12,2488,EMP-006
FLOG-000073,LINE-B,ORD-1404-0009,12,DIO-LED-0603-RED,LOT-765805,1404/11/04 07:02:00,5000,197,4803,EMP-006
FLOG-000074,LINE-B,ORD-1404-0009,45,RES-0402-1K,LOT-459787,1404/11/04 07:02:00,10000,208,9792,EMP-006
FLOG-000075,LINE-B,ORD-1404-0009,27,RES-0402-330R,LOT-281749,1404/11/04 07:02:00,2500,206,2294,EMP-006
FLOG-000076,LINE-B,ORD-1404-0009,56,CAP-0603-1uF,LOT-924222,1404/11/04 07:02:00,4000,216,3784,EMP-006
FLOG-000077,LINE-B,ORD-1404-0009,32,CAP-0603-22pF,LOT-521977,1404/11/04 07:02:00,4000,205,3795,EMP-006
FLOG-000078,LINE-B,ORD-1404-0009,7,IC-SOIC-MCU-ATMEGA328,LOT-621185,1404/11/04 07:02:00,4000,199,3801,EMP-006
FLOG-000079,LINE-B,ORD-1404-0009,2,CONN-USB-C,LOT-977752,1404/11/04 07:02:00,10000,211,9789,EMP-006
FLOG-000080,LINE-B,ORD-1404-0010,44,CAP-0201-100nF,LOT-795183,1404/11/04 07:48:00,2500,29,2471,EMP-010
FLOG-000081,LINE-B,ORD-1404-0010,6,RES-0201-10K,LOT-378778,1404/11/04 07:48:00,5000,31,4969,EMP-010
FLOG-000082,LINE-B,ORD-1404-0010,24,CAP-0603-1uF,LOT-276879,1404/11/04 07:48:00,4000,30,3970,EMP-010
FLOG-000083,LINE-B,ORD-1404-0010,14,IC-SOIC-EEPROM-24C02,LOT-675790,1404/11/04 07:48:00,10000,33,9967,EMP-010
FLOG-000084,LINE-B,ORD-1404-0010,47,CAP-0603-22pF,LOT-397956,1404/11/04 07:48:00,2500,30,2470,EMP-010
FLOG-000085,LINE-B,ORD-1404-0010,4,CAP-0603-100nF,LOT-167195,1404/11/04 07:48:00,10000,29,9971,EMP-010
FLOG-000086,LINE-B,ORD-1404-0010,45,RES-0402-100K,LOT-189396,1404/11/04 07:48:00,2500,30,2470,EMP-010
FLOG-000087,LINE-B,ORD-1404-0010,1,IC-SOIC-OPAMP-DUAL,LOT-667345,1404/11/04 07:48:00,5000,32,4968,EMP-010
FLOG-000088,LINE-B,ORD-1404-0010,27,IC-SOIC-EEPROM-24C02,LOT-632763,1404/11/04 07:48:00,4000,29,3971,EMP-010
FLOG-000089,LINE-B,ORD-1404-0010,12,RES-0402-4K7,LOT-233546,1404/11/04 07:48:00,10000,31,9969,EMP-010
FLOG-000090,LINE-B,ORD-1404-0010,39,RES-0402-1K,LOT-452186,1404/11/04 07:48:00,5000,30,4970,EMP-010
FLOG-000091,LINE-B,ORD-1404-0010,42,IC-BGA-PMIC-MULTI,LOT-289144,1404/11/04 07:48:00,10000,30,9970,EMP-010
FLOG-000092,LINE-A,ORD-1404-0011,45,DIO-LED-0603-RED,LOT-617625,1404/11/05 13:15:00,5000,30,4970,EMP-005
FLOG-000093,LINE-A,ORD-1404-0011,23,CAP-0201-100nF,LOT-223533,1404/11/05 13:15:00,2500,28,2472,EMP-005
FLOG-000094,LINE-A,ORD-1404-0011,49,RES-0402-330R,LOT-617817,1404/11/05 13:15:00,2500,27,2473,EMP-005
FLOG-000095,LINE-A,ORD-1404-0011,32,DIO-SS14,LOT-806411,1404/11/05 13:15:00,5000,27,4973,EMP-005
FLOG-000096,LINE-A,ORD-1404-0011,57,DIO-LED-0603-GRN,LOT-761371,1404/11/05 13:15:00,5000,29,4971,EMP-005
FLOG-000097,LINE-A,ORD-1404-0011,55,RES-0201-100K,LOT-558560,1404/11/05 13:15:00,4000,28,3972,EMP-005
FLOG-000098,LINE-A,ORD-1404-0011,4,IC-SOIC-MCU-ATMEGA328,LOT-798451,1404/11/05 13:15:00,2500,30,2470,EMP-005
FLOG-000099,LINE-A,ORD-1404-0011,38,CAP-0603-22pF,LOT-561290,1404/11/05 13:15:00,10000,27,9973,EMP-005
FLOG-000100,LINE-A,ORD-1404-0011,40,IC-SOIC-EEPROM-24C02,LOT-350493,1404/11/05 13:15:00,4000,29,3971,EMP-005
FLOG-000101,LINE-A,ORD-1404-0011,42,CAP-0201-10pF,LOT-648428,1404/11/05 13:15:00,2500,31,2469,EMP-005
FLOG-000102,LINE-A,ORD-1404-0011,7,RES-0201-47K,LOT-776553,1404/11/05 13:15:00,4000,27,3973,EMP-005
FLOG-000103,LINE-A,ORD-1404-0011,25,DIO-SS14,LOT-673838,1404/11/05 13:15:00,2500,31,2469,EMP-005
FLOG-000104,LINE-A,ORD-1404-0011,36,IC-SOIC-OPAMP-DUAL,LOT-357578,1404/11/05 13:15:00,4000,30,3970,EMP-005
FLOG-000105,LINE-A,ORD-1404-0011,9,CAP-0603-10uF,LOT-864007,1404/11/05 13:15:00,5000,27,4973,EMP-005
FLOG-000106,LINE-A,ORD-1404-0012,44,CAP-0603-4.7uF,LOT-154788,1404/11/04 07:08:00,10000,7,9993,EMP-001
FLOG-000107,LINE-A,ORD-1404-0012,57,IC-SOIC-OPAMP-DUAL,LOT-274271,1404/11/04 07:08:00,4000,7,3993,EMP-001
FLOG-000108,LINE-A,ORD-1404-0012,49,CAP-0201-10pF,LOT-906587,1404/11/04 07:08:00,2500,7,2493,EMP-001
FLOG-000109,LINE-A,ORD-1404-0012,46,RES-0402-1K,LOT-894984,1404/11/04 07:08:00,4000,7,3993,EMP-001
FLOG-000110,LINE-A,ORD-1404-0012,29,RES-0201-47K,LOT-730093,1404/11/04 07:08:00,2500,7,2493,EMP-001
FLOG-000111,LINE-A,ORD-1404-0012,53,RES-0402-100K,LOT-917478,1404/11/04 07:08:00,2500,7,2493,EMP-001
FLOG-000112,LINE-A,ORD-1404-0013,6,RES-0201-10K,LOT-569993,1404/11/02 09:26:00,10000,26,9974,EMP-004
FLOG-000113,LINE-A,ORD-1404-0013,18,RES-0201-10K,LOT-574992,1404/11/02 09:26:00,5000,24,4976,EMP-004
FLOG-000114,LINE-A,ORD-1404-0013,21,IC-SOIC-EEPROM-24C02,LOT-517235,1404/11/02 09:26:00,2500,25,2475,EMP-004
FLOG-000115,LINE-A,ORD-1404-0013,16,IC-SOIC-EEPROM-24C02,LOT-393491,1404/11/02 09:26:00,4000,25,3975,EMP-004
FLOG-000116,LINE-A,ORD-1404-0013,13,RES-0201-47K,LOT-209167,1404/11/02 09:26:00,4000,26,3974,EMP-004
FLOG-000117,LINE-A,ORD-1404-0013,50,DIO-LED-0603-GRN,LOT-174371,1404/11/02 09:26:00,4000,27,3973,EMP-004
FLOG-000118,LINE-A,ORD-1404-0013,5,DIO-1N4148,LOT-446844,1404/11/02 09:26:00,5000,27,4973,EMP-004
FLOG-000119,LINE-A,ORD-1404-0013,14,CAP-0603-100pF,LOT-497327,1404/11/02 09:26:00,4000,26,3974,EMP-004
FLOG-000120,LINE-A,ORD-1404-0013,46,CAP-0603-22pF,LOT-322900,1404/11/02 09:26:00,10000,25,9975,EMP-004
FLOG-000121,LINE-A,ORD-1404-0013,36,DIO-LED-0603-RED,LOT-372296,1404/11/02 09:26:00,2500,25,2475,EMP-004
FLOG-000122,LINE-A,ORD-1404-0013,22,RES-0402-330R,LOT-493605,1404/11/02 09:26:00,4000,26,3974,EMP-004
FLOG-000123,LINE-A,ORD-1404-0013,37,CAP-0201-100nF,LOT-805309,1404/11/02 09:26:00,5000,26,4974,EMP-004
FLOG-000124,LINE-A,ORD-1404-0013,45,CAP-0603-22pF,LOT-334067,1404/11/02 09:26:00,2500,24,2476,EMP-004
FLOG-000125,LINE-A,ORD-1404-0013,28,RES-0201-100K,LOT-155476,1404/11/02 09:26:00,10000,26,9974,EMP-004
FLOG-000126,LINE-A,ORD-1404-0013,3,IC-BGA-PMIC-MULTI,LOT-782956,1404/11/02 09:26:00,4000,24,3976,EMP-004
FLOG-000127,LINE-B,ORD-1404-0014,27,IC-SOIC-PMIC-BUCK1A,LOT-408361,1404/11/06 13:07:00,5000,97,4903,EMP-006
FLOG-000128,LINE-B,ORD-1404-0014,41,RES-0402-10R,LOT-647614,1404/11/06 13:07:00,5000,95,4905,EMP-006
FLOG-000129,LINE-B,ORD-1404-0014,49,RES-0402-4K7,LOT-790632,1404/11/06 13:07:00,5000,99,4901,EMP-006
FLOG-000130,LINE-B,ORD-1404-0014,26,DIO-SS14,LOT-888737,1404/11/06 13:07:00,10000,97,9903,EMP-006
FLOG-000131,LINE-B,ORD-1404-0014,38,CAP-0603-1uF,LOT-130920,1404/11/06 13:07:00,4000,95,3905,EMP-006
FLOG-000132,LINE-B,ORD-1404-0014,43,RES-0402-10R,LOT-961034,1404/11/06 13:07:00,4000,100,3900,EMP-006
FLOG-000133,LINE-B,ORD-1404-0014,24,CAP-0603-22pF,LOT-915806,1404/11/06 13:07:00,5000,98,4902,EMP-006
FLOG-000134,LINE-B,ORD-1404-0014,46,IC-SOIC-OPAMP-DUAL,LOT-987492,1404/11/06 13:07:00,10000,97,9903,EMP-006
FLOG-000135,LINE-B,ORD-1404-0014,40,IC-SOIC-MCU-STM32F1,LOT-911079,1404/11/06 13:07:00,2500,91,2409,EMP-006
FLOG-000136,LINE-B,ORD-1404-0014,31,CAP-0603-1uF,LOT-266257,1404/11/06 13:07:00,2500,91,2409,EMP-006
FLOG-000137,LINE-B,ORD-1404-0014,35,IC-SOIC-MCU-STM32F1,LOT-104750,1404/11/06 13:07:00,5000,98,4902,EMP-006
FLOG-000138,LINE-B,ORD-1404-0014,54,CAP-0603-100pF,LOT-167511,1404/11/06 13:07:00,10000,91,9909,EMP-006
FLOG-000139,LINE-B,ORD-1404-0014,22,CONN-HDR-4P,LOT-528896,1404/11/06 13:07:00,5000,89,4911,EMP-006
FLOG-000140,LINE-B,ORD-1404-0015,34,CAP-0603-22pF,LOT-721076,1404/11/07 08:33:00,10000,55,9945,EMP-008
FLOG-000141,LINE-B,ORD-1404-0015,32,RES-0402-1K,LOT-124965,1404/11/07 08:33:00,5000,55,4945,EMP-008
FLOG-000142,LINE-B,ORD-1404-0015,20,IC-SOIC-OPAMP-DUAL,LOT-312249,1404/11/07 08:33:00,2500,57,2443,EMP-008
FLOG-000143,LINE-B,ORD-1404-0015,1,CAP-0603-100nF,LOT-628499,1404/11/07 08:33:00,2500,56,2444,EMP-008
FLOG-000144,LINE-B,ORD-1404-0015,30,CAP-0603-22pF,LOT-889272,1404/11/07 08:33:00,2500,60,2440,EMP-008
FLOG-000145,LINE-B,ORD-1404-0015,60,RES-0201-10K,LOT-763509,1404/11/07 08:33:00,4000,61,3939,EMP-008
FLOG-000146,LINE-B,ORD-1404-0015,39,RES-0402-330R,LOT-215308,1404/11/07 08:33:00,2500,58,2442,EMP-008
FLOG-000147,LINE-B,ORD-1404-0015,33,RES-0402-100K,LOT-562179,1404/11/07 08:33:00,2500,62,2438,EMP-008
FLOG-000148,LINE-B,ORD-1404-0015,19,IC-SOIC-PMIC-BUCK1A,LOT-344699,1404/11/07 08:33:00,4000,55,3945,EMP-008
FLOG-000149,LINE-B,ORD-1404-0015,59,CAP-0603-1uF,LOT-878604,1404/11/07 08:33:00,2500,61,2439,EMP-008
FLOG-000150,LINE-B,ORD-1404-0015,37,IC-SOIC-MCU-STM32F1,LOT-382397,1404/11/07 08:33:00,4000,61,3939,EMP-008
FLOG-000151,LINE-B,ORD-1404-0015,8,CAP-0603-100pF,LOT-175123,1404/11/07 08:33:00,2500,56,2444,EMP-008
FLOG-000152,LINE-B,ORD-1404-0015,22,IC-BGA-PMIC-MULTI,LOT-975844,1404/11/07 08:33:00,5000,59,4941,EMP-008
FLOG-000153,LINE-A,ORD-1404-0016,28,RES-0402-10K,LOT-236522,1404/11/07 10:50:00,4000,184,3816,EMP-001
FLOG-000154,LINE-A,ORD-1404-0016,13,DIO-LED-0603-GRN,LOT-751090,1404/11/07 10:50:00,5000,185,4815,EMP-001
FLOG-000155,LINE-A,ORD-1404-0016,12,IC-SOIC-PMIC-BUCK1A,LOT-636118,1404/11/07 10:50:00,2500,202,2298,EMP-001
FLOG-000156,LINE-A,ORD-1404-0016,36,DIO-LED-0603-GRN,LOT-326506,1404/11/07 10:50:00,5000,180,4820,EMP-001
FLOG-000157,LINE-A,ORD-1404-0016,3,RES-0402-22R,LOT-859337,1404/11/07 10:50:00,10000,197,9803,EMP-001
FLOG-000158,LINE-A,ORD-1404-0016,41,CAP-0603-22pF,LOT-128773,1404/11/07 10:50:00,2500,195,2305,EMP-001
FLOG-000159,LINE-A,ORD-1404-0016,9,DIO-LED-0603-RED,LOT-276633,1404/11/07 10:50:00,4000,186,3814,EMP-001
FLOG-000160,LINE-A,ORD-1404-0016,52,RES-0402-10K,LOT-541790,1404/11/07 10:50:00,4000,202,3798,EMP-001
FLOG-000161,LINE-A,ORD-1404-0016,15,RES-0402-10R,LOT-818754,1404/11/07 10:50:00,10000,184,9816,EMP-001
FLOG-000162,LINE-A,ORD-1404-0016,32,IC-SOIC-MCU-STM32F1,LOT-830372,1404/11/07 10:50:00,2500,179,2321,EMP-001
FLOG-000163,LINE-A,ORD-1404-0016,47,IC-SOIC-EEPROM-24C02,LOT-502924,1404/11/07 10:50:00,5000,199,4801,EMP-001
FLOG-000164,LINE-A,ORD-1404-0016,11,RES-0201-10K,LOT-146656,1404/11/07 10:50:00,2500,200,2300,EMP-001
FLOG-000165,LINE-A,ORD-1404-0016,2,CAP-0603-100pF,LOT-637049,1404/11/07 10:50:00,5000,200,4800,EMP-001
FLOG-000166,LINE-A,ORD-1404-0016,33,RES-0402-4K7,LOT-529604,1404/11/07 10:50:00,2500,205,2295,EMP-001
FLOG-000167,LINE-A,ORD-1404-0017,54,CAP-0603-100nF,LOT-139171,1404/11/05 08:32:00,2500,94,2406,EMP-003
FLOG-000168,LINE-A,ORD-1404-0017,41,RES-0201-100K,LOT-214191,1404/11/05 08:32:00,2500,96,2404,EMP-003
FLOG-000169,LINE-A,ORD-1404-0017,20,DIO-SS14,LOT-485374,1404/11/05 08:32:00,10000,92,9908,EMP-003
FLOG-000170,LINE-A,ORD-1404-0017,58,DIO-1N4148,LOT-244761,1404/11/05 08:32:00,2500,98,2402,EMP-003
FLOG-000171,LINE-A,ORD-1404-0017,21,DIO-LED-0603-GRN,LOT-463439,1404/11/05 08:32:00,2500,87,2413,EMP-003
FLOG-000172,LINE-A,ORD-1404-0017,51,RES-0402-100R,LOT-592918,1404/11/05 08:32:00,2500,89,2411,EMP-003
FLOG-000173,LINE-A,ORD-1404-0017,42,IC-SOIC-PMIC-BUCK1A,LOT-982157,1404/11/05 08:32:00,4000,93,3907,EMP-003
FLOG-000174,LINE-A,ORD-1404-0017,36,RES-0402-22R,LOT-805737,1404/11/05 08:32:00,5000,91,4909,EMP-003
FLOG-000175,LINE-A,ORD-1404-0017,31,CONN-USB-C,LOT-619264,1404/11/05 08:32:00,10000,98,9902,EMP-003
FLOG-000176,LINE-A,ORD-1404-0018,33,RES-0201-1K,LOT-905597,1404/11/05 11:22:00,4000,62,3938,EMP-004
FLOG-000177,LINE-A,ORD-1404-0018,44,CAP-0603-100pF,LOT-116226,1404/11/05 11:22:00,5000,61,4939,EMP-004
FLOG-000178,LINE-A,ORD-1404-0018,24,IC-SOIC-MCU-STM32F1,LOT-618322,1404/11/05 11:22:00,5000,59,4941,EMP-004
FLOG-000179,LINE-A,ORD-1404-0018,2,CAP-0603-100pF,LOT-813249,1404/11/05 11:22:00,2500,63,2437,EMP-004
FLOG-000180,LINE-A,ORD-1404-0018,18,DIO-LED-0603-RED,LOT-212483,1404/11/05 11:22:00,4000,61,3939,EMP-004
FLOG-000181,LINE-A,ORD-1404-0018,5,RES-0402-1K,LOT-330231,1404/11/05 11:22:00,2500,64,2436,EMP-004
FLOG-000182,LINE-A,ORD-1404-0018,27,RES-0402-100R,LOT-519876,1404/11/05 11:22:00,5000,56,4944,EMP-004
FLOG-000183,LINE-A,ORD-1404-0018,9,IC-SOIC-MCU-STM32F1,LOT-517270,1404/11/05 11:22:00,4000,57,3943,EMP-004
FLOG-000184,LINE-A,ORD-1404-0018,6,RES-0201-47K,LOT-437236,1404/11/05 11:22:00,2500,56,2444,EMP-004
FLOG-000185,LINE-A,ORD-1404-0018,50,IC-SOIC-PMIC-BUCK1A,LOT-305308,1404/11/05 11:22:00,2500,59,2441,EMP-004
FLOG-000186,LINE-A,ORD-1404-0018,28,RES-0402-22R,LOT-311729,1404/11/05 11:22:00,10000,61,9939,EMP-004
FLOG-000187,LINE-A,ORD-1404-0018,22,CAP-0603-22pF,LOT-269609,1404/11/05 11:22:00,4000,63,3937,EMP-004
FLOG-000188,LINE-A,ORD-1404-0018,7,RES-0402-10R,LOT-500896,1404/11/05 11:22:00,4000,61,3939,EMP-004
FLOG-000189,LINE-B,ORD-1404-0019,45,CAP-0603-100nF,LOT-770655,1404/11/05 09:40:00,2500,97,2403,EMP-006
FLOG-000190,LINE-B,ORD-1404-0019,18,RES-0402-4K7,LOT-438867,1404/11/05 09:40:00,2500,100,2400,EMP-006
FLOG-000191,LINE-B,ORD-1404-0019,38,IC-SOIC-MCU-ATMEGA328,LOT-609482,1404/11/05 09:40:00,5000,91,4909,EMP-006
FLOG-000192,LINE-B,ORD-1404-0019,58,RES-0402-10R,LOT-198261,1404/11/05 09:40:00,5000,100,4900,EMP-006
FLOG-000193,LINE-B,ORD-1404-0019,54,RES-0201-1K,LOT-962177,1404/11/05 09:40:00,10000,102,9898,EMP-006
FLOG-000194,LINE-B,ORD-1404-0019,2,CAP-0603-1uF,LOT-692719,1404/11/05 09:40:00,4000,94,3906,EMP-006
FLOG-000195,LINE-B,ORD-1404-0019,3,IC-SOIC-TXRX-RS485,LOT-612944,1404/11/05 09:40:00,2500,99,2401,EMP-006
FLOG-000196,LINE-B,ORD-1404-0019,44,RES-0402-10K,LOT-139692,1404/11/05 09:40:00,4000,92,3908,EMP-006
FLOG-000197,LINE-B,ORD-1404-0019,14,RES-0402-100K,LOT-799253,1404/11/05 09:40:00,4000,100,3900,EMP-006
FLOG-000198,LINE-A,ORD-1404-0020,58,RES-0402-100K,LOT-725627,1404/11/08 08:12:00,5000,57,4943,EMP-005
FLOG-000199,LINE-A,ORD-1404-0020,46,RES-0402-4K7,LOT-624118,1404/11/08 08:12:00,10000,57,9943,EMP-005
FLOG-000200,LINE-A,ORD-1404-0020,59,CAP-0603-100nF,LOT-369924,1404/11/08 08:12:00,4000,63,3937,EMP-005
FLOG-000201,LINE-A,ORD-1404-0020,29,RES-0402-1K,LOT-889022,1404/11/08 08:12:00,5000,63,4937,EMP-005
FLOG-000202,LINE-A,ORD-1404-0020,6,IC-SOIC-MCU-ATMEGA328,LOT-425190,1404/11/08 08:12:00,4000,65,3935,EMP-005
FLOG-000203,LINE-A,ORD-1404-0020,38,DIO-LED-0603-RED,LOT-584367,1404/11/08 08:12:00,2500,58,2442,EMP-005
FLOG-000204,LINE-A,ORD-1404-0020,50,IC-SOIC-TXRX-RS485,LOT-570318,1404/11/08 08:12:00,4000,62,3938,EMP-005
FLOG-000205,LINE-A,ORD-1404-0020,54,IC-BGA-PMIC-MULTI,LOT-437764,1404/11/08 08:12:00,5000,58,4942,EMP-005
FLOG-000206,LINE-A,ORD-1404-0020,28,CONN-HDR-4P,LOT-802520,1404/11/08 08:12:00,10000,59,9941,EMP-005
FLOG-000207,LINE-B,ORD-1404-0021,40,CAP-0603-100pF,LOT-868610,1404/11/08 11:06:00,4000,10,3990,EMP-006
FLOG-000208,LINE-B,ORD-1404-0021,42,RES-0402-330R,LOT-203219,1404/11/08 11:06:00,2500,10,2490,EMP-006
FLOG-000209,LINE-B,ORD-1404-0021,14,RES-0402-4K7,LOT-166974,1404/11/08 11:06:00,10000,10,9990,EMP-006
FLOG-000210,LINE-B,ORD-1404-0021,27,IC-SOIC-PMIC-BUCK1A,LOT-729554,1404/11/08 11:06:00,10000,10,9990,EMP-006
FLOG-000211,LINE-B,ORD-1404-0021,11,DIO-LED-0603-GRN,LOT-885901,1404/11/08 11:06:00,10000,10,9990,EMP-006
FLOG-000212,LINE-B,ORD-1404-0021,8,RES-0402-1K,LOT-470737,1404/11/08 11:06:00,10000,10,9990,EMP-006
FLOG-000213,LINE-B,ORD-1404-0021,3,RES-0402-10K,LOT-662655,1404/11/08 11:06:00,2500,10,2490,EMP-006
FLOG-000214,LINE-B,ORD-1404-0021,28,IC-SOIC-OPAMP-DUAL,LOT-116956,1404/11/08 11:06:00,2500,10,2490,EMP-006
FLOG-000215,LINE-B,ORD-1404-0021,12,RES-0402-22R,LOT-406679,1404/11/08 11:06:00,4000,11,3989,EMP-006
FLOG-000216,LINE-B,ORD-1404-0021,39,CAP-0201-10pF,LOT-576642,1404/11/08 11:06:00,5000,10,4990,EMP-006
FLOG-000217,LINE-A,ORD-1404-0022,53,CAP-0201-10pF,LOT-954342,1404/11/08 11:13:00,10000,24,9976,EMP-004
FLOG-000218,LINE-A,ORD-1404-0022,12,CAP-0603-100nF,LOT-746251,1404/11/08 11:13:00,5000,27,4973,EMP-004
FLOG-000219,LINE-A,ORD-1404-0022,47,IC-SOIC-EEPROM-24C02,LOT-844573,1404/11/08 11:13:00,10000,25,9975,EMP-004
FLOG-000220,LINE-A,ORD-1404-0022,20,IC-SOIC-MCU-ATMEGA328,LOT-620041,1404/11/08 11:13:00,10000,24,9976,EMP-004
FLOG-000221,LINE-A,ORD-1404-0022,25,CAP-0201-100nF,LOT-820673,1404/11/08 11:13:00,10000,24,9976,EMP-004
FLOG-000222,LINE-A,ORD-1404-0022,48,RES-0201-100K,LOT-221473,1404/11/08 11:13:00,4000,24,3976,EMP-004
FLOG-000223,LINE-A,ORD-1404-0022,34,RES-0201-1K,LOT-138731,1404/11/08 11:13:00,4000,26,3974,EMP-004
FLOG-000224,LINE-A,ORD-1404-0022,59,RES-0402-10K,LOT-313011,1404/11/08 11:13:00,2500,27,2473,EMP-004
FLOG-000225,LINE-A,ORD-1404-0023,28,RES-0402-22R,LOT-861735,1404/11/09 11:13:00,2500,44,2456,EMP-002
FLOG-000226,LINE-A,ORD-1404-0023,57,RES-0201-10K,LOT-495138,1404/11/09 11:13:00,2500,48,2452,EMP-002
FLOG-000227,LINE-A,ORD-1404-0023,37,RES-0402-10K,LOT-795865,1404/11/09 11:13:00,4000,49,3951,EMP-002
FLOG-000228,LINE-A,ORD-1404-0023,49,DIO-LED-0603-GRN,LOT-620671,1404/11/09 11:13:00,2500,43,2457,EMP-002
FLOG-000229,LINE-A,ORD-1404-0023,7,RES-0402-10K,LOT-282730,1404/11/09 11:13:00,10000,46,9954,EMP-002
FLOG-000230,LINE-A,ORD-1404-0023,3,RES-0402-330R,LOT-471100,1404/11/09 11:13:00,4000,45,3955,EMP-002
FLOG-000231,LINE-A,ORD-1404-0023,39,CAP-0603-4.7uF,LOT-453807,1404/11/09 11:13:00,2500,44,2456,EMP-002
FLOG-000232,LINE-A,ORD-1404-0023,33,IC-SOIC-MCU-ATMEGA328,LOT-892476,1404/11/09 11:13:00,5000,43,4957,EMP-002
FLOG-000233,LINE-A,ORD-1404-0023,13,RES-0402-22R,LOT-619221,1404/11/09 11:13:00,2500,46,2454,EMP-002
FLOG-000234,LINE-A,ORD-1404-0023,35,CONN-TERM-BLOCK-3P,LOT-867864,1404/11/09 11:13:00,2500,47,2453,EMP-002
FLOG-000235,LINE-B,ORD-1404-0024,34,IC-SOIC-MCU-STM32F1,LOT-123882,1404/11/07 12:54:00,10000,80,9920,EMP-008
FLOG-000236,LINE-B,ORD-1404-0024,35,DIO-1N4148,LOT-560200,1404/11/07 12:54:00,10000,75,9925,EMP-008
FLOG-000237,LINE-B,ORD-1404-0024,19,CAP-0201-10pF,LOT-993117,1404/11/07 12:54:00,10000,75,9925,EMP-008
FLOG-000238,LINE-B,ORD-1404-0024,18,IC-SOIC-TXRX-RS485,LOT-817160,1404/11/07 12:54:00,10000,74,9926,EMP-008
FLOG-000239,LINE-B,ORD-1404-0024,23,CAP-0201-10pF,LOT-995833,1404/11/07 12:54:00,2500,76,2424,EMP-008
FLOG-000240,LINE-B,ORD-1404-0024,48,CAP-0603-1uF,LOT-928740,1404/11/07 12:54:00,10000,78,9922,EMP-008
FLOG-000241,LINE-B,ORD-1404-0024,39,RES-0402-4K7,LOT-960112,1404/11/07 12:54:00,10000,74,9926,EMP-008
FLOG-000242,LINE-B,ORD-1404-0024,21,CAP-0603-100pF,LOT-250058,1404/11/07 12:54:00,4000,75,3925,EMP-008
FLOG-000243,LINE-B,ORD-1404-0024,27,RES-0402-100K,LOT-508325,1404/11/07 12:54:00,4000,84,3916,EMP-008
FLOG-000244,LINE-B,ORD-1404-0024,45,DIO-LED-0603-RED,LOT-844900,1404/11/07 12:54:00,10000,79,9921,EMP-008
FLOG-000245,LINE-B,ORD-1404-0024,5,CONN-HDR-2P,LOT-666861,1404/11/07 12:54:00,10000,78,9922,EMP-008
FLOG-000246,LINE-B,ORD-1404-0025,48,CAP-0603-10uF,LOT-680018,1404/11/08 14:40:00,5000,9,4991,EMP-010
FLOG-000247,LINE-B,ORD-1404-0025,53,RES-0402-100R,LOT-418682,1404/11/08 14:40:00,2500,9,2491,EMP-010
FLOG-000248,LINE-B,ORD-1404-0025,51,RES-0402-330R,LOT-237054,1404/11/08 14:40:00,2500,9,2491,EMP-010
FLOG-000249,LINE-B,ORD-1404-0025,55,CAP-0201-100nF,LOT-747484,1404/11/08 14:40:00,2500,9,2491,EMP-010
FLOG-000250,LINE-B,ORD-1404-0025,37,DIO-1N4148,LOT-211835,1404/11/08 14:40:00,4000,9,3991,EMP-010
FLOG-000251,LINE-B,ORD-1404-0025,22,RES-0201-100K,LOT-558506,1404/11/08 14:40:00,4000,10,3990,EMP-010
FLOG-000252,LINE-B,ORD-1404-0025,35,DIO-SS14,LOT-926445,1404/11/08 14:40:00,4000,9,3991,EMP-010
FLOG-000253,LINE-B,ORD-1404-0025,27,RES-0402-100R,LOT-690165,1404/11/08 14:40:00,4000,9,3991,EMP-010
FLOG-000254,LINE-B,ORD-1404-0025,40,CAP-0603-100nF,LOT-186146,1404/11/08 14:40:00,5000,9,4991,EMP-010
FLOG-000255,LINE-B,ORD-1404-0025,17,DIO-LED-0603-GRN,LOT-537248,1404/11/08 14:40:00,2500,9,2491,EMP-010
FLOG-000256,LINE-B,ORD-1404-0025,15,DIO-SS14,LOT-761580,1404/11/08 14:40:00,5000,10,4990,EMP-010
FLOG-000257,LINE-B,ORD-1404-0025,49,CAP-0201-100nF,LOT-190858,1404/11/08 14:40:00,2500,9,2491,EMP-010
FLOG-000258,LINE-A,ORD-1404-0026,25,IC-SOIC-TXRX-RS485,LOT-475321,1404/11/09 11:59:00,10000,1157,8843,EMP-003
FLOG-000259,LINE-A,ORD-1404-0026,52,RES-0402-100R,LOT-614208,1404/11/09 11:59:00,2500,1197,1303,EMP-003
FLOG-000260,LINE-A,ORD-1404-0026,12,DIO-SS14,LOT-776396,1404/11/09 11:59:00,4000,1138,2862,EMP-003
FLOG-000261,LINE-A,ORD-1404-0026,24,RES-0201-47K,LOT-984850,1404/11/09 11:59:00,5000,1148,3852,EMP-003
FLOG-000262,LINE-A,ORD-1404-0026,3,RES-0201-10K,LOT-316885,1404/11/09 11:59:00,10000,1205,8795,EMP-003
FLOG-000263,LINE-A,ORD-1404-0026,55,DIO-1N4148,LOT-837979,1404/11/09 11:59:00,5000,1221,3779,EMP-003
FLOG-000264,LINE-A,ORD-1404-0026,34,RES-0402-4K7,LOT-488125,1404/11/09 11:59:00,4000,1249,2751,EMP-003
FLOG-000265,LINE-A,ORD-1404-0026,56,IC-SOIC-PMIC-BUCK1A,LOT-288942,1404/11/09 11:59:00,2500,1155,1345,EMP-003
FLOG-000266,LINE-A,ORD-1404-0026,1,RES-0402-100K,LOT-768369,1404/11/09 11:59:00,10000,1276,8724,EMP-003
FLOG-000267,LINE-A,ORD-1404-0026,44,RES-0402-100K,LOT-234264,1404/11/09 11:59:00,2500,1281,1219,EMP-003
FLOG-000268,LINE-A,ORD-1404-0026,37,IC-SOIC-PMIC-BUCK1A,LOT-763821,1404/11/09 11:59:00,2500,1146,1354,EMP-003
FLOG-000269,LINE-A,ORD-1404-0027,32,IC-SOIC-MCU-STM32F1,LOT-254150,1404/11/07 08:03:00,2500,94,2406,EMP-003
FLOG-000270,LINE-A,ORD-1404-0027,60,CAP-0201-100nF,LOT-620863,1404/11/07 08:03:00,2500,93,2407,EMP-003
FLOG-000271,LINE-A,ORD-1404-0027,6,RES-0402-10K,LOT-877115,1404/11/07 08:03:00,4000,97,3903,EMP-003
FLOG-000272,LINE-A,ORD-1404-0027,17,DIO-SS14,LOT-597424,1404/11/07 08:03:00,5000,100,4900,EMP-003
FLOG-000273,LINE-A,ORD-1404-0027,11,CAP-0603-22pF,LOT-763042,1404/11/07 08:03:00,4000,93,3907,EMP-003
FLOG-000274,LINE-A,ORD-1404-0027,46,IC-SOIC-OPAMP-DUAL,LOT-348606,1404/11/07 08:03:00,5000,92,4908,EMP-003
FLOG-000275,LINE-A,ORD-1404-0027,23,IC-SOIC-EEPROM-24C02,LOT-639648,1404/11/07 08:03:00,2500,91,2409,EMP-003
FLOG-000276,LINE-A,ORD-1404-0027,48,DIO-SS14,LOT-617799,1404/11/07 08:03:00,5000,101,4899,EMP-003
FLOG-000277,LINE-A,ORD-1404-0027,47,CAP-0201-10pF,LOT-401890,1404/11/07 08:03:00,2500,97,2403,EMP-003
FLOG-000278,LINE-A,ORD-1404-0027,2,DIO-SS14,LOT-416996,1404/11/07 08:03:00,2500,99,2401,EMP-003
FLOG-000279,LINE-A,ORD-1404-0027,31,RES-0402-330R,LOT-455417,1404/11/07 08:03:00,2500,95,2405,EMP-003
FLOG-000280,LINE-A,ORD-1404-0028,42,RES-0402-4K7,LOT-372194,1404/11/11 07:00:00,4000,73,3927,EMP-002
FLOG-000281,LINE-A,ORD-1404-0028,58,RES-0402-10R,LOT-245624,1404/11/11 07:00:00,4000,66,3934,EMP-002
FLOG-000282,LINE-A,ORD-1404-0028,60,CAP-0201-10pF,LOT-270931,1404/11/11 07:00:00,2500,74,2426,EMP-002
FLOG-000283,LINE-A,ORD-1404-0028,31,RES-0402-330R,LOT-911009,1404/11/11 07:00:00,4000,70,3930,EMP-002
FLOG-000284,LINE-A,ORD-1404-0028,38,DIO-SS14,LOT-543097,1404/11/11 07:00:00,4000,74,3926,EMP-002
FLOG-000285,LINE-A,ORD-1404-0028,57,RES-0402-22R,LOT-157655,1404/11/11 07:00:00,10000,67,9933,EMP-002
FLOG-000286,LINE-A,ORD-1404-0028,51,RES-0402-100K,LOT-861469,1404/11/11 07:00:00,4000,71,3929,EMP-002
FLOG-000287,LINE-A,ORD-1404-0028,2,RES-0402-10R,LOT-240479,1404/11/11 07:00:00,4000,69,3931,EMP-002
FLOG-000288,LINE-A,ORD-1404-0028,5,CONN-HDR-2P,LOT-608149,1404/11/11 07:00:00,2500,71,2429,EMP-002
FLOG-000289,LINE-A,ORD-1404-0029,38,IC-SOIC-MCU-STM32F1,LOT-113373,1404/11/11 07:00:00,4000,75,3925,EMP-003
FLOG-000290,LINE-A,ORD-1404-0029,48,IC-SOIC-MCU-STM32F1,LOT-739521,1404/11/11 07:00:00,4000,70,3930,EMP-003
FLOG-000291,LINE-A,ORD-1404-0029,31,RES-0402-330R,LOT-542562,1404/11/11 07:00:00,4000,74,3926,EMP-003
FLOG-000292,LINE-A,ORD-1404-0029,33,IC-SOIC-MCU-ATMEGA328,LOT-999006,1404/11/11 07:00:00,5000,67,4933,EMP-003
FLOG-000293,LINE-A,ORD-1404-0029,21,DIO-LED-0603-RED,LOT-379467,1404/11/11 07:00:00,4000,68,3932,EMP-003
FLOG-000294,LINE-A,ORD-1404-0029,52,CAP-0603-4.7uF,LOT-834164,1404/11/11 07:00:00,5000,74,4926,EMP-003
FLOG-000295,LINE-A,ORD-1404-0029,1,RES-0402-10K,LOT-678658,1404/11/11 07:00:00,10000,70,9930,EMP-003
FLOG-000296,LINE-A,ORD-1404-0029,22,IC-SOIC-PMIC-BUCK1A,LOT-389892,1404/11/11 07:00:00,2500,75,2425,EMP-003
FLOG-000297,LINE-A,ORD-1404-0029,30,RES-0201-47K,LOT-507212,1404/11/11 07:00:00,10000,70,9930,EMP-003
FLOG-000298,LINE-A,ORD-1404-0029,34,RES-0201-10K,LOT-210319,1404/11/11 07:00:00,4000,66,3934,EMP-003
FLOG-000299,LINE-A,ORD-1404-0029,58,RES-0201-100K,LOT-605049,1404/11/11 07:00:00,5000,72,4928,EMP-003
FLOG-000300,LINE-A,ORD-1404-0029,2,CONN-TERM-BLOCK-3P,LOT-369665,1404/11/11 07:00:00,4000,72,3928,EMP-003
FLOG-000301,LINE-A,ORD-1404-0030,31,IC-SOIC-PMIC-BUCK1A,LOT-135716,1404/11/11 10:56:00,2500,29,2471,EMP-003
FLOG-000302,LINE-A,ORD-1404-0030,37,RES-0402-1K,LOT-623194,1404/11/11 10:56:00,10000,30,9970,EMP-003
FLOG-000303,LINE-A,ORD-1404-0030,3,IC-SOIC-MCU-STM32F1,LOT-588857,1404/11/11 10:56:00,2500,30,2470,EMP-003
FLOG-000304,LINE-A,ORD-1404-0030,57,RES-0402-10K,LOT-129186,1404/11/11 10:56:00,5000,29,4971,EMP-003
FLOG-000305,LINE-A,ORD-1404-0030,49,CAP-0603-22pF,LOT-633863,1404/11/11 10:56:00,10000,30,9970,EMP-003
FLOG-000306,LINE-A,ORD-1404-0030,27,DIO-LED-0603-RED,LOT-981471,1404/11/11 10:56:00,4000,28,3972,EMP-003
FLOG-000307,LINE-A,ORD-1404-0030,22,CAP-0603-100nF,LOT-818650,1404/11/11 10:56:00,2500,29,2471,EMP-003
FLOG-000308,LINE-A,ORD-1404-0030,48,DIO-SS14,LOT-257945,1404/11/11 10:56:00,4000,29,3971,EMP-003
FLOG-000309,LINE-A,ORD-1404-0030,12,IC-SOIC-PMIC-BUCK1A,LOT-886540,1404/11/11 10:56:00,5000,29,4971,EMP-003
FLOG-000310,LINE-A,ORD-1404-0030,45,IC-SOIC-MCU-STM32F1,LOT-165732,1404/11/11 10:56:00,2500,27,2473,EMP-003
FLOG-000311,LINE-A,ORD-1404-0030,5,CAP-0603-100nF,LOT-661184,1404/11/11 10:56:00,5000,30,4970,EMP-003
FLOG-000312,LINE-A,ORD-1404-0030,16,IC-BGA-PMIC-MULTI,LOT-736259,1404/11/11 10:56:00,4000,30,3970,EMP-003
FLOG-000313,LINE-A,ORD-1404-0030,29,CONN-HDR-2P,LOT-369623,1404/11/11 10:56:00,2500,27,2473,EMP-003
FLOG-000314,LINE-A,ORD-1404-0031,30,RES-0201-100K,LOT-625931,1404/11/11 14:17:00,10000,303,9697,EMP-004
FLOG-000315,LINE-A,ORD-1404-0031,48,RES-0402-100K,LOT-974727,1404/11/11 14:17:00,5000,301,4699,EMP-004
FLOG-000316,LINE-A,ORD-1404-0031,59,DIO-1N4148,LOT-143067,1404/11/11 14:17:00,5000,300,4700,EMP-004
FLOG-000317,LINE-A,ORD-1404-0031,20,RES-0402-10R,LOT-293399,1404/11/11 14:17:00,10000,318,9682,EMP-004
FLOG-000318,LINE-A,ORD-1404-0031,21,DIO-LED-0603-GRN,LOT-872085,1404/11/11 14:17:00,5000,334,4666,EMP-004
FLOG-000319,LINE-A,ORD-1404-0031,23,RES-0402-10R,LOT-591824,1404/11/11 14:17:00,2500,313,2187,EMP-004
FLOG-000320,LINE-A,ORD-1404-0031,32,CAP-0201-10pF,LOT-397051,1404/11/11 14:17:00,5000,324,4676,EMP-004
FLOG-000321,LINE-A,ORD-1404-0031,34,RES-0201-1K,LOT-362185,1404/11/11 14:17:00,5000,306,4694,EMP-004
FLOG-000322,LINE-A,ORD-1404-0031,43,IC-SOIC-MCU-ATMEGA328,LOT-655142,1404/11/11 14:17:00,2500,312,2188,EMP-004
FLOG-000323,LINE-A,ORD-1404-0031,5,RES-0402-100R,LOT-414397,1404/11/11 14:17:00,4000,317,3683,EMP-004
FLOG-000324,LINE-A,ORD-1404-0031,54,IC-BGA-PMIC-MULTI,LOT-707211,1404/11/11 14:17:00,4000,315,3685,EMP-004
FLOG-000325,LINE-B,ORD-1404-0032,55,RES-0402-100K,LOT-678268,1404/11/09 13:32:00,2500,22,2478,EMP-006
FLOG-000326,LINE-B,ORD-1404-0032,46,CAP-0201-100nF,LOT-536407,1404/11/09 13:32:00,4000,22,3978,EMP-006
FLOG-000327,LINE-B,ORD-1404-0032,22,CAP-0603-100nF,LOT-399016,1404/11/09 13:32:00,10000,21,9979,EMP-006
FLOG-000328,LINE-B,ORD-1404-0032,11,CAP-0201-10pF,LOT-861786,1404/11/09 13:32:00,2500,21,2479,EMP-006
FLOG-000329,LINE-B,ORD-1404-0032,38,DIO-1N4148,LOT-920813,1404/11/09 13:32:00,5000,21,4979,EMP-006
FLOG-000330,LINE-B,ORD-1404-0032,36,IC-SOIC-MCU-ATMEGA328,LOT-673947,1404/11/09 13:32:00,2500,22,2478,EMP-006
FLOG-000331,LINE-B,ORD-1404-0032,23,DIO-1N4148,LOT-244553,1404/11/09 13:32:00,10000,23,9977,EMP-006
FLOG-000332,LINE-B,ORD-1404-0032,30,RES-0402-330R,LOT-108167,1404/11/09 13:32:00,5000,21,4979,EMP-006
FLOG-000333,LINE-B,ORD-1404-0032,53,CAP-0201-10pF,LOT-762935,1404/11/09 13:32:00,4000,23,3977,EMP-006
FLOG-000334,LINE-B,ORD-1404-0032,52,IC-SOIC-MCU-STM32F1,LOT-492515,1404/11/09 13:32:00,4000,22,3978,EMP-006
FLOG-000335,LINE-B,ORD-1404-0032,3,RES-0402-100K,LOT-746015,1404/11/09 13:32:00,10000,21,9979,EMP-006
FLOG-000336,LINE-B,ORD-1404-0032,56,RES-0402-22R,LOT-927327,1404/11/09 13:32:00,5000,21,4979,EMP-006
FLOG-000337,LINE-B,ORD-1404-0032,18,RES-0201-1K,LOT-901726,1404/11/09 13:32:00,4000,24,3976,EMP-006
FLOG-000338,LINE-B,ORD-1404-0032,15,RES-0402-10K,LOT-309513,1404/11/09 13:32:00,5000,23,4977,EMP-006
FLOG-000339,LINE-B,ORD-1404-0032,27,CONN-TERM-BLOCK-3P,LOT-827447,1404/11/09 13:32:00,10000,21,9979,EMP-006
FLOG-000340,LINE-B,ORD-1404-0033,45,IC-SOIC-PMIC-BUCK1A,LOT-608155,1404/11/11 09:44:00,5000,30,4970,EMP-009
FLOG-000341,LINE-B,ORD-1404-0033,19,CAP-0603-22pF,LOT-316354,1404/11/11 09:44:00,2500,32,2468,EMP-009
FLOG-000342,LINE-B,ORD-1404-0033,35,RES-0201-100K,LOT-324455,1404/11/11 09:44:00,5000,31,4969,EMP-009
FLOG-000343,LINE-B,ORD-1404-0033,8,IC-SOIC-MCU-STM32F1,LOT-918273,1404/11/11 09:44:00,2500,32,2468,EMP-009
FLOG-000344,LINE-B,ORD-1404-0033,6,RES-0201-100K,LOT-973709,1404/11/11 09:44:00,2500,31,2469,EMP-009
FLOG-000345,LINE-B,ORD-1404-0033,50,RES-0402-4K7,LOT-103580,1404/11/11 09:44:00,2500,29,2471,EMP-009
FLOG-000346,LINE-B,ORD-1404-0033,3,RES-0402-100K,LOT-544889,1404/11/11 09:44:00,4000,29,3971,EMP-009
FLOG-000347,LINE-B,ORD-1404-0033,9,CAP-0201-100nF,LOT-703224,1404/11/11 09:44:00,4000,30,3970,EMP-009
FLOG-000348,LINE-B,ORD-1404-0033,15,CONN-USB-C,LOT-701280,1404/11/11 09:44:00,2500,32,2468,EMP-009
FLOG-000349,LINE-B,ORD-1404-0034,43,IC-SOIC-EEPROM-24C02,LOT-498522,1404/11/09 14:43:00,4000,21,3979,EMP-009
FLOG-000350,LINE-B,ORD-1404-0034,33,RES-0402-1K,LOT-558398,1404/11/09 14:43:00,5000,20,4980,EMP-009
FLOG-000351,LINE-B,ORD-1404-0034,31,CAP-0201-10pF,LOT-287956,1404/11/09 14:43:00,5000,21,4979,EMP-009
FLOG-000352,LINE-B,ORD-1404-0034,50,RES-0402-10K,LOT-851099,1404/11/09 14:43:00,10000,20,9980,EMP-009
FLOG-000353,LINE-B,ORD-1404-0034,32,DIO-SS14,LOT-995404,1404/11/09 14:43:00,10000,20,9980,EMP-009
FLOG-000354,LINE-B,ORD-1404-0034,36,DIO-SS14,LOT-397622,1404/11/09 14:43:00,4000,20,3980,EMP-009
FLOG-000355,LINE-B,ORD-1404-0034,8,RES-0402-330R,LOT-905861,1404/11/09 14:43:00,2500,20,2480,EMP-009
FLOG-000356,LINE-B,ORD-1404-0034,7,DIO-1N4148,LOT-443018,1404/11/09 14:43:00,5000,21,4979,EMP-009
FLOG-000357,LINE-B,ORD-1404-0034,46,CAP-0603-100pF,LOT-509795,1404/11/09 14:43:00,2500,21,2479,EMP-009
FLOG-000358,LINE-B,ORD-1404-0034,35,CONN-TERM-BLOCK-3P,LOT-980355,1404/11/09 14:43:00,5000,20,4980,EMP-009
FLOG-000359,LINE-B,ORD-1404-0035,22,IC-SOIC-OPAMP-DUAL,LOT-839550,1404/11/11 07:00:00,10000,23,9977,EMP-006
FLOG-000360,LINE-B,ORD-1404-0035,26,CAP-0603-100nF,LOT-178718,1404/11/11 07:00:00,10000,21,9979,EMP-006
FLOG-000361,LINE-B,ORD-1404-0035,44,IC-SOIC-MCU-STM32F1,LOT-971610,1404/11/11 07:00:00,5000,22,4978,EMP-006
FLOG-000362,LINE-B,ORD-1404-0035,37,RES-0402-100R,LOT-343323,1404/11/11 07:00:00,2500,21,2479,EMP-006
FLOG-000363,LINE-B,ORD-1404-0035,39,IC-SOIC-EEPROM-24C02,LOT-364528,1404/11/11 07:00:00,2500,21,2479,EMP-006
FLOG-000364,LINE-B,ORD-1404-0035,53,IC-SOIC-MCU-STM32F1,LOT-618743,1404/11/11 07:00:00,5000,21,4979,EMP-006
FLOG-000365,LINE-B,ORD-1404-0035,60,IC-SOIC-MCU-STM32F1,LOT-515482,1404/11/11 07:00:00,2500,23,2477,EMP-006
FLOG-000366,LINE-B,ORD-1404-0035,46,CAP-0201-10pF,LOT-875376,1404/11/11 07:00:00,10000,22,9978,EMP-006
FLOG-000367,LINE-B,ORD-1404-0035,52,RES-0402-100R,LOT-142533,1404/11/11 07:00:00,10000,21,9979,EMP-006
FLOG-000368,LINE-B,ORD-1404-0036,40,RES-0402-10K,LOT-998584,1404/11/12 13:09:00,10000,13,9987,EMP-006
FLOG-000369,LINE-B,ORD-1404-0036,12,RES-0402-1K,LOT-756034,1404/11/12 13:09:00,5000,13,4987,EMP-006
FLOG-000370,LINE-B,ORD-1404-0036,23,IC-SOIC-OPAMP-DUAL,LOT-823984,1404/11/12 13:09:00,2500,13,2487,EMP-006
FLOG-000371,LINE-B,ORD-1404-0036,37,DIO-LED-0603-RED,LOT-324985,1404/11/12 13:09:00,4000,14,3986,EMP-006
FLOG-000372,LINE-B,ORD-1404-0036,17,CAP-0201-10pF,LOT-959928,1404/11/12 13:09:00,4000,13,3987,EMP-006
FLOG-000373,LINE-B,ORD-1404-0036,27,DIO-1N4148,LOT-422267,1404/11/12 13:09:00,2500,13,2487,EMP-006
FLOG-000374,LINE-B,ORD-1404-0036,32,IC-SOIC-PMIC-BUCK1A,LOT-760921,1404/11/12 13:09:00,5000,14,4986,EMP-006
FLOG-000375,LINE-B,ORD-1404-0036,30,DIO-LED-0603-RED,LOT-742437,1404/11/12 13:09:00,2500,13,2487,EMP-006
FLOG-000376,LINE-B,ORD-1404-0036,47,CONN-TERM-BLOCK-3P,LOT-518063,1404/11/12 13:09:00,5000,14,4986,EMP-006
FLOG-000377,LINE-A,ORD-1404-0037,6,CAP-0603-100nF,LOT-637274,1404/11/11 10:37:00,10000,53,9947,EMP-002
FLOG-000378,LINE-A,ORD-1404-0037,5,IC-SOIC-EEPROM-24C02,LOT-626668,1404/11/11 10:37:00,2500,49,2451,EMP-002
FLOG-000379,LINE-A,ORD-1404-0037,55,IC-SOIC-TXRX-RS485,LOT-257503,1404/11/11 10:37:00,2500,50,2450,EMP-002
FLOG-000380,LINE-A,ORD-1404-0037,10,IC-SOIC-MCU-STM32F1,LOT-451753,1404/11/11 10:37:00,5000,52,4948,EMP-002
FLOG-000381,LINE-A,ORD-1404-0037,40,RES-0402-10R,LOT-204773,1404/11/11 10:37:00,10000,48,9952,EMP-002
FLOG-000382,LINE-A,ORD-1404-0037,51,IC-SOIC-PMIC-BUCK1A,LOT-789216,1404/11/11 10:37:00,5000,53,4947,EMP-002
FLOG-000383,LINE-A,ORD-1404-0037,34,RES-0402-22R,LOT-312751,1404/11/11 10:37:00,5000,51,4949,EMP-002
FLOG-000384,LINE-A,ORD-1404-0037,60,RES-0402-10R,LOT-901118,1404/11/11 10:37:00,2500,54,2446,EMP-002
FLOG-000385,LINE-A,ORD-1404-0037,43,CAP-0603-100pF,LOT-635589,1404/11/11 10:37:00,5000,52,4948,EMP-002
FLOG-000386,LINE-A,ORD-1404-0037,46,CAP-0603-100pF,LOT-975580,1404/11/11 10:37:00,10000,53,9947,EMP-002
FLOG-000387,LINE-A,ORD-1404-0037,41,RES-0402-1K,LOT-881446,1404/11/11 10:37:00,5000,52,4948,EMP-002
FLOG-000388,LINE-A,ORD-1404-0037,23,IC-SOIC-OPAMP-DUAL,LOT-448491,1404/11/11 10:37:00,10000,50,9950,EMP-002
FLOG-000389,LINE-B,ORD-1404-0038,1,RES-0402-10K,LOT-530532,1404/11/15 12:29:00,5000,59,4941,EMP-006
FLOG-000390,LINE-B,ORD-1404-0038,8,IC-SOIC-TXRX-RS485,LOT-221201,1404/11/15 12:29:00,4000,55,3945,EMP-006
FLOG-000391,LINE-B,ORD-1404-0038,48,DIO-LED-0603-GRN,LOT-326455,1404/11/15 12:29:00,5000,58,4942,EMP-006
FLOG-000392,LINE-B,ORD-1404-0038,31,RES-0201-1K,LOT-204471,1404/11/15 12:29:00,2500,59,2441,EMP-006
FLOG-000393,LINE-B,ORD-1404-0038,34,RES-0201-1K,LOT-651350,1404/11/15 12:29:00,5000,56,4944,EMP-006
FLOG-000394,LINE-B,ORD-1404-0038,19,RES-0402-100K,LOT-933557,1404/11/15 12:29:00,10000,59,9941,EMP-006
FLOG-000395,LINE-B,ORD-1404-0038,2,CAP-0201-10pF,LOT-523341,1404/11/15 12:29:00,5000,53,4947,EMP-006
FLOG-000396,LINE-B,ORD-1404-0038,36,RES-0402-22R,LOT-104448,1404/11/15 12:29:00,10000,53,9947,EMP-006
FLOG-000397,LINE-B,ORD-1404-0038,9,CAP-0201-100nF,LOT-881804,1404/11/15 12:29:00,2500,53,2447,EMP-006
FLOG-000398,LINE-B,ORD-1404-0038,5,CAP-0603-10uF,LOT-772983,1404/11/15 12:29:00,10000,57,9943,EMP-006
FLOG-000399,LINE-B,ORD-1404-0038,11,RES-0201-47K,LOT-869631,1404/11/15 12:29:00,10000,54,9946,EMP-006
FLOG-000400,LINE-B,ORD-1404-0038,23,RES-0402-22R,LOT-755913,1404/11/15 12:29:00,4000,58,3942,EMP-006
FLOG-000401,LINE-B,ORD-1404-0038,20,CONN-USB-C,LOT-948587,1404/11/15 12:29:00,2500,52,2448,EMP-006
FLOG-000402,LINE-B,ORD-1404-0039,9,CAP-0603-10uF,LOT-126312,1404/11/16 13:33:00,10000,62,9938,EMP-010
FLOG-000403,LINE-B,ORD-1404-0039,8,IC-SOIC-MCU-STM32F1,LOT-626721,1404/11/16 13:33:00,10000,64,9936,EMP-010
FLOG-000404,LINE-B,ORD-1404-0039,16,DIO-SS14,LOT-586907,1404/11/16 13:33:00,4000,62,3938,EMP-010
FLOG-000405,LINE-B,ORD-1404-0039,1,RES-0201-1K,LOT-943764,1404/11/16 13:33:00,5000,64,4936,EMP-010
FLOG-000406,LINE-B,ORD-1404-0039,55,IC-SOIC-EEPROM-24C02,LOT-579543,1404/11/16 13:33:00,2500,63,2437,EMP-010
FLOG-000407,LINE-B,ORD-1404-0039,18,RES-0402-100R,LOT-377670,1404/11/16 13:33:00,4000,70,3930,EMP-010
FLOG-000408,LINE-B,ORD-1404-0039,31,IC-BGA-DDR3-2G,LOT-723940,1404/11/16 13:33:00,5000,65,4935,EMP-010
FLOG-000409,LINE-B,ORD-1404-0039,46,CONN-HDR-2P,LOT-510631,1404/11/16 13:33:00,10000,71,9929,EMP-010
FLOG-000410,LINE-B,ORD-1404-0040,37,IC-SOIC-PMIC-BUCK1A,LOT-514019,1404/11/14 11:09:00,10000,49,9951,EMP-007
FLOG-000411,LINE-B,ORD-1404-0040,47,IC-SOIC-EEPROM-24C02,LOT-870518,1404/11/14 11:09:00,4000,56,3944,EMP-007
FLOG-000412,LINE-B,ORD-1404-0040,14,DIO-LED-0603-RED,LOT-526257,1404/11/14 11:09:00,2500,56,2444,EMP-007
FLOG-000413,LINE-B,ORD-1404-0040,1,RES-0402-10K,LOT-769988,1404/11/14 11:09:00,10000,52,9948,EMP-007
FLOG-000414,LINE-B,ORD-1404-0040,7,DIO-SS14,LOT-287365,1404/11/14 11:09:00,10000,56,9944,EMP-007
FLOG-000415,LINE-B,ORD-1404-0040,57,RES-0201-47K,LOT-427097,1404/11/14 11:09:00,2500,49,2451,EMP-007
FLOG-000416,LINE-B,ORD-1404-0040,60,CAP-0201-10pF,LOT-375555,1404/11/14 11:09:00,10000,56,9944,EMP-007
FLOG-000417,LINE-B,ORD-1404-0040,41,CAP-0201-100nF,LOT-621415,1404/11/14 11:09:00,4000,55,3945,EMP-007
FLOG-000418,LINE-B,ORD-1404-0040,34,RES-0402-10R,LOT-367228,1404/11/14 11:09:00,5000,49,4951,EMP-007
FLOG-000419,LINE-A,ORD-1404-0041,24,CAP-0603-100nF,LOT-357671,1404/11/18 07:00:00,10000,57,9943,EMP-001
FLOG-000420,LINE-A,ORD-1404-0041,1,CAP-0603-22pF,LOT-860667,1404/11/18 07:00:00,5000,58,4942,EMP-001
FLOG-000421,LINE-A,ORD-1404-0041,8,RES-0201-10K,LOT-683024,1404/11/18 07:00:00,5000,58,4942,EMP-001
FLOG-000422,LINE-A,ORD-1404-0041,48,RES-0201-47K,LOT-184006,1404/11/18 07:00:00,10000,56,9944,EMP-001
FLOG-000423,LINE-A,ORD-1404-0041,10,RES-0402-10R,LOT-969435,1404/11/18 07:00:00,5000,56,4944,EMP-001
FLOG-000424,LINE-A,ORD-1404-0041,3,DIO-1N4148,LOT-723948,1404/11/18 07:00:00,2500,57,2443,EMP-001
FLOG-000425,LINE-A,ORD-1404-0041,16,RES-0402-330R,LOT-370332,1404/11/18 07:00:00,5000,57,4943,EMP-001
FLOG-000426,LINE-A,ORD-1404-0041,20,RES-0402-1K,LOT-272564,1404/11/18 07:00:00,5000,61,4939,EMP-001
FLOG-000427,LINE-A,ORD-1404-0041,15,RES-0402-22R,LOT-155004,1404/11/18 07:00:00,2500,56,2444,EMP-001
FLOG-000428,LINE-A,ORD-1404-0041,2,RES-0402-100K,LOT-295813,1404/11/18 07:00:00,2500,59,2441,EMP-001
FLOG-000429,LINE-B,ORD-1404-0042,37,IC-SOIC-EEPROM-24C02,LOT-221998,1404/11/15 14:51:00,4000,47,3953,EMP-009
FLOG-000430,LINE-B,ORD-1404-0042,5,RES-0402-1K,LOT-589173,1404/11/15 14:51:00,5000,47,4953,EMP-009
FLOG-000431,LINE-B,ORD-1404-0042,39,IC-SOIC-TXRX-RS485,LOT-366608,1404/11/15 14:51:00,2500,49,2451,EMP-009
FLOG-000432,LINE-B,ORD-1404-0042,38,IC-SOIC-PMIC-BUCK1A,LOT-300753,1404/11/15 14:51:00,10000,51,9949,EMP-009
FLOG-000433,LINE-B,ORD-1404-0042,59,RES-0201-1K,LOT-779879,1404/11/15 14:51:00,4000,48,3952,EMP-009
FLOG-000434,LINE-B,ORD-1404-0042,17,DIO-SS14,LOT-497373,1404/11/15 14:51:00,5000,47,4953,EMP-009
FLOG-000435,LINE-B,ORD-1404-0042,57,CAP-0603-4.7uF,LOT-947133,1404/11/15 14:51:00,10000,50,9950,EMP-009
FLOG-000436,LINE-B,ORD-1404-0042,55,IC-SOIC-MCU-ATMEGA328,LOT-955582,1404/11/15 14:51:00,10000,51,9949,EMP-009
FLOG-000437,LINE-B,ORD-1404-0042,44,DIO-1N4148,LOT-885898,1404/11/15 14:51:00,4000,50,3950,EMP-009
FLOG-000438,LINE-B,ORD-1404-0042,11,CAP-0201-100nF,LOT-672739,1404/11/15 14:51:00,10000,51,9949,EMP-009
FLOG-000439,LINE-B,ORD-1404-0042,36,DIO-LED-0603-RED,LOT-239793,1404/11/15 14:51:00,4000,46,3954,EMP-009
FLOG-000440,LINE-B,ORD-1404-0042,8,IC-SOIC-PMIC-BUCK1A,LOT-692411,1404/11/15 14:51:00,5000,45,4955,EMP-009
FLOG-000441,LINE-B,ORD-1404-0042,15,IC-BGA-DDR3-2G,LOT-134918,1404/11/15 14:51:00,10000,48,9952,EMP-009
FLOG-000442,LINE-B,ORD-1404-0042,1,CONN-USB-C,LOT-515557,1404/11/15 14:51:00,5000,47,4953,EMP-009
FLOG-000443,LINE-A,ORD-1404-0043,26,CAP-0603-4.7uF,LOT-511918,1404/11/18 07:02:00,4000,84,3916,EMP-002
FLOG-000444,LINE-A,ORD-1404-0043,5,RES-0402-100K,LOT-666309,1404/11/18 07:02:00,2500,87,2413,EMP-002
FLOG-000445,LINE-A,ORD-1404-0043,11,RES-0402-10R,LOT-568904,1404/11/18 07:02:00,5000,87,4913,EMP-002
FLOG-000446,LINE-A,ORD-1404-0043,6,IC-SOIC-MCU-STM32F1,LOT-648871,1404/11/18 07:02:00,4000,82,3918,EMP-002
FLOG-000447,LINE-A,ORD-1404-0043,21,DIO-1N4148,LOT-904474,1404/11/18 07:02:00,5000,84,4916,EMP-002
FLOG-000448,LINE-A,ORD-1404-0043,47,CAP-0603-10uF,LOT-704908,1404/11/18 07:02:00,5000,77,4923,EMP-002
FLOG-000449,LINE-A,ORD-1404-0043,54,RES-0402-10R,LOT-607381,1404/11/18 07:02:00,2500,82,2418,EMP-002
FLOG-000450,LINE-A,ORD-1404-0043,15,CONN-HDR-4P,LOT-677529,1404/11/18 07:02:00,2500,83,2417,EMP-002
FLOG-000451,LINE-B,ORD-1404-0044,39,IC-SOIC-MCU-STM32F1,LOT-597329,1404/11/18 09:35:00,5000,34,4966,EMP-007
FLOG-000452,LINE-B,ORD-1404-0044,35,IC-SOIC-PMIC-BUCK1A,LOT-314615,1404/11/18 09:35:00,5000,33,4967,EMP-007
FLOG-000453,LINE-B,ORD-1404-0044,48,DIO-1N4148,LOT-731812,1404/11/18 09:35:00,2500,36,2464,EMP-007
FLOG-000454,LINE-B,ORD-1404-0044,24,IC-SOIC-EEPROM-24C02,LOT-455774,1404/11/18 09:35:00,10000,33,9967,EMP-007
FLOG-000455,LINE-B,ORD-1404-0044,37,DIO-LED-0603-GRN,LOT-439541,1404/11/18 09:35:00,10000,35,9965,EMP-007
FLOG-000456,LINE-B,ORD-1404-0044,7,RES-0402-100K,LOT-698312,1404/11/18 09:35:00,5000,35,4965,EMP-007
FLOG-000457,LINE-B,ORD-1404-0044,41,CONN-HDR-2P,LOT-229439,1404/11/18 09:35:00,2500,36,2464,EMP-007
FLOG-000458,LINE-B,ORD-1404-0045,44,IC-SOIC-TXRX-RS485,LOT-440899,1404/11/18 13:50:00,10000,27,9973,EMP-006
FLOG-000459,LINE-B,ORD-1404-0045,37,CAP-0603-100nF,LOT-985544,1404/11/18 13:50:00,2500,28,2472,EMP-006
FLOG-000460,LINE-B,ORD-1404-0045,23,RES-0201-100K,LOT-841312,1404/11/18 13:50:00,4000,27,3973,EMP-006
FLOG-000461,LINE-B,ORD-1404-0045,26,IC-SOIC-EEPROM-24C02,LOT-592956,1404/11/18 13:50:00,4000,28,3972,EMP-006
FLOG-000462,LINE-B,ORD-1404-0045,47,CAP-0603-100nF,LOT-907619,1404/11/18 13:50:00,5000,26,4974,EMP-006
FLOG-000463,LINE-B,ORD-1404-0045,43,IC-SOIC-MCU-ATMEGA328,LOT-768272,1404/11/18 13:50:00,4000,27,3973,EMP-006
FLOG-000464,LINE-B,ORD-1404-0045,31,RES-0402-1K,LOT-151178,1404/11/18 13:50:00,2500,25,2475,EMP-006
FLOG-000465,LINE-B,ORD-1404-0045,50,RES-0402-10K,LOT-916114,1404/11/18 13:50:00,10000,27,9973,EMP-006
FLOG-000466,LINE-B,ORD-1404-0045,55,RES-0201-47K,LOT-176356,1404/11/18 13:50:00,2500,25,2475,EMP-006
FLOG-000467,LINE-B,ORD-1404-0045,14,DIO-LED-0603-RED,LOT-340851,1404/11/18 13:50:00,5000,27,4973,EMP-006
FLOG-000468,LINE-B,ORD-1404-0045,54,RES-0402-4K7,LOT-916038,1404/11/18 13:50:00,2500,27,2473,EMP-006
FLOG-000469,LINE-B,ORD-1404-0046,13,CAP-0603-100nF,LOT-990664,1404/11/18 07:00:00,4000,5,3995,EMP-007
FLOG-000470,LINE-B,ORD-1404-0046,33,RES-0201-47K,LOT-678153,1404/11/18 07:00:00,2500,5,2495,EMP-007
FLOG-000471,LINE-B,ORD-1404-0046,43,CAP-0603-4.7uF,LOT-139880,1404/11/18 07:00:00,4000,5,3995,EMP-007
FLOG-000472,LINE-B,ORD-1404-0046,36,RES-0201-1K,LOT-537187,1404/11/18 07:00:00,2500,5,2495,EMP-007
FLOG-000473,LINE-B,ORD-1404-0046,58,RES-0402-4K7,LOT-241144,1404/11/18 07:00:00,10000,5,9995,EMP-007
FLOG-000474,LINE-B,ORD-1404-0046,31,DIO-SS14,LOT-876424,1404/11/18 07:00:00,4000,5,3995,EMP-007
FLOG-000475,LINE-B,ORD-1404-0046,23,DIO-LED-0603-GRN,LOT-315467,1404/11/18 07:00:00,4000,5,3995,EMP-007
FLOG-000476,LINE-B,ORD-1404-0046,35,CAP-0603-4.7uF,LOT-787811,1404/11/18 07:00:00,4000,5,3995,EMP-007
FLOG-000477,LINE-B,ORD-1404-0046,49,DIO-1N4148,LOT-853631,1404/11/18 07:00:00,5000,5,4995,EMP-007
FLOG-000478,LINE-B,ORD-1404-0046,41,RES-0201-100K,LOT-909623,1404/11/18 07:00:00,5000,5,4995,EMP-007
FLOG-000479,LINE-B,ORD-1404-0046,57,CAP-0201-100nF,LOT-199455,1404/11/18 07:00:00,5000,5,4995,EMP-007
FLOG-000480,LINE-B,ORD-1404-0047,21,IC-SOIC-MCU-ATMEGA328,LOT-793265,1404/11/19 07:48:00,5000,23,4977,EMP-009
FLOG-000481,LINE-B,ORD-1404-0047,43,IC-SOIC-EEPROM-24C02,LOT-366561,1404/11/19 07:48:00,2500,23,2477,EMP-009
FLOG-000482,LINE-B,ORD-1404-0047,6,DIO-SS14,LOT-204340,1404/11/19 07:48:00,2500,25,2475,EMP-009
FLOG-000483,LINE-B,ORD-1404-0047,13,RES-0402-100R,LOT-385122,1404/11/19 07:48:00,10000,22,9978,EMP-009
FLOG-000484,LINE-B,ORD-1404-0047,49,DIO-LED-0603-RED,LOT-783032,1404/11/19 07:48:00,10000,23,9977,EMP-009
FLOG-000485,LINE-B,ORD-1404-0047,53,IC-SOIC-TXRX-RS485,LOT-853661,1404/11/19 07:48:00,4000,24,3976,EMP-009
FLOG-000486,LINE-B,ORD-1404-0047,60,RES-0402-1K,LOT-178869,1404/11/19 07:48:00,10000,25,9975,EMP-009
FLOG-000487,LINE-B,ORD-1404-0047,19,RES-0402-22R,LOT-610223,1404/11/19 07:48:00,2500,22,2478,EMP-009
FLOG-000488,LINE-B,ORD-1404-0047,32,RES-0402-100K,LOT-986086,1404/11/19 07:48:00,10000,24,9976,EMP-009
FLOG-000489,LINE-B,ORD-1404-0048,7,RES-0402-4K7,LOT-931117,1404/11/21 11:04:00,4000,158,3842,EMP-007
FLOG-000490,LINE-B,ORD-1404-0048,53,CAP-0603-10uF,LOT-975710,1404/11/21 11:04:00,10000,169,9831,EMP-007
FLOG-000491,LINE-B,ORD-1404-0048,58,RES-0402-100K,LOT-115258,1404/11/21 11:04:00,5000,155,4845,EMP-007
FLOG-000492,LINE-B,ORD-1404-0048,41,CAP-0603-10uF,LOT-982841,1404/11/21 11:04:00,2500,167,2333,EMP-007
FLOG-000493,LINE-B,ORD-1404-0048,50,IC-SOIC-EEPROM-24C02,LOT-215842,1404/11/21 11:04:00,5000,156,4844,EMP-007
FLOG-000494,LINE-B,ORD-1404-0048,19,IC-SOIC-OPAMP-DUAL,LOT-251657,1404/11/21 11:04:00,5000,154,4846,EMP-007
FLOG-000495,LINE-B,ORD-1404-0048,10,RES-0201-47K,LOT-369932,1404/11/21 11:04:00,2500,170,2330,EMP-007
FLOG-000496,LINE-B,ORD-1404-0048,25,IC-SOIC-EEPROM-24C02,LOT-295049,1404/11/21 11:04:00,5000,161,4839,EMP-007
FLOG-000497,LINE-B,ORD-1404-0048,3,RES-0402-10K,LOT-375529,1404/11/21 11:04:00,4000,157,3843,EMP-007
FLOG-000498,LINE-B,ORD-1404-0048,39,RES-0402-4K7,LOT-365197,1404/11/21 11:04:00,4000,168,3832,EMP-007
FLOG-000499,LINE-B,ORD-1404-0048,42,CAP-0603-10uF,LOT-642284,1404/11/21 11:04:00,2500,157,2343,EMP-007
FLOG-000500,LINE-B,ORD-1404-0048,20,RES-0402-22R,LOT-202475,1404/11/21 11:04:00,4000,168,3832,EMP-007
FLOG-000501,LINE-B,ORD-1404-0048,2,CONN-USB-C,LOT-444139,1404/11/21 11:04:00,5000,170,4830,EMP-007
FLOG-000502,LINE-A,ORD-1404-0049,23,IC-SOIC-OPAMP-DUAL,LOT-500401,1404/11/22 08:25:00,10000,83,9917,EMP-004
FLOG-000503,LINE-A,ORD-1404-0049,47,IC-SOIC-PMIC-BUCK1A,LOT-830139,1404/11/22 08:25:00,2500,80,2420,EMP-004
FLOG-000504,LINE-A,ORD-1404-0049,26,RES-0402-4K7,LOT-864416,1404/11/22 08:25:00,2500,79,2421,EMP-004
FLOG-000505,LINE-A,ORD-1404-0049,30,CAP-0603-100pF,LOT-278549,1404/11/22 08:25:00,2500,79,2421,EMP-004
FLOG-000506,LINE-A,ORD-1404-0049,45,DIO-LED-0603-GRN,LOT-837892,1404/11/22 08:25:00,2500,77,2423,EMP-004
FLOG-000507,LINE-A,ORD-1404-0049,14,IC-SOIC-OPAMP-DUAL,LOT-841420,1404/11/22 08:25:00,5000,77,4923,EMP-004
FLOG-000508,LINE-A,ORD-1404-0049,36,RES-0201-100K,LOT-741463,1404/11/22 08:25:00,5000,82,4918,EMP-004
FLOG-000509,LINE-A,ORD-1404-0049,33,CAP-0603-100nF,LOT-758855,1404/11/22 08:25:00,10000,82,9918,EMP-004
FLOG-000510,LINE-A,ORD-1404-0049,10,RES-0402-22R,LOT-571557,1404/11/22 08:25:00,10000,82,9918,EMP-004
FLOG-000511,LINE-A,ORD-1404-0049,31,RES-0402-1K,LOT-791446,1404/11/22 08:25:00,5000,83,4917,EMP-004
FLOG-000512,LINE-A,ORD-1404-0049,4,CONN-HDR-4P,LOT-518825,1404/11/22 08:25:00,10000,84,9916,EMP-004
FLOG-000513,LINE-A,ORD-1404-0050,42,DIO-LED-0603-GRN,LOT-217129,1404/11/20 14:36:00,5000,29,4971,EMP-004
FLOG-000514,LINE-A,ORD-1404-0050,30,CAP-0201-10pF,LOT-218112,1404/11/20 14:36:00,5000,29,4971,EMP-004
FLOG-000515,LINE-A,ORD-1404-0050,21,DIO-1N4148,LOT-549825,1404/11/20 14:36:00,4000,27,3973,EMP-004
FLOG-000516,LINE-A,ORD-1404-0050,58,RES-0402-22R,LOT-446522,1404/11/20 14:36:00,4000,29,3971,EMP-004
FLOG-000517,LINE-A,ORD-1404-0050,52,IC-SOIC-MCU-ATMEGA328,LOT-840318,1404/11/20 14:36:00,4000,30,3970,EMP-004
FLOG-000518,LINE-A,ORD-1404-0050,1,CAP-0603-22pF,LOT-525497,1404/11/20 14:36:00,2500,29,2471,EMP-004
FLOG-000519,LINE-A,ORD-1404-0050,60,RES-0402-100R,LOT-869349,1404/11/20 14:36:00,10000,27,9973,EMP-004
FLOG-000520,LINE-A,ORD-1404-0050,4,CAP-0603-1uF,LOT-770201,1404/11/20 14:36:00,10000,28,9972,EMP-004
FLOG-000521,LINE-A,ORD-1404-0050,22,RES-0402-10R,LOT-300576,1404/11/20 14:36:00,4000,29,3971,EMP-004
FLOG-000522,LINE-A,ORD-1404-0050,34,CAP-0603-100nF,LOT-427236,1404/11/20 14:36:00,4000,30,3970,EMP-004
FLOG-000523,LINE-A,ORD-1404-0050,49,DIO-SS14,LOT-230256,1404/11/20 14:36:00,4000,27,3973,EMP-004
FLOG-000524,LINE-A,ORD-1404-0050,35,RES-0402-100R,LOT-536207,1404/11/20 14:36:00,4000,29,3971,EMP-004
FLOG-000525,LINE-A,ORD-1404-0051,6,CAP-0603-22pF,LOT-713209,1404/11/22 11:39:00,10000,906,9094,EMP-002
FLOG-000526,LINE-A,ORD-1404-0051,60,RES-0201-1K,LOT-180247,1404/11/22 11:39:00,10000,960,9040,EMP-002
FLOG-000527,LINE-A,ORD-1404-0051,28,CAP-0603-100nF,LOT-496756,1404/11/22 11:39:00,10000,962,9038,EMP-002
FLOG-000528,LINE-A,ORD-1404-0051,9,CAP-0201-100nF,LOT-222366,1404/11/22 11:39:00,10000,851,9149,EMP-002
FLOG-000529,LINE-A,ORD-1404-0051,59,IC-SOIC-TXRX-RS485,LOT-641969,1404/11/22 11:39:00,5000,974,4026,EMP-002
FLOG-000530,LINE-A,ORD-1404-0051,38,IC-SOIC-TXRX-RS485,LOT-630931,1404/11/22 11:39:00,2500,921,1579,EMP-002
FLOG-000531,LINE-A,ORD-1404-0051,19,RES-0402-330R,LOT-473819,1404/11/22 11:39:00,5000,878,4122,EMP-002
FLOG-000532,LINE-A,ORD-1404-0051,8,RES-0201-47K,LOT-548865,1404/11/22 11:39:00,10000,895,9105,EMP-002
FLOG-000533,LINE-A,ORD-1404-0051,31,CAP-0603-1uF,LOT-341588,1404/11/22 11:39:00,10000,876,9124,EMP-002
FLOG-000534,LINE-A,ORD-1404-0051,21,IC-SOIC-EEPROM-24C02,LOT-114052,1404/11/22 11:39:00,2500,872,1628,EMP-002
FLOG-000535,LINE-A,ORD-1404-0051,14,RES-0201-10K,LOT-386986,1404/11/22 11:39:00,5000,946,4054,EMP-002
FLOG-000536,LINE-B,ORD-1404-0052,29,DIO-LED-0603-GRN,LOT-392974,1404/11/20 10:31:00,5000,87,4913,EMP-009
FLOG-000537,LINE-B,ORD-1404-0052,49,RES-0402-22R,LOT-288584,1404/11/20 10:31:00,5000,90,4910,EMP-009
FLOG-000538,LINE-B,ORD-1404-0052,32,RES-0402-10R,LOT-117506,1404/11/20 10:31:00,2500,97,2403,EMP-009
FLOG-000539,LINE-B,ORD-1404-0052,3,CAP-0603-100nF,LOT-717989,1404/11/20 10:31:00,10000,92,9908,EMP-009
FLOG-000540,LINE-B,ORD-1404-0052,34,CAP-0603-100nF,LOT-241650,1404/11/20 10:31:00,2500,96,2404,EMP-009
FLOG-000541,LINE-B,ORD-1404-0052,12,RES-0402-1K,LOT-568322,1404/11/20 10:31:00,2500,86,2414,EMP-009
FLOG-000542,LINE-B,ORD-1404-0052,39,IC-SOIC-PMIC-BUCK1A,LOT-749262,1404/11/20 10:31:00,10000,90,9910,EMP-009
FLOG-000543,LINE-B,ORD-1404-0052,33,RES-0402-10K,LOT-895087,1404/11/20 10:31:00,5000,90,4910,EMP-009
FLOG-000544,LINE-B,ORD-1404-0052,9,CAP-0201-100nF,LOT-238395,1404/11/20 10:31:00,10000,87,9913,EMP-009
FLOG-000545,LINE-B,ORD-1404-0052,24,RES-0402-330R,LOT-860182,1404/11/20 10:31:00,4000,95,3905,EMP-009
FLOG-000546,LINE-B,ORD-1404-0052,25,RES-0402-10K,LOT-989613,1404/11/20 10:31:00,5000,93,4907,EMP-009
FLOG-000547,LINE-B,ORD-1404-0052,8,IC-BGA-PMIC-MULTI,LOT-539073,1404/11/20 10:31:00,5000,96,4904,EMP-009
FLOG-000548,LINE-B,ORD-1404-0052,46,RES-0402-100R,LOT-667619,1404/11/20 10:31:00,4000,92,3908,EMP-009
FLOG-000549,LINE-B,ORD-1404-0053,36,RES-0402-1K,LOT-355619,1404/11/20 14:55:00,10000,242,9758,EMP-006
FLOG-000550,LINE-B,ORD-1404-0053,11,CAP-0603-10uF,LOT-925988,1404/11/20 14:55:00,5000,267,4733,EMP-006
FLOG-000551,LINE-B,ORD-1404-0053,26,IC-SOIC-MCU-ATMEGA328,LOT-330718,1404/11/20 14:55:00,2500,243,2257,EMP-006
FLOG-000552,LINE-B,ORD-1404-0053,39,RES-0201-10K,LOT-840622,1404/11/20 14:55:00,5000,271,4729,EMP-006
FLOG-000553,LINE-B,ORD-1404-0053,21,CAP-0201-10pF,LOT-643623,1404/11/20 14:55:00,4000,253,3747,EMP-006
FLOG-000554,LINE-B,ORD-1404-0053,16,RES-0402-100K,LOT-693274,1404/11/20 14:55:00,10000,251,9749,EMP-006
FLOG-000555,LINE-B,ORD-1404-0053,31,RES-0402-10K,LOT-158651,1404/11/20 14:55:00,5000,250,4750,EMP-006
FLOG-000556,LINE-B,ORD-1404-0053,54,CONN-TERM-BLOCK-3P,LOT-166618,1404/11/20 14:55:00,2500,249,2251,EMP-006
FLOG-000557,LINE-A,ORD-1404-0054,45,DIO-LED-0603-RED,LOT-624360,1404/11/21 14:01:00,10000,12,9988,EMP-005
FLOG-000558,LINE-A,ORD-1404-0054,32,IC-SOIC-EEPROM-24C02,LOT-491307,1404/11/21 14:01:00,10000,12,9988,EMP-005
FLOG-000559,LINE-A,ORD-1404-0054,55,RES-0402-10K,LOT-614953,1404/11/21 14:01:00,5000,12,4988,EMP-005
FLOG-000560,LINE-A,ORD-1404-0054,53,RES-0402-4K7,LOT-657171,1404/11/21 14:01:00,5000,13,4987,EMP-005
FLOG-000561,LINE-A,ORD-1404-0054,6,CAP-0603-4.7uF,LOT-965736,1404/11/21 14:01:00,2500,12,2488,EMP-005
FLOG-000562,LINE-A,ORD-1404-0054,26,CAP-0603-1uF,LOT-799071,1404/11/21 14:01:00,4000,12,3988,EMP-005
FLOG-000563,LINE-A,ORD-1404-0054,48,RES-0402-4K7,LOT-837304,1404/11/21 14:01:00,5000,13,4987,EMP-005
FLOG-000564,LINE-A,ORD-1404-0054,4,RES-0402-4K7,LOT-405933,1404/11/21 14:01:00,2500,12,2488,EMP-005
FLOG-000565,LINE-A,ORD-1404-0054,49,CAP-0603-100nF,LOT-236905,1404/11/21 14:01:00,10000,12,9988,EMP-005
FLOG-000566,LINE-A,ORD-1404-0054,7,CONN-TERM-BLOCK-3P,LOT-952958,1404/11/21 14:01:00,2500,12,2488,EMP-005
FLOG-000567,LINE-B,ORD-1404-0055,32,RES-0402-1K,LOT-302420,1404/11/21 14:34:00,2500,95,2405,EMP-006
FLOG-000568,LINE-B,ORD-1404-0055,31,IC-SOIC-PMIC-BUCK1A,LOT-916353,1404/11/21 14:34:00,10000,94,9906,EMP-006
FLOG-000569,LINE-B,ORD-1404-0055,28,RES-0402-100R,LOT-903346,1404/11/21 14:34:00,4000,92,3908,EMP-006
FLOG-000570,LINE-B,ORD-1404-0055,18,CAP-0603-22pF,LOT-814896,1404/11/21 14:34:00,4000,102,3898,EMP-006
FLOG-000571,LINE-B,ORD-1404-0055,4,IC-SOIC-MCU-ATMEGA328,LOT-617725,1404/11/21 14:34:00,2500,98,2402,EMP-006
FLOG-000572,LINE-B,ORD-1404-0055,10,CAP-0603-22pF,LOT-990719,1404/11/21 14:34:00,4000,90,3910,EMP-006
FLOG-000573,LINE-B,ORD-1404-0055,54,RES-0402-100K,LOT-231208,1404/11/21 14:34:00,5000,93,4907,EMP-006
FLOG-000574,LINE-B,ORD-1404-0055,26,RES-0402-4K7,LOT-417194,1404/11/21 14:34:00,10000,103,9897,EMP-006
FLOG-000575,LINE-B,ORD-1404-0055,53,CAP-0201-10pF,LOT-341336,1404/11/21 14:34:00,5000,90,4910,EMP-006
FLOG-000576,LINE-B,ORD-1404-0055,1,CAP-0603-4.7uF,LOT-829902,1404/11/21 14:34:00,10000,91,9909,EMP-006
FLOG-000577,LINE-B,ORD-1404-0055,7,IC-SOIC-EEPROM-24C02,LOT-498340,1404/11/21 14:34:00,5000,102,4898,EMP-006
FLOG-000578,LINE-B,ORD-1404-0055,9,IC-SOIC-PMIC-BUCK1A,LOT-382446,1404/11/21 14:34:00,5000,99,4901,EMP-006
FLOG-000579,LINE-B,ORD-1404-0055,27,IC-SOIC-MCU-ATMEGA328,LOT-367191,1404/11/21 14:34:00,5000,100,4900,EMP-006
FLOG-000580,LINE-B,ORD-1404-0056,19,DIO-LED-0603-RED,LOT-595760,1404/11/21 13:43:00,10000,37,9963,EMP-010
FLOG-000581,LINE-B,ORD-1404-0056,53,IC-SOIC-OPAMP-DUAL,LOT-791928,1404/11/21 13:43:00,2500,35,2465,EMP-010
FLOG-000582,LINE-B,ORD-1404-0056,43,CAP-0603-100nF,LOT-266704,1404/11/21 13:43:00,5000,35,4965,EMP-010
FLOG-000583,LINE-B,ORD-1404-0056,10,RES-0402-10R,LOT-304188,1404/11/21 13:43:00,5000,34,4966,EMP-010
FLOG-000584,LINE-B,ORD-1404-0056,49,RES-0201-1K,LOT-453028,1404/11/21 13:43:00,5000,34,4966,EMP-010
FLOG-000585,LINE-B,ORD-1404-0056,4,RES-0402-10R,LOT-874918,1404/11/21 13:43:00,2500,36,2464,EMP-010
FLOG-000586,LINE-B,ORD-1404-0056,30,IC-SOIC-TXRX-RS485,LOT-248902,1404/11/21 13:43:00,2500,36,2464,EMP-010
FLOG-000587,LINE-B,ORD-1404-0056,36,RES-0402-22R,LOT-955528,1404/11/21 13:43:00,10000,33,9967,EMP-010
FLOG-000588,LINE-B,ORD-1404-0056,1,RES-0201-100K,LOT-212580,1404/11/21 13:43:00,10000,37,9963,EMP-010
FLOG-000589,LINE-B,ORD-1404-0056,22,RES-0402-100K,LOT-255781,1404/11/21 13:43:00,10000,35,9965,EMP-010
FLOG-000590,LINE-B,ORD-1404-0056,31,RES-0402-4K7,LOT-443904,1404/11/21 13:43:00,4000,36,3964,EMP-010
FLOG-000591,LINE-B,ORD-1404-0056,20,CONN-HDR-4P,LOT-846705,1404/11/21 13:43:00,10000,34,9966,EMP-010
FLOG-000592,LINE-B,ORD-1404-0057,21,IC-SOIC-PMIC-BUCK1A,LOT-616217,1404/11/25 07:00:00,10000,84,9916,EMP-008
FLOG-000593,LINE-B,ORD-1404-0057,59,CAP-0603-100nF,LOT-435905,1404/11/25 07:00:00,10000,88,9912,EMP-008
FLOG-000594,LINE-B,ORD-1404-0057,32,IC-SOIC-MCU-STM32F1,LOT-693548,1404/11/25 07:00:00,4000,90,3910,EMP-008
FLOG-000595,LINE-B,ORD-1404-0057,6,DIO-LED-0603-RED,LOT-971188,1404/11/25 07:00:00,4000,83,3917,EMP-008
FLOG-000596,LINE-B,ORD-1404-0057,43,RES-0402-4K7,LOT-936275,1404/11/25 07:00:00,4000,91,3909,EMP-008
FLOG-000597,LINE-B,ORD-1404-0057,40,IC-SOIC-PMIC-BUCK1A,LOT-736606,1404/11/25 07:00:00,4000,89,3911,EMP-008
FLOG-000598,LINE-B,ORD-1404-0057,26,RES-0201-1K,LOT-491640,1404/11/25 07:00:00,5000,89,4911,EMP-008
FLOG-000599,LINE-B,ORD-1404-0057,41,CAP-0603-10uF,LOT-716225,1404/11/25 07:00:00,10000,80,9920,EMP-008
FLOG-000600,LINE-B,ORD-1404-0057,50,DIO-LED-0603-RED,LOT-919531,1404/11/25 07:00:00,2500,91,2409,EMP-008
FLOG-000601,LINE-A,ORD-1404-0058,23,DIO-SS14,LOT-750787,1404/11/23 11:51:00,5000,62,4938,EMP-003
FLOG-000602,LINE-A,ORD-1404-0058,36,DIO-1N4148,LOT-734739,1404/11/23 11:51:00,4000,58,3942,EMP-003
FLOG-000603,LINE-A,ORD-1404-0058,46,CAP-0603-1uF,LOT-108018,1404/11/23 11:51:00,10000,65,9935,EMP-003
FLOG-000604,LINE-A,ORD-1404-0058,19,RES-0402-100R,LOT-705246,1404/11/23 11:51:00,4000,62,3938,EMP-003
FLOG-000605,LINE-A,ORD-1404-0058,60,CAP-0603-4.7uF,LOT-214347,1404/11/23 11:51:00,5000,58,4942,EMP-003
FLOG-000606,LINE-A,ORD-1404-0058,34,DIO-LED-0603-GRN,LOT-193289,1404/11/23 11:51:00,10000,66,9934,EMP-003
FLOG-000607,LINE-A,ORD-1404-0058,56,IC-SOIC-MCU-STM32F1,LOT-713138,1404/11/23 11:51:00,5000,62,4938,EMP-003
FLOG-000608,LINE-A,ORD-1404-0058,3,CAP-0603-100nF,LOT-307542,1404/11/23 11:51:00,4000,60,3940,EMP-003
FLOG-000609,LINE-A,ORD-1404-0058,47,CONN-HDR-2P,LOT-385772,1404/11/23 11:51:00,4000,58,3942,EMP-003
FLOG-000610,LINE-B,ORD-1404-0059,43,CAP-0201-10pF,LOT-817625,1404/11/23 08:13:00,2500,97,2403,EMP-006
FLOG-000611,LINE-B,ORD-1404-0059,17,IC-SOIC-PMIC-BUCK1A,LOT-343109,1404/11/23 08:13:00,5000,100,4900,EMP-006
FLOG-000612,LINE-B,ORD-1404-0059,24,RES-0402-100R,LOT-752954,1404/11/23 08:13:00,4000,95,3905,EMP-006
FLOG-000613,LINE-B,ORD-1404-0059,31,RES-0402-4K7,LOT-748464,1404/11/23 08:13:00,5000,91,4909,EMP-006
FLOG-000614,LINE-B,ORD-1404-0059,50,CAP-0603-4.7uF,LOT-705866,1404/11/23 08:13:00,2500,103,2397,EMP-006
FLOG-000615,LINE-B,ORD-1404-0059,52,DIO-1N4148,LOT-156443,1404/11/23 08:13:00,4000,99,3901,EMP-006
FLOG-000616,LINE-B,ORD-1404-0059,2,IC-SOIC-TXRX-RS485,LOT-228288,1404/11/23 08:13:00,5000,97,4903,EMP-006
FLOG-000617,LINE-B,ORD-1404-0059,11,RES-0402-10R,LOT-163915,1404/11/23 08:13:00,2500,100,2400,EMP-006
FLOG-000618,LINE-B,ORD-1404-0059,19,IC-BGA-SOC-IMX6,LOT-131951,1404/11/23 08:13:00,10000,98,9902,EMP-006
FLOG-000619,LINE-B,ORD-1404-0059,42,CONN-USB-C,LOT-625324,1404/11/23 08:13:00,4000,103,3897,EMP-006
FLOG-000620,LINE-B,ORD-1404-0060,24,IC-SOIC-TXRX-RS485,LOT-124812,1404/11/25 07:00:00,2500,336,2164,EMP-009
FLOG-000621,LINE-B,ORD-1404-0060,55,RES-0402-100R,LOT-306483,1404/11/25 07:00:00,5000,308,4692,EMP-009
FLOG-000622,LINE-B,ORD-1404-0060,39,CAP-0603-4.7uF,LOT-577591,1404/11/25 07:00:00,10000,308,9692,EMP-009
FLOG-000623,LINE-B,ORD-1404-0060,13,RES-0402-330R,LOT-579409,1404/11/25 07:00:00,5000,334,4666,EMP-009
FLOG-000624,LINE-B,ORD-1404-0060,60,RES-0201-100K,LOT-446540,1404/11/25 07:00:00,10000,317,9683,EMP-009
FLOG-000625,LINE-B,ORD-1404-0060,5,IC-SOIC-PMIC-BUCK1A,LOT-159843,1404/11/25 07:00:00,4000,306,3694,EMP-009
FLOG-000626,LINE-B,ORD-1404-0060,16,IC-SOIC-PMIC-BUCK1A,LOT-214408,1404/11/25 07:00:00,10000,306,9694,EMP-009
FLOG-000627,LINE-B,ORD-1404-0060,4,RES-0402-100R,LOT-756196,1404/11/25 07:00:00,2500,335,2165,EMP-009
FLOG-000628,LINE-B,ORD-1404-0060,44,RES-0402-1K,LOT-282364,1404/11/25 07:00:00,4000,320,3680,EMP-009
FLOG-000629,LINE-B,ORD-1404-0060,56,CAP-0603-100pF,LOT-982310,1404/11/25 07:00:00,10000,324,9676,EMP-009
FLOG-000630,LINE-B,ORD-1404-0060,32,CONN-USB-C,LOT-777305,1404/11/25 07:00:00,5000,328,4672,EMP-009
FLOG-000631,LINE-B,ORD-1404-0061,57,CAP-0201-100nF,LOT-278921,1404/11/22 11:34:00,4000,28,3972,EMP-007
FLOG-000632,LINE-B,ORD-1404-0061,47,RES-0402-100K,LOT-925839,1404/11/22 11:34:00,10000,30,9970,EMP-007
FLOG-000633,LINE-B,ORD-1404-0061,22,RES-0402-100K,LOT-445641,1404/11/22 11:34:00,4000,31,3969,EMP-007
FLOG-000634,LINE-B,ORD-1404-0061,15,RES-0402-100K,LOT-839650,1404/11/22 11:34:00,10000,31,9969,EMP-007
FLOG-000635,LINE-B,ORD-1404-0061,50,CAP-0603-22pF,LOT-471889,1404/11/22 11:34:00,10000,28,9972,EMP-007
FLOG-000636,LINE-B,ORD-1404-0061,8,IC-SOIC-PMIC-BUCK1A,LOT-461297,1404/11/22 11:34:00,2500,31,2469,EMP-007
FLOG-000637,LINE-B,ORD-1404-0061,58,RES-0402-10R,LOT-658775,1404/11/22 11:34:00,5000,29,4971,EMP-007
FLOG-000638,LINE-B,ORD-1404-0061,31,IC-SOIC-MCU-ATMEGA328,LOT-234699,1404/11/22 11:34:00,5000,31,4969,EMP-007
FLOG-000639,LINE-B,ORD-1404-0061,26,CONN-TERM-BLOCK-3P,LOT-747329,1404/11/22 11:34:00,5000,32,4968,EMP-007
FLOG-000640,LINE-A,ORD-1404-0062,15,RES-0402-4K7,LOT-686416,1404/11/23 08:03:00,2500,35,2465,EMP-005
FLOG-000641,LINE-A,ORD-1404-0062,59,RES-0201-10K,LOT-206469,1404/11/23 08:03:00,5000,35,4965,EMP-005
FLOG-000642,LINE-A,ORD-1404-0062,16,CAP-0201-10pF,LOT-569471,1404/11/23 08:03:00,5000,39,4961,EMP-005
FLOG-000643,LINE-A,ORD-1404-0062,10,CAP-0201-100nF,LOT-266094,1404/11/23 08:03:00,4000,37,3963,EMP-005
FLOG-000644,LINE-A,ORD-1404-0062,35,IC-SOIC-TXRX-RS485,LOT-639317,1404/11/23 08:03:00,2500,36,2464,EMP-005
FLOG-000645,LINE-A,ORD-1404-0062,8,RES-0201-100K,LOT-415618,1404/11/23 08:03:00,2500,37,2463,EMP-005
FLOG-000646,LINE-A,ORD-1404-0062,2,RES-0402-100R,LOT-892333,1404/11/23 08:03:00,5000,38,4962,EMP-005
FLOG-000647,LINE-A,ORD-1404-0062,42,CAP-0603-10uF,LOT-210665,1404/11/23 08:03:00,2500,35,2465,EMP-005
FLOG-000648,LINE-A,ORD-1404-0062,32,RES-0402-100R,LOT-311271,1404/11/23 08:03:00,5000,38,4962,EMP-005
FLOG-000649,LINE-A,ORD-1404-0062,50,RES-0402-22R,LOT-500807,1404/11/23 08:03:00,5000,37,4963,EMP-005
FLOG-000650,LINE-A,ORD-1404-0062,47,DIO-1N4148,LOT-856712,1404/11/23 08:03:00,2500,38,2462,EMP-005
FLOG-000651,LINE-A,ORD-1404-0062,30,RES-0402-100R,LOT-288373,1404/11/23 08:03:00,4000,40,3960,EMP-005
FLOG-000652,LINE-A,ORD-1404-0062,3,RES-0201-10K,LOT-413566,1404/11/23 08:03:00,4000,37,3963,EMP-005
FLOG-000653,LINE-A,ORD-1404-0062,29,RES-0402-100K,LOT-825192,1404/11/23 08:03:00,2500,36,2464,EMP-005
FLOG-000654,LINE-A,ORD-1404-0062,22,CONN-TERM-BLOCK-3P,LOT-330769,1404/11/23 08:03:00,5000,38,4962,EMP-005
FLOG-000655,LINE-A,ORD-1404-0063,37,CAP-0603-1uF,LOT-426692,1404/11/26 07:29:00,4000,42,3958,EMP-001
FLOG-000656,LINE-A,ORD-1404-0063,19,RES-0402-330R,LOT-364110,1404/11/26 07:29:00,4000,42,3958,EMP-001
FLOG-000657,LINE-A,ORD-1404-0063,56,IC-SOIC-PMIC-BUCK1A,LOT-296216,1404/11/26 07:29:00,2500,43,2457,EMP-001
FLOG-000658,LINE-A,ORD-1404-0063,30,RES-0402-100K,LOT-648087,1404/11/26 07:29:00,4000,42,3958,EMP-001
FLOG-000659,LINE-A,ORD-1404-0063,39,RES-0402-4K7,LOT-379137,1404/11/26 07:29:00,10000,44,9956,EMP-001
FLOG-000660,LINE-A,ORD-1404-0063,24,CAP-0603-1uF,LOT-289405,1404/11/26 07:29:00,10000,45,9955,EMP-001
FLOG-000661,LINE-A,ORD-1404-0063,31,RES-0402-22R,LOT-796573,1404/11/26 07:29:00,5000,42,4958,EMP-001
FLOG-000662,LINE-A,ORD-1404-0063,53,IC-SOIC-TXRX-RS485,LOT-320092,1404/11/26 07:29:00,5000,41,4959,EMP-001
FLOG-000663,LINE-A,ORD-1404-0063,20,DIO-LED-0603-GRN,LOT-914459,1404/11/26 07:29:00,2500,42,2458,EMP-001
FLOG-000664,LINE-A,ORD-1404-0063,43,RES-0402-1K,LOT-357384,1404/11/26 07:29:00,10000,42,9958,EMP-001
FLOG-000665,LINE-A,ORD-1404-0063,41,IC-BGA-PMIC-MULTI,LOT-765185,1404/11/26 07:29:00,10000,46,9954,EMP-001
FLOG-000666,LINE-A,ORD-1404-0063,7,CONN-USB-C,LOT-643765,1404/11/26 07:29:00,10000,44,9956,EMP-001
FLOG-000667,LINE-A,ORD-1404-0064,7,RES-0402-10K,LOT-628952,1404/11/25 07:00:00,4000,49,3951,EMP-004
FLOG-000668,LINE-A,ORD-1404-0064,12,CAP-0603-4.7uF,LOT-349428,1404/11/25 07:00:00,5000,47,4953,EMP-004
FLOG-000669,LINE-A,ORD-1404-0064,3,RES-0402-100K,LOT-677407,1404/11/25 07:00:00,10000,48,9952,EMP-004
FLOG-000670,LINE-A,ORD-1404-0064,25,RES-0201-100K,LOT-885466,1404/11/25 07:00:00,10000,47,9953,EMP-004
FLOG-000671,LINE-A,ORD-1404-0064,41,CAP-0603-10uF,LOT-706944,1404/11/25 07:00:00,4000,51,3949,EMP-004
FLOG-000672,LINE-A,ORD-1404-0064,48,IC-SOIC-EEPROM-24C02,LOT-569103,1404/11/25 07:00:00,4000,49,3951,EMP-004
FLOG-000673,LINE-A,ORD-1404-0064,21,RES-0402-10R,LOT-142005,1404/11/25 07:00:00,4000,47,3953,EMP-004
FLOG-000674,LINE-A,ORD-1404-0064,36,IC-SOIC-TXRX-RS485,LOT-414097,1404/11/25 07:00:00,10000,47,9953,EMP-004
FLOG-000675,LINE-A,ORD-1404-0064,27,RES-0201-1K,LOT-378943,1404/11/25 07:00:00,10000,50,9950,EMP-004
FLOG-000676,LINE-A,ORD-1404-0064,44,DIO-SS14,LOT-452387,1404/11/25 07:00:00,4000,51,3949,EMP-004
FLOG-000677,LINE-A,ORD-1404-0064,11,CONN-TERM-BLOCK-3P,LOT-107216,1404/11/25 07:00:00,4000,50,3950,EMP-004
FLOG-000678,LINE-B,ORD-1404-0065,56,CAP-0201-100nF,LOT-479369,1404/11/25 13:49:00,4000,260,3740,EMP-009
FLOG-000679,LINE-B,ORD-1404-0065,6,RES-0201-1K,LOT-751151,1404/11/25 13:49:00,2500,270,2230,EMP-009
FLOG-000680,LINE-B,ORD-1404-0065,11,IC-SOIC-MCU-STM32F1,LOT-239164,1404/11/25 13:49:00,4000,250,3750,EMP-009
FLOG-000681,LINE-B,ORD-1404-0065,1,CAP-0603-1uF,LOT-399102,1404/11/25 13:49:00,10000,260,9740,EMP-009
FLOG-000682,LINE-B,ORD-1404-0065,47,CAP-0201-100nF,LOT-229322,1404/11/25 13:49:00,10000,277,9723,EMP-009
FLOG-000683,LINE-B,ORD-1404-0065,32,IC-SOIC-OPAMP-DUAL,LOT-910688,1404/11/25 13:49:00,2500,263,2237,EMP-009
FLOG-000684,LINE-B,ORD-1404-0065,24,IC-SOIC-TXRX-RS485,LOT-709013,1404/11/25 13:49:00,4000,261,3739,EMP-009
FLOG-000685,LINE-B,ORD-1404-0065,25,RES-0402-330R,LOT-889166,1404/11/25 13:49:00,5000,279,4721,EMP-009
FLOG-000686,LINE-B,ORD-1404-0065,53,IC-SOIC-TXRX-RS485,LOT-156919,1404/11/25 13:49:00,5000,270,4730,EMP-009
FLOG-000687,LINE-B,ORD-1404-0065,26,CAP-0603-10uF,LOT-101720,1404/11/25 13:49:00,10000,248,9752,EMP-009
FLOG-000688,LINE-B,ORD-1404-0065,42,DIO-SS14,LOT-701853,1404/11/25 13:49:00,10000,259,9741,EMP-009
FLOG-000689,LINE-B,ORD-1404-0065,30,CAP-0603-100pF,LOT-732688,1404/11/25 13:49:00,5000,248,4752,EMP-009
FLOG-000690,LINE-B,ORD-1404-0065,52,RES-0201-1K,LOT-739176,1404/11/25 13:49:00,4000,270,3730,EMP-009
FLOG-000691,LINE-B,ORD-1404-0065,51,DIO-LED-0603-RED,LOT-396754,1404/11/25 13:49:00,2500,254,2246,EMP-009
FLOG-000692,LINE-B,ORD-1404-0065,10,IC-BGA-DDR3-2G,LOT-713497,1404/11/25 13:49:00,4000,256,3744,EMP-009
FLOG-000693,LINE-B,ORD-1404-0065,36,CONN-TERM-BLOCK-3P,LOT-578003,1404/11/25 13:49:00,4000,249,3751,EMP-009
FLOG-000694,LINE-A,ORD-1404-0066,2,RES-0201-10K,LOT-339667,1404/11/25 10:04:00,2500,42,2458,EMP-003
FLOG-000695,LINE-A,ORD-1404-0066,5,CAP-0603-10uF,LOT-485315,1404/11/25 10:04:00,10000,44,9956,EMP-003
FLOG-000696,LINE-A,ORD-1404-0066,59,CAP-0603-22pF,LOT-351020,1404/11/25 10:04:00,5000,44,4956,EMP-003
FLOG-000697,LINE-A,ORD-1404-0066,42,RES-0201-10K,LOT-948874,1404/11/25 10:04:00,10000,46,9954,EMP-003
FLOG-000698,LINE-A,ORD-1404-0066,8,DIO-LED-0603-RED,LOT-248656,1404/11/25 10:04:00,4000,42,3958,EMP-003
FLOG-000699,LINE-A,ORD-1404-0066,18,CAP-0201-10pF,LOT-649177,1404/11/25 10:04:00,2500,46,2454,EMP-003
FLOG-000700,LINE-A,ORD-1404-0066,17,IC-SOIC-TXRX-RS485,LOT-157961,1404/11/25 10:04:00,4000,45,3955,EMP-003
FLOG-000701,LINE-A,ORD-1404-0066,25,IC-SOIC-EEPROM-24C02,LOT-392751,1404/11/25 10:04:00,10000,43,9957,EMP-003
FLOG-000702,LINE-A,ORD-1404-0066,34,CAP-0603-10uF,LOT-968099,1404/11/25 10:04:00,2500,43,2457,EMP-003
FLOG-000703,LINE-A,ORD-1404-0066,19,RES-0402-100R,LOT-900567,1404/11/25 10:04:00,10000,43,9957,EMP-003
FLOG-000704,LINE-A,ORD-1404-0066,1,RES-0201-47K,LOT-405480,1404/11/25 10:04:00,4000,47,3953,EMP-003
FLOG-000705,LINE-A,ORD-1404-0066,9,CAP-0603-22pF,LOT-334946,1404/11/25 10:04:00,4000,47,3953,EMP-003
FLOG-000706,LINE-A,ORD-1404-0066,57,RES-0402-330R,LOT-827408,1404/11/25 10:04:00,4000,43,3957,EMP-003
FLOG-000707,LINE-A,ORD-1404-0066,48,IC-BGA-DDR3-2G,LOT-608327,1404/11/25 10:04:00,10000,44,9956,EMP-003
FLOG-000708,LINE-A,ORD-1404-0066,12,RES-0402-100K,LOT-474864,1404/11/25 10:04:00,10000,44,9956,EMP-003
FLOG-000709,LINE-B,ORD-1404-0067,33,CAP-0603-100nF,LOT-364977,1404/11/29 12:10:00,4000,66,3934,EMP-007
FLOG-000710,LINE-B,ORD-1404-0067,34,DIO-1N4148,LOT-482281,1404/11/29 12:10:00,2500,67,2433,EMP-007
FLOG-000711,LINE-B,ORD-1404-0067,15,IC-SOIC-EEPROM-24C02,LOT-389790,1404/11/29 12:10:00,10000,68,9932,EMP-007
FLOG-000712,LINE-B,ORD-1404-0067,19,CAP-0603-100pF,LOT-787993,1404/11/29 12:10:00,2500,65,2435,EMP-007
FLOG-000713,LINE-B,ORD-1404-0067,21,RES-0402-100K,LOT-900579,1404/11/29 12:10:00,10000,63,9937,EMP-007
FLOG-000714,LINE-B,ORD-1404-0067,48,IC-SOIC-PMIC-BUCK1A,LOT-339608,1404/11/29 12:10:00,10000,63,9937,EMP-007
FLOG-000715,LINE-A,ORD-1404-0068,25,RES-0201-47K,LOT-197763,1404/11/29 10:15:00,5000,70,4930,EMP-003
FLOG-000716,LINE-A,ORD-1404-0068,60,RES-0201-1K,LOT-556840,1404/11/29 10:15:00,2500,72,2428,EMP-003
FLOG-000717,LINE-A,ORD-1404-0068,35,IC-SOIC-EEPROM-24C02,LOT-245905,1404/11/29 10:15:00,4000,70,3930,EMP-003
FLOG-000718,LINE-A,ORD-1404-0068,32,RES-0402-10K,LOT-858348,1404/11/29 10:15:00,5000,65,4935,EMP-003
FLOG-000719,LINE-A,ORD-1404-0068,8,CAP-0603-100nF,LOT-823960,1404/11/29 10:15:00,10000,71,9929,EMP-003
FLOG-000720,LINE-A,ORD-1404-0068,22,CAP-0603-1uF,LOT-471508,1404/11/29 10:15:00,2500,66,2434,EMP-003
FLOG-000721,LINE-A,ORD-1404-0068,14,CAP-0603-4.7uF,LOT-107461,1404/11/29 10:15:00,2500,64,2436,EMP-003
FLOG-000722,LINE-A,ORD-1404-0068,20,CAP-0603-4.7uF,LOT-789225,1404/11/29 10:15:00,5000,66,4934,EMP-003
FLOG-000723,LINE-A,ORD-1404-0068,41,RES-0402-10R,LOT-231557,1404/11/29 10:15:00,5000,67,4933,EMP-003
FLOG-000724,LINE-A,ORD-1404-0068,11,RES-0402-22R,LOT-535153,1404/11/29 10:15:00,10000,64,9936,EMP-003
FLOG-000725,LINE-A,ORD-1404-0068,23,RES-0402-10R,LOT-305336,1404/11/29 10:15:00,5000,71,4929,EMP-003
FLOG-000726,LINE-A,ORD-1404-0068,56,RES-0402-100K,LOT-457776,1404/11/29 10:15:00,10000,70,9930,EMP-003
FLOG-000727,LINE-A,ORD-1404-0068,39,RES-0402-100K,LOT-311740,1404/11/29 10:15:00,10000,71,9929,EMP-003
FLOG-000728,LINE-A,ORD-1404-0068,34,CONN-USB-C,LOT-839179,1404/11/29 10:15:00,2500,66,2434,EMP-003
FLOG-000729,LINE-B,ORD-1404-0069,31,RES-0402-10K,LOT-351922,1404/11/27 12:42:00,4000,9,3991,EMP-008
FLOG-000730,LINE-B,ORD-1404-0069,21,RES-0402-10R,LOT-322593,1404/11/27 12:42:00,4000,9,3991,EMP-008
FLOG-000731,LINE-B,ORD-1404-0069,11,RES-0201-1K,LOT-208276,1404/11/27 12:42:00,10000,9,9991,EMP-008
FLOG-000732,LINE-B,ORD-1404-0069,17,RES-0402-22R,LOT-599377,1404/11/27 12:42:00,2500,10,2490,EMP-008
FLOG-000733,LINE-B,ORD-1404-0069,57,CAP-0603-100nF,LOT-267445,1404/11/27 12:42:00,10000,9,9991,EMP-008
FLOG-000734,LINE-B,ORD-1404-0069,42,RES-0402-4K7,LOT-443040,1404/11/27 12:42:00,5000,9,4991,EMP-008
FLOG-000735,LINE-B,ORD-1404-0069,44,IC-SOIC-OPAMP-DUAL,LOT-272304,1404/11/27 12:42:00,5000,10,4990,EMP-008
FLOG-000736,LINE-B,ORD-1404-0069,55,RES-0201-10K,LOT-920151,1404/11/27 12:42:00,4000,9,3991,EMP-008
FLOG-000737,LINE-B,ORD-1404-0069,43,IC-SOIC-MCU-STM32F1,LOT-401287,1404/11/27 12:42:00,4000,9,3991,EMP-008
FLOG-000738,LINE-B,ORD-1404-0069,7,RES-0402-10K,LOT-889683,1404/11/27 12:42:00,4000,10,3990,EMP-008
FLOG-000739,LINE-B,ORD-1404-0069,19,IC-BGA-PMIC-MULTI,LOT-632212,1404/11/27 12:42:00,10000,9,9991,EMP-008
FLOG-000740,LINE-A,ORD-1404-0070,6,RES-0402-100R,LOT-328248,1404/11/30 10:41:00,10000,14,9986,EMP-002
FLOG-000741,LINE-A,ORD-1404-0070,11,RES-0201-47K,LOT-969317,1404/11/30 10:41:00,2500,15,2485,EMP-002
FLOG-000742,LINE-A,ORD-1404-0070,38,RES-0402-4K7,LOT-222296,1404/11/30 10:41:00,2500,15,2485,EMP-002
FLOG-000743,LINE-A,ORD-1404-0070,15,RES-0402-22R,LOT-175359,1404/11/30 10:41:00,2500,14,2486,EMP-002
FLOG-000744,LINE-A,ORD-1404-0070,22,CAP-0603-100nF,LOT-861584,1404/11/30 10:41:00,4000,14,3986,EMP-002
FLOG-000745,LINE-A,ORD-1404-0070,1,DIO-SS14,LOT-584454,1404/11/30 10:41:00,5000,14,4986,EMP-002
FLOG-000746,LINE-A,ORD-1404-0070,3,CONN-USB-C,LOT-869387,1404/11/30 10:41:00,10000,14,9986,EMP-002
FLOG-000747,LINE-B,ORD-1404-0071,19,IC-SOIC-MCU-ATMEGA328,LOT-341381,1404/11/29 12:29:00,5000,410,4590,EMP-007
FLOG-000748,LINE-B,ORD-1404-0071,12,RES-0201-10K,LOT-722040,1404/11/29 12:29:00,5000,415,4585,EMP-007
FLOG-000749,LINE-B,ORD-1404-0071,60,RES-0402-100R,LOT-265716,1404/11/29 12:29:00,5000,386,4614,EMP-007
FLOG-000750,LINE-B,ORD-1404-0071,1,CAP-0201-10pF,LOT-952783,1404/11/29 12:29:00,10000,396,9604,EMP-007
FLOG-000751,LINE-B,ORD-1404-0071,11,IC-SOIC-MCU-STM32F1,LOT-202116,1404/11/29 12:29:00,5000,432,4568,EMP-007
FLOG-000752,LINE-B,ORD-1404-0071,3,RES-0402-10K,LOT-511466,1404/11/29 12:29:00,2500,396,2104,EMP-007
FLOG-000753,LINE-B,ORD-1404-0071,37,RES-0402-4K7,LOT-375307,1404/11/29 12:29:00,2500,417,2083,EMP-007
FLOG-000754,LINE-B,ORD-1404-0071,30,CONN-USB-C,LOT-115469,1404/11/29 12:29:00,5000,419,4581,EMP-007
FLOG-000755,LINE-B,ORD-1404-0072,18,IC-SOIC-MCU-ATMEGA328,LOT-615028,1404/12/02 07:00:00,5000,32,4968,EMP-006
FLOG-000756,LINE-B,ORD-1404-0072,7,IC-SOIC-TXRX-RS485,LOT-720127,1404/12/02 07:00:00,10000,35,9965,EMP-006
FLOG-000757,LINE-B,ORD-1404-0072,17,IC-SOIC-PMIC-BUCK1A,LOT-238922,1404/12/02 07:00:00,10000,35,9965,EMP-006
FLOG-000758,LINE-B,ORD-1404-0072,5,RES-0201-10K,LOT-107005,1404/12/02 07:00:00,5000,32,4968,EMP-006
FLOG-000759,LINE-B,ORD-1404-0072,6,CAP-0201-100nF,LOT-370734,1404/12/02 07:00:00,4000,34,3966,EMP-006
FLOG-000760,LINE-B,ORD-1404-0072,37,RES-0201-1K,LOT-340020,1404/12/02 07:00:00,5000,36,4964,EMP-006
FLOG-000761,LINE-B,ORD-1404-0072,27,RES-0402-1K,LOT-486911,1404/12/02 07:00:00,10000,34,9966,EMP-006
FLOG-000762,LINE-B,ORD-1404-0072,43,CAP-0201-10pF,LOT-812533,1404/12/02 07:00:00,4000,36,3964,EMP-006
FLOG-000763,LINE-B,ORD-1404-0072,19,CAP-0201-100nF,LOT-493177,1404/12/02 07:00:00,5000,33,4967,EMP-006
FLOG-000764,LINE-B,ORD-1404-0072,32,RES-0402-100K,LOT-674160,1404/12/02 07:00:00,5000,32,4968,EMP-006
FLOG-000765,LINE-B,ORD-1404-0072,44,CONN-HDR-4P,LOT-207899,1404/12/02 07:00:00,4000,34,3966,EMP-006
FLOG-000766,LINE-A,ORD-1404-0073,52,RES-0402-330R,LOT-375537,1404/12/02 07:00:00,2500,190,2310,EMP-003
FLOG-000767,LINE-A,ORD-1404-0073,32,DIO-LED-0603-RED,LOT-346641,1404/12/02 07:00:00,5000,173,4827,EMP-003
FLOG-000768,LINE-A,ORD-1404-0073,22,RES-0402-1K,LOT-866008,1404/12/02 07:00:00,2500,191,2309,EMP-003
FLOG-000769,LINE-A,ORD-1404-0073,12,CAP-0603-1uF,LOT-284096,1404/12/02 07:00:00,2500,192,2308,EMP-003
FLOG-000770,LINE-A,ORD-1404-0073,30,RES-0201-47K,LOT-664368,1404/12/02 07:00:00,4000,172,3828,EMP-003
FLOG-000771,LINE-A,ORD-1404-0073,46,RES-0402-100K,LOT-308211,1404/12/02 07:00:00,10000,172,9828,EMP-003
FLOG-000772,LINE-A,ORD-1404-0073,20,IC-SOIC-PMIC-BUCK1A,LOT-605874,1404/12/02 07:00:00,4000,176,3824,EMP-003
FLOG-000773,LINE-A,ORD-1404-0073,48,RES-0402-10R,LOT-184146,1404/12/02 07:00:00,2500,182,2318,EMP-003
FLOG-000774,LINE-A,ORD-1404-0073,43,RES-0402-1K,LOT-689066,1404/12/02 07:00:00,4000,179,3821,EMP-003
FLOG-000775,LINE-A,ORD-1404-0073,9,CAP-0603-100pF,LOT-269177,1404/12/02 07:00:00,5000,187,4813,EMP-003
FLOG-000776,LINE-A,ORD-1404-0073,28,RES-0402-4K7,LOT-354429,1404/12/02 07:00:00,5000,193,4807,EMP-003
FLOG-000777,LINE-A,ORD-1404-0073,55,RES-0201-100K,LOT-259514,1404/12/02 07:00:00,2500,188,2312,EMP-003
FLOG-000778,LINE-A,ORD-1404-0073,47,IC-BGA-SOC-IMX6,LOT-155371,1404/12/02 07:00:00,2500,190,2310,EMP-003
FLOG-000779,LINE-A,ORD-1404-0073,26,CONN-TERM-BLOCK-3P,LOT-236408,1404/12/02 07:00:00,4000,188,3812,EMP-003
FLOG-000780,LINE-B,ORD-1404-0074,42,RES-0201-10K,LOT-733006,1404/12/02 12:20:00,5000,18,4982,EMP-009
FLOG-000781,LINE-B,ORD-1404-0074,25,IC-SOIC-OPAMP-DUAL,LOT-190790,1404/12/02 12:20:00,2500,20,2480,EMP-009
FLOG-000782,LINE-B,ORD-1404-0074,56,RES-0201-47K,LOT-417716,1404/12/02 12:20:00,2500,20,2480,EMP-009
FLOG-000783,LINE-B,ORD-1404-0074,22,CAP-0603-4.7uF,LOT-232346,1404/12/02 12:20:00,4000,19,3981,EMP-009
FLOG-000784,LINE-B,ORD-1404-0074,6,CAP-0603-100pF,LOT-109111,1404/12/02 12:20:00,2500,19,2481,EMP-009
FLOG-000785,LINE-B,ORD-1404-0074,17,RES-0402-10K,LOT-720784,1404/12/02 12:20:00,5000,19,4981,EMP-009
FLOG-000786,LINE-B,ORD-1404-0074,46,RES-0402-330R,LOT-532727,1404/12/02 12:20:00,4000,19,3981,EMP-009
FLOG-000787,LINE-B,ORD-1404-0074,24,RES-0201-47K,LOT-260276,1404/12/02 12:20:00,2500,19,2481,EMP-009
FLOG-000788,LINE-A,ORD-1404-0075,59,RES-0201-47K,LOT-788160,1404/12/02 09:45:00,4000,58,3942,EMP-003
FLOG-000789,LINE-A,ORD-1404-0075,1,RES-0402-100K,LOT-908423,1404/12/02 09:45:00,4000,54,3946,EMP-003
FLOG-000790,LINE-A,ORD-1404-0075,52,IC-SOIC-PMIC-BUCK1A,LOT-434883,1404/12/02 09:45:00,2500,60,2440,EMP-003
FLOG-000791,LINE-A,ORD-1404-0075,48,CAP-0603-1uF,LOT-394782,1404/12/02 09:45:00,5000,56,4944,EMP-003
FLOG-000792,LINE-A,ORD-1404-0075,8,CAP-0603-100pF,LOT-831301,1404/12/02 09:45:00,2500,59,2441,EMP-003
FLOG-000793,LINE-A,ORD-1404-0075,36,RES-0402-1K,LOT-426028,1404/12/02 09:45:00,10000,56,9944,EMP-003
FLOG-000794,LINE-A,ORD-1404-0076,33,RES-0402-330R,LOT-546342,1404/12/04 10:03:00,10000,30,9970,EMP-001
FLOG-000795,LINE-A,ORD-1404-0076,48,RES-0402-10R,LOT-675666,1404/12/04 10:03:00,2500,32,2468,EMP-001
FLOG-000796,LINE-A,ORD-1404-0076,32,CAP-0603-22pF,LOT-216038,1404/12/04 10:03:00,10000,30,9970,EMP-001
FLOG-000797,LINE-A,ORD-1404-0076,2,IC-SOIC-OPAMP-DUAL,LOT-527153,1404/12/04 10:03:00,2500,31,2469,EMP-001
FLOG-000798,LINE-A,ORD-1404-0076,11,RES-0402-10K,LOT-310623,1404/12/04 10:03:00,2500,31,2469,EMP-001
FLOG-000799,LINE-A,ORD-1404-0076,27,RES-0201-100K,LOT-945177,1404/12/04 10:03:00,4000,31,3969,EMP-001
FLOG-000800,LINE-A,ORD-1404-0076,24,CAP-0603-22pF,LOT-779799,1404/12/04 10:03:00,5000,31,4969,EMP-001
FLOG-000801,LINE-A,ORD-1404-0076,3,DIO-SS14,LOT-584859,1404/12/04 10:03:00,4000,30,3970,EMP-001
FLOG-000802,LINE-A,ORD-1404-0076,10,RES-0402-1K,LOT-937150,1404/12/04 10:03:00,5000,29,4971,EMP-001
FLOG-000803,LINE-B,ORD-1404-0077,50,RES-0402-10K,LOT-696855,1404/12/05 13:39:00,5000,32,4968,EMP-008
FLOG-000804,LINE-B,ORD-1404-0077,13,RES-0201-47K,LOT-417318,1404/12/05 13:39:00,2500,30,2470,EMP-008
FLOG-000805,LINE-B,ORD-1404-0077,11,CAP-0201-10pF,LOT-684801,1404/12/05 13:39:00,5000,30,4970,EMP-008
FLOG-000806,LINE-B,ORD-1404-0077,21,IC-SOIC-TXRX-RS485,LOT-647929,1404/12/05 13:39:00,4000,33,3967,EMP-008
FLOG-000807,LINE-B,ORD-1404-0077,16,IC-SOIC-OPAMP-DUAL,LOT-386640,1404/12/05 13:39:00,4000,32,3968,EMP-008
FLOG-000808,LINE-B,ORD-1404-0077,57,IC-SOIC-MCU-STM32F1,LOT-299705,1404/12/05 13:39:00,10000,33,9967,EMP-008
FLOG-000809,LINE-B,ORD-1404-0077,3,IC-SOIC-MCU-STM32F1,LOT-634710,1404/12/05 13:39:00,5000,31,4969,EMP-008
FLOG-000810,LINE-B,ORD-1404-0077,55,CAP-0201-10pF,LOT-725377,1404/12/05 13:39:00,4000,33,3967,EMP-008
FLOG-000811,LINE-B,ORD-1404-0077,54,RES-0402-22R,LOT-694546,1404/12/05 13:39:00,10000,30,9970,EMP-008
FLOG-000812,LINE-B,ORD-1404-0077,28,IC-SOIC-OPAMP-DUAL,LOT-561131,1404/12/05 13:39:00,2500,30,2470,EMP-008
FLOG-000813,LINE-B,ORD-1404-0077,47,CAP-0603-100pF,LOT-823109,1404/12/05 13:39:00,2500,32,2468,EMP-008
FLOG-000814,LINE-B,ORD-1404-0077,43,CAP-0603-1uF,LOT-119303,1404/12/05 13:39:00,5000,30,4970,EMP-008
FLOG-000815,LINE-B,ORD-1404-0077,4,CAP-0201-100nF,LOT-200813,1404/12/05 13:39:00,4000,33,3967,EMP-008
FLOG-000816,LINE-B,ORD-1404-0077,31,IC-SOIC-EEPROM-24C02,LOT-993938,1404/12/05 13:39:00,2500,32,2468,EMP-008
FLOG-000817,LINE-B,ORD-1404-0078,22,RES-0402-1K,LOT-322750,1404/12/03 07:29:00,10000,113,9887,EMP-009
FLOG-000818,LINE-B,ORD-1404-0078,15,CAP-0603-100nF,LOT-348739,1404/12/03 07:29:00,2500,127,2373,EMP-009
FLOG-000819,LINE-B,ORD-1404-0078,8,RES-0402-330R,LOT-167049,1404/12/03 07:29:00,10000,119,9881,EMP-009
FLOG-000820,LINE-B,ORD-1404-0078,53,DIO-1N4148,LOT-823426,1404/12/03 07:29:00,5000,125,4875,EMP-009
FLOG-000821,LINE-B,ORD-1404-0078,56,CAP-0603-100nF,LOT-202390,1404/12/03 07:29:00,2500,114,2386,EMP-009
FLOG-000822,LINE-B,ORD-1404-0078,35,IC-SOIC-EEPROM-24C02,LOT-439860,1404/12/03 07:29:00,10000,113,9887,EMP-009
FLOG-000823,LINE-B,ORD-1404-0078,29,IC-SOIC-MCU-STM32F1,LOT-562612,1404/12/03 07:29:00,10000,117,9883,EMP-009
FLOG-000824,LINE-B,ORD-1404-0078,41,IC-SOIC-OPAMP-DUAL,LOT-421351,1404/12/03 07:29:00,5000,115,4885,EMP-009
FLOG-000825,LINE-B,ORD-1404-0078,16,DIO-LED-0603-GRN,LOT-556973,1404/12/03 07:29:00,10000,125,9875,EMP-009
FLOG-000826,LINE-B,ORD-1404-0078,59,DIO-LED-0603-GRN,LOT-891032,1404/12/03 07:29:00,2500,128,2372,EMP-009
FLOG-000827,LINE-B,ORD-1404-0078,38,IC-SOIC-MCU-ATMEGA328,LOT-271884,1404/12/03 07:29:00,5000,123,4877,EMP-009
FLOG-000828,LINE-B,ORD-1404-0078,48,RES-0201-10K,LOT-644540,1404/12/03 07:29:00,2500,124,2376,EMP-009
FLOG-000829,LINE-B,ORD-1404-0078,25,RES-0402-100K,LOT-329491,1404/12/03 07:29:00,10000,127,9873,EMP-009
FLOG-000830,LINE-B,ORD-1404-0078,57,IC-BGA-FPGA-XC7,LOT-148938,1404/12/03 07:29:00,2500,120,2380,EMP-009
FLOG-000831,LINE-B,ORD-1404-0079,44,DIO-LED-0603-GRN,LOT-874296,1404/12/04 13:34:00,10000,68,9932,EMP-006
FLOG-000832,LINE-B,ORD-1404-0079,8,RES-0201-1K,LOT-394865,1404/12/04 13:34:00,4000,73,3927,EMP-006
FLOG-000833,LINE-B,ORD-1404-0079,1,IC-SOIC-EEPROM-24C02,LOT-455196,1404/12/04 13:34:00,2500,68,2432,EMP-006
FLOG-000834,LINE-B,ORD-1404-0079,56,CAP-0603-100pF,LOT-761939,1404/12/04 13:34:00,4000,68,3932,EMP-006
FLOG-000835,LINE-B,ORD-1404-0079,26,CAP-0603-10uF,LOT-126797,1404/12/04 13:34:00,2500,69,2431,EMP-006
FLOG-000836,LINE-B,ORD-1404-0079,27,RES-0201-1K,LOT-293190,1404/12/04 13:34:00,2500,70,2430,EMP-006
FLOG-000837,LINE-B,ORD-1404-0079,55,IC-SOIC-MCU-STM32F1,LOT-722987,1404/12/04 13:34:00,2500,69,2431,EMP-006
FLOG-000838,LINE-B,ORD-1404-0079,59,CAP-0201-100nF,LOT-401672,1404/12/04 13:34:00,5000,77,4923,EMP-006
FLOG-000839,LINE-B,ORD-1404-0079,9,CAP-0201-100nF,LOT-782629,1404/12/04 13:34:00,5000,73,4927,EMP-006
FLOG-000840,LINE-B,ORD-1404-0079,14,DIO-LED-0603-RED,LOT-259667,1404/12/04 13:34:00,10000,73,9927,EMP-006
FLOG-000841,LINE-B,ORD-1404-0079,40,DIO-LED-0603-GRN,LOT-316765,1404/12/04 13:34:00,2500,72,2428,EMP-006
FLOG-000842,LINE-B,ORD-1404-0079,46,RES-0402-100K,LOT-187260,1404/12/04 13:34:00,4000,72,3928,EMP-006
FLOG-000843,LINE-B,ORD-1404-0079,37,IC-SOIC-PMIC-BUCK1A,LOT-865024,1404/12/04 13:34:00,4000,69,3931,EMP-006
FLOG-000844,LINE-A,ORD-1404-0080,32,RES-0402-10R,LOT-429096,1404/12/04 11:47:00,10000,53,9947,EMP-005
FLOG-000845,LINE-A,ORD-1404-0080,22,IC-SOIC-MCU-STM32F1,LOT-428844,1404/12/04 11:47:00,10000,52,9948,EMP-005
FLOG-000846,LINE-A,ORD-1404-0080,7,IC-SOIC-TXRX-RS485,LOT-243248,1404/12/04 11:47:00,4000,52,3948,EMP-005
FLOG-000847,LINE-A,ORD-1404-0080,1,CAP-0201-10pF,LOT-744174,1404/12/04 11:47:00,4000,51,3949,EMP-005
FLOG-000848,LINE-A,ORD-1404-0080,36,RES-0402-330R,LOT-662089,1404/12/04 11:47:00,10000,50,9950,EMP-005
FLOG-000849,LINE-A,ORD-1404-0080,38,IC-SOIC-MCU-STM32F1,LOT-351703,1404/12/04 11:47:00,5000,49,4951,EMP-005
FLOG-000850,LINE-A,ORD-1404-0080,39,CONN-HDR-4P,LOT-897207,1404/12/04 11:47:00,5000,53,4947,EMP-005
FLOG-000851,LINE-A,ORD-1404-0081,45,CAP-0603-1uF,LOT-326891,1404/12/07 11:40:00,2500,141,2359,EMP-002
FLOG-000852,LINE-A,ORD-1404-0081,21,DIO-1N4148,LOT-671567,1404/12/07 11:40:00,4000,150,3850,EMP-002
FLOG-000853,LINE-A,ORD-1404-0081,2,DIO-LED-0603-GRN,LOT-384513,1404/12/07 11:40:00,2500,140,2360,EMP-002
FLOG-000854,LINE-A,ORD-1404-0081,6,RES-0201-47K,LOT-712286,1404/12/07 11:40:00,5000,133,4867,EMP-002
FLOG-000855,LINE-A,ORD-1404-0081,48,CAP-0201-100nF,LOT-423329,1404/12/07 11:40:00,10000,140,9860,EMP-002
FLOG-000856,LINE-A,ORD-1404-0081,30,RES-0402-10R,LOT-673494,1404/12/07 11:40:00,4000,148,3852,EMP-002
FLOG-000857,LINE-A,ORD-1404-0081,58,DIO-1N4148,LOT-845548,1404/12/07 11:40:00,5000,141,4859,EMP-002
FLOG-000858,LINE-A,ORD-1404-0081,24,CONN-TERM-BLOCK-3P,LOT-700518,1404/12/07 11:40:00,10000,132,9868,EMP-002
FLOG-000859,LINE-A,ORD-1404-0082,37,RES-0402-330R,LOT-637416,1404/12/07 08:18:00,2500,76,2424,EMP-005
FLOG-000860,LINE-A,ORD-1404-0082,48,RES-0402-100K,LOT-654994,1404/12/07 08:18:00,10000,83,9917,EMP-005
FLOG-000861,LINE-A,ORD-1404-0082,26,IC-SOIC-OPAMP-DUAL,LOT-380672,1404/12/07 08:18:00,4000,81,3919,EMP-005
FLOG-000862,LINE-A,ORD-1404-0082,31,CAP-0603-22pF,LOT-740545,1404/12/07 08:18:00,10000,79,9921,EMP-005
FLOG-000863,LINE-A,ORD-1404-0082,57,RES-0201-47K,LOT-953059,1404/12/07 08:18:00,10000,80,9920,EMP-005
FLOG-000864,LINE-A,ORD-1404-0082,17,IC-SOIC-OPAMP-DUAL,LOT-447208,1404/12/07 08:18:00,2500,81,2419,EMP-005
FLOG-000865,LINE-A,ORD-1404-0082,56,DIO-LED-0603-RED,LOT-487352,1404/12/07 08:18:00,4000,81,3919,EMP-005
FLOG-000866,LINE-A,ORD-1404-0082,32,RES-0402-4K7,LOT-724688,1404/12/07 08:18:00,10000,85,9915,EMP-005
FLOG-000867,LINE-A,ORD-1404-0082,3,RES-0201-10K,LOT-321191,1404/12/07 08:18:00,4000,83,3917,EMP-005
FLOG-000868,LINE-A,ORD-1404-0082,23,CONN-USB-C,LOT-826747,1404/12/07 08:18:00,10000,75,9925,EMP-005
FLOG-000869,LINE-B,ORD-1404-0083,44,CAP-0603-100nF,LOT-462450,1404/12/09 07:00:00,10000,96,9904,EMP-007
FLOG-000870,LINE-B,ORD-1404-0083,60,IC-SOIC-OPAMP-DUAL,LOT-349200,1404/12/09 07:00:00,10000,87,9913,EMP-007
FLOG-000871,LINE-B,ORD-1404-0083,9,IC-SOIC-MCU-STM32F1,LOT-365569,1404/12/09 07:00:00,2500,97,2403,EMP-007
FLOG-000872,LINE-B,ORD-1404-0083,53,RES-0402-22R,LOT-854284,1404/12/09 07:00:00,10000,94,9906,EMP-007
FLOG-000873,LINE-B,ORD-1404-0083,33,DIO-LED-0603-GRN,LOT-252624,1404/12/09 07:00:00,4000,86,3914,EMP-007
FLOG-000874,LINE-B,ORD-1404-0083,56,CAP-0603-10uF,LOT-340755,1404/12/09 07:00:00,4000,89,3911,EMP-007
FLOG-000875,LINE-B,ORD-1404-0083,37,RES-0201-10K,LOT-934171,1404/12/09 07:00:00,5000,90,4910,EMP-007
FLOG-000876,LINE-B,ORD-1404-0083,55,CAP-0603-100pF,LOT-338134,1404/12/09 07:00:00,2500,88,2412,EMP-007
FLOG-000877,LINE-B,ORD-1404-0083,51,CAP-0603-100nF,LOT-305438,1404/12/09 07:00:00,4000,92,3908,EMP-007
FLOG-000878,LINE-B,ORD-1404-0083,36,RES-0402-10K,LOT-122915,1404/12/09 07:00:00,4000,86,3914,EMP-007
FLOG-000879,LINE-B,ORD-1404-0083,11,CAP-0201-10pF,LOT-484032,1404/12/09 07:00:00,4000,96,3904,EMP-007
FLOG-000880,LINE-B,ORD-1404-0083,7,CAP-0603-100nF,LOT-673587,1404/12/09 07:00:00,10000,96,9904,EMP-007
FLOG-000881,LINE-B,ORD-1404-0083,17,RES-0402-330R,LOT-246496,1404/12/09 07:00:00,4000,95,3905,EMP-007
FLOG-000882,LINE-B,ORD-1404-0083,42,RES-0402-100K,LOT-496710,1404/12/09 07:00:00,5000,94,4906,EMP-007
FLOG-000883,LINE-A,ORD-1404-0084,54,IC-SOIC-EEPROM-24C02,LOT-311405,1404/12/06 13:30:00,5000,146,4854,EMP-004
FLOG-000884,LINE-A,ORD-1404-0084,49,RES-0402-330R,LOT-184296,1404/12/06 13:30:00,4000,148,3852,EMP-004
FLOG-000885,LINE-A,ORD-1404-0084,18,IC-SOIC-TXRX-RS485,LOT-573910,1404/12/06 13:30:00,4000,134,3866,EMP-004
FLOG-000886,LINE-A,ORD-1404-0084,6,RES-0201-47K,LOT-391081,1404/12/06 13:30:00,4000,146,3854,EMP-004
FLOG-000887,LINE-A,ORD-1404-0084,24,CAP-0201-10pF,LOT-104469,1404/12/06 13:30:00,4000,146,3854,EMP-004
FLOG-000888,LINE-A,ORD-1404-0084,57,RES-0402-10R,LOT-517329,1404/12/06 13:30:00,5000,132,4868,EMP-004
FLOG-000889,LINE-A,ORD-1404-0084,42,DIO-LED-0603-RED,LOT-458869,1404/12/06 13:30:00,4000,137,3863,EMP-004
FLOG-000890,LINE-A,ORD-1404-0084,3,RES-0402-1K,LOT-239708,1404/12/06 13:30:00,5000,144,4856,EMP-004
FLOG-000891,LINE-A,ORD-1404-0084,44,CAP-0201-100nF,LOT-644361,1404/12/06 13:30:00,5000,137,4863,EMP-004
FLOG-000892,LINE-A,ORD-1404-0085,32,RES-0402-10K,LOT-684334,1404/12/06 09:31:00,10000,78,9922,EMP-001
FLOG-000893,LINE-A,ORD-1404-0085,25,DIO-LED-0603-GRN,LOT-638916,1404/12/06 09:31:00,4000,84,3916,EMP-001
FLOG-000894,LINE-A,ORD-1404-0085,1,RES-0402-100R,LOT-456069,1404/12/06 09:31:00,5000,81,4919,EMP-001
FLOG-000895,LINE-A,ORD-1404-0085,53,DIO-1N4148,LOT-258007,1404/12/06 09:31:00,4000,79,3921,EMP-001
FLOG-000896,LINE-A,ORD-1404-0085,35,CAP-0603-100pF,LOT-603726,1404/12/06 09:31:00,10000,80,9920,EMP-001
FLOG-000897,LINE-A,ORD-1404-0085,31,CAP-0603-4.7uF,LOT-483502,1404/12/06 09:31:00,2500,76,2424,EMP-001
FLOG-000898,LINE-A,ORD-1404-0085,52,CAP-0603-22pF,LOT-151217,1404/12/06 09:31:00,5000,84,4916,EMP-001
FLOG-000899,LINE-A,ORD-1404-0085,51,CAP-0603-10uF,LOT-986749,1404/12/06 09:31:00,4000,75,3925,EMP-001
FLOG-000900,LINE-A,ORD-1404-0085,54,CONN-USB-C,LOT-465038,1404/12/06 09:31:00,2500,79,2421,EMP-001
FLOG-000901,LINE-B,ORD-1404-0086,14,RES-0402-10K,LOT-559845,1404/12/09 14:26:00,5000,5,4995,EMP-010
FLOG-000902,LINE-B,ORD-1404-0086,46,CAP-0603-100nF,LOT-758287,1404/12/09 14:26:00,5000,5,4995,EMP-010
FLOG-000903,LINE-B,ORD-1404-0086,5,CAP-0603-100pF,LOT-802334,1404/12/09 14:26:00,4000,5,3995,EMP-010
FLOG-000904,LINE-B,ORD-1404-0086,10,RES-0402-330R,LOT-913238,1404/12/09 14:26:00,2500,5,2495,EMP-010
FLOG-000905,LINE-B,ORD-1404-0086,9,CAP-0603-100pF,LOT-653780,1404/12/09 14:26:00,5000,5,4995,EMP-010
FLOG-000906,LINE-B,ORD-1404-0086,59,RES-0402-330R,LOT-798495,1404/12/09 14:26:00,4000,5,3995,EMP-010
FLOG-000907,LINE-B,ORD-1404-0086,38,RES-0402-100R,LOT-958355,1404/12/09 14:26:00,10000,5,9995,EMP-010
FLOG-000908,LINE-B,ORD-1404-0086,20,RES-0201-10K,LOT-852611,1404/12/09 14:26:00,5000,5,4995,EMP-010
FLOG-000909,LINE-B,ORD-1404-0086,33,IC-SOIC-MCU-ATMEGA328,LOT-434792,1404/12/09 14:26:00,4000,5,3995,EMP-010
FLOG-000910,LINE-B,ORD-1404-0086,18,RES-0402-1K,LOT-356087,1404/12/09 14:26:00,2500,5,2495,EMP-010
FLOG-000911,LINE-B,ORD-1404-0086,24,CONN-TERM-BLOCK-3P,LOT-729309,1404/12/09 14:26:00,2500,5,2495,EMP-010
FLOG-000912,LINE-B,ORD-1404-0087,40,RES-0201-47K,LOT-851113,1404/12/09 07:00:00,4000,26,3974,EMP-009
FLOG-000913,LINE-B,ORD-1404-0087,8,CAP-0603-10uF,LOT-300352,1404/12/09 07:00:00,4000,24,3976,EMP-009
FLOG-000914,LINE-B,ORD-1404-0087,15,RES-0402-10R,LOT-912233,1404/12/09 07:00:00,5000,26,4974,EMP-009
FLOG-000915,LINE-B,ORD-1404-0087,59,RES-0402-330R,LOT-764409,1404/12/09 07:00:00,2500,25,2475,EMP-009
FLOG-000916,LINE-B,ORD-1404-0087,24,IC-SOIC-EEPROM-24C02,LOT-646470,1404/12/09 07:00:00,5000,24,4976,EMP-009
FLOG-000917,LINE-B,ORD-1404-0087,21,IC-SOIC-PMIC-BUCK1A,LOT-453019,1404/12/09 07:00:00,4000,24,3976,EMP-009
FLOG-000918,LINE-B,ORD-1404-0087,7,RES-0402-100R,LOT-123871,1404/12/09 07:00:00,2500,23,2477,EMP-009
FLOG-000919,LINE-B,ORD-1404-0087,13,CAP-0201-10pF,LOT-337067,1404/12/09 07:00:00,4000,24,3976,EMP-009
FLOG-000920,LINE-B,ORD-1404-0087,3,IC-SOIC-MCU-STM32F1,LOT-616969,1404/12/09 07:00:00,2500,25,2475,EMP-009
FLOG-000921,LINE-B,ORD-1404-0087,12,RES-0402-10K,LOT-532735,1404/12/09 07:00:00,10000,24,9976,EMP-009
FLOG-000922,LINE-B,ORD-1404-0087,5,RES-0402-10K,LOT-807788,1404/12/09 07:00:00,5000,24,4976,EMP-009
FLOG-000923,LINE-B,ORD-1404-0087,26,CAP-0603-1uF,LOT-469076,1404/12/09 07:00:00,10000,25,9975,EMP-009
FLOG-000924,LINE-B,ORD-1404-0087,47,IC-SOIC-EEPROM-24C02,LOT-167553,1404/12/09 07:00:00,5000,26,4974,EMP-009
FLOG-000925,LINE-B,ORD-1404-0087,4,CONN-USB-C,LOT-607459,1404/12/09 07:00:00,4000,25,3975,EMP-009
FLOG-000926,LINE-B,ORD-1404-0088,3,RES-0402-4K7,LOT-215208,1404/12/09 07:00:00,5000,199,4801,EMP-010
FLOG-000927,LINE-B,ORD-1404-0088,13,IC-SOIC-OPAMP-DUAL,LOT-583380,1404/12/09 07:00:00,4000,192,3808,EMP-010
FLOG-000928,LINE-B,ORD-1404-0088,32,RES-0402-10R,LOT-478485,1404/12/09 07:00:00,2500,200,2300,EMP-010
FLOG-000929,LINE-B,ORD-1404-0088,6,CAP-0603-22pF,LOT-851649,1404/12/09 07:00:00,2500,178,2322,EMP-010
FLOG-000930,LINE-B,ORD-1404-0088,22,DIO-LED-0603-GRN,LOT-109385,1404/12/09 07:00:00,5000,182,4818,EMP-010
FLOG-000931,LINE-B,ORD-1404-0088,29,RES-0402-4K7,LOT-426194,1404/12/09 07:00:00,10000,198,9802,EMP-010
FLOG-000932,LINE-B,ORD-1404-0088,31,IC-SOIC-MCU-ATMEGA328,LOT-328725,1404/12/09 07:00:00,10000,199,9801,EMP-010
FLOG-000933,LINE-B,ORD-1404-0088,41,CAP-0201-10pF,LOT-787761,1404/12/09 07:00:00,10000,179,9821,EMP-010
FLOG-000934,LINE-B,ORD-1404-0088,52,CAP-0603-1uF,LOT-994810,1404/12/09 07:00:00,2500,190,2310,EMP-010
FLOG-000935,LINE-B,ORD-1404-0088,11,DIO-1N4148,LOT-366466,1404/12/09 07:00:00,5000,199,4801,EMP-010
FLOG-000936,LINE-B,ORD-1404-0088,53,DIO-1N4148,LOT-913765,1404/12/09 07:00:00,10000,192,9808,EMP-010
FLOG-000937,LINE-B,ORD-1404-0088,30,RES-0402-10K,LOT-431011,1404/12/09 07:00:00,5000,182,4818,EMP-010
FLOG-000938,LINE-B,ORD-1404-0088,14,RES-0402-330R,LOT-719987,1404/12/09 07:00:00,10000,186,9814,EMP-010
FLOG-000939,LINE-B,ORD-1404-0088,23,RES-0402-100R,LOT-455418,1404/12/09 07:00:00,2500,177,2323,EMP-010
FLOG-000940,LINE-B,ORD-1404-0088,42,CONN-USB-C,LOT-605606,1404/12/09 07:00:00,10000,176,9824,EMP-010
FLOG-000941,LINE-B,ORD-1404-0089,24,IC-SOIC-MCU-ATMEGA328,LOT-361250,1404/12/09 10:54:00,10000,10,9990,EMP-009
FLOG-000942,LINE-B,ORD-1404-0089,4,DIO-1N4148,LOT-517385,1404/12/09 10:54:00,5000,10,4990,EMP-009
FLOG-000943,LINE-B,ORD-1404-0089,44,CAP-0603-4.7uF,LOT-560865,1404/12/09 10:54:00,4000,11,3989,EMP-009
FLOG-000944,LINE-B,ORD-1404-0089,33,RES-0402-4K7,LOT-319965,1404/12/09 10:54:00,5000,11,4989,EMP-009
FLOG-000945,LINE-B,ORD-1404-0089,21,CAP-0603-100pF,LOT-742226,1404/12/09 10:54:00,5000,10,4990,EMP-009
FLOG-000946,LINE-B,ORD-1404-0089,16,RES-0402-330R,LOT-232676,1404/12/09 10:54:00,10000,10,9990,EMP-009
FLOG-000947,LINE-B,ORD-1404-0089,31,CONN-HDR-2P,LOT-773156,1404/12/09 10:54:00,2500,11,2489,EMP-009
FLOG-000948,LINE-B,ORD-1404-0090,27,RES-0402-10R,LOT-635295,1404/12/10 07:42:00,10000,62,9938,EMP-008
FLOG-000949,LINE-B,ORD-1404-0090,12,RES-0201-1K,LOT-658815,1404/12/10 07:42:00,2500,65,2435,EMP-008
FLOG-000950,LINE-B,ORD-1404-0090,40,IC-SOIC-TXRX-RS485,LOT-599368,1404/12/10 07:42:00,5000,62,4938,EMP-008
FLOG-000951,LINE-B,ORD-1404-0090,14,CAP-0201-100nF,LOT-716735,1404/12/10 07:42:00,2500,66,2434,EMP-008
FLOG-000952,LINE-B,ORD-1404-0090,20,DIO-SS14,LOT-694544,1404/12/10 07:42:00,4000,61,3939,EMP-008
FLOG-000953,LINE-B,ORD-1404-0090,11,RES-0402-4K7,LOT-887292,1404/12/10 07:42:00,5000,61,4939,EMP-008
FLOG-000954,LINE-B,ORD-1404-0090,35,IC-SOIC-TXRX-RS485,LOT-321137,1404/12/10 07:42:00,2500,63,2437,EMP-008
FLOG-000955,LINE-B,ORD-1404-0090,57,RES-0402-330R,LOT-758942,1404/12/10 07:42:00,2500,60,2440,EMP-008
FLOG-000956,LINE-B,ORD-1404-0090,58,CONN-USB-C,LOT-258145,1404/12/10 07:42:00,2500,63,2437,EMP-008
FLOG-000957,LINE-A,ORD-1404-0091,36,RES-0402-100R,LOT-246446,1404/12/12 11:21:00,4000,29,3971,EMP-001
FLOG-000958,LINE-A,ORD-1404-0091,8,CAP-0603-100nF,LOT-857412,1404/12/12 11:21:00,2500,27,2473,EMP-001
FLOG-000959,LINE-A,ORD-1404-0091,44,DIO-1N4148,LOT-805284,1404/12/12 11:21:00,5000,28,4972,EMP-001
FLOG-000960,LINE-A,ORD-1404-0091,35,CAP-0201-100nF,LOT-183285,1404/12/12 11:21:00,5000,26,4974,EMP-001
FLOG-000961,LINE-A,ORD-1404-0091,37,RES-0402-10R,LOT-862298,1404/12/12 11:21:00,4000,27,3973,EMP-001
FLOG-000962,LINE-A,ORD-1404-0091,47,DIO-SS14,LOT-743621,1404/12/12 11:21:00,10000,26,9974,EMP-001
FLOG-000963,LINE-A,ORD-1404-0091,42,RES-0201-100K,LOT-425683,1404/12/12 11:21:00,10000,28,9972,EMP-001
FLOG-000964,LINE-A,ORD-1404-0091,45,RES-0402-4K7,LOT-107235,1404/12/12 11:21:00,2500,28,2472,EMP-001
FLOG-000965,LINE-A,ORD-1404-0091,23,RES-0402-100K,LOT-893591,1404/12/12 11:21:00,4000,27,3973,EMP-001
FLOG-000966,LINE-A,ORD-1404-0091,15,DIO-SS14,LOT-401267,1404/12/12 11:21:00,10000,28,9972,EMP-001
FLOG-000967,LINE-A,ORD-1404-0091,38,IC-SOIC-OPAMP-DUAL,LOT-850181,1404/12/12 11:21:00,5000,28,4972,EMP-001
FLOG-000968,LINE-A,ORD-1404-0091,40,CONN-USB-C,LOT-235806,1404/12/12 11:21:00,10000,26,9974,EMP-001
FLOG-000969,LINE-A,ORD-1404-0092,2,CAP-0603-100nF,LOT-345082,1404/12/11 11:30:00,4000,9,3991,EMP-003
FLOG-000970,LINE-A,ORD-1404-0092,49,DIO-1N4148,LOT-381679,1404/12/11 11:30:00,5000,10,4990,EMP-003
FLOG-000971,LINE-A,ORD-1404-0092,20,RES-0402-4K7,LOT-154190,1404/12/11 11:30:00,2500,9,2491,EMP-003
FLOG-000972,LINE-A,ORD-1404-0092,60,RES-0201-100K,LOT-730425,1404/12/11 11:30:00,2500,9,2491,EMP-003
FLOG-000973,LINE-A,ORD-1404-0092,23,DIO-LED-0603-GRN,LOT-875912,1404/12/11 11:30:00,5000,10,4990,EMP-003
FLOG-000974,LINE-A,ORD-1404-0092,34,RES-0201-47K,LOT-917365,1404/12/11 11:30:00,10000,9,9991,EMP-003
FLOG-000975,LINE-A,ORD-1404-0092,31,DIO-1N4148,LOT-495817,1404/12/11 11:30:00,5000,9,4991,EMP-003
FLOG-000976,LINE-A,ORD-1404-0092,4,RES-0201-10K,LOT-483136,1404/12/11 11:30:00,2500,10,2490,EMP-003
FLOG-000977,LINE-A,ORD-1404-0092,30,CAP-0201-10pF,LOT-385671,1404/12/11 11:30:00,5000,10,4990,EMP-003
FLOG-000978,LINE-A,ORD-1404-0092,39,RES-0402-100R,LOT-979167,1404/12/11 11:30:00,4000,9,3991,EMP-003
FLOG-000979,LINE-A,ORD-1404-0092,1,RES-0201-100K,LOT-951910,1404/12/11 11:30:00,4000,9,3991,EMP-003
FLOG-000980,LINE-A,ORD-1404-0092,41,RES-0201-100K,LOT-271806,1404/12/11 11:30:00,5000,10,4990,EMP-003
FLOG-000981,LINE-A,ORD-1404-0092,19,CAP-0603-1uF,LOT-967855,1404/12/11 11:30:00,2500,9,2491,EMP-003
FLOG-000982,LINE-A,ORD-1404-0092,16,RES-0402-100R,LOT-157293,1404/12/11 11:30:00,4000,9,3991,EMP-003
FLOG-000983,LINE-A,ORD-1404-0092,59,CONN-TERM-BLOCK-3P,LOT-151524,1404/12/11 11:30:00,10000,9,9991,EMP-003
FLOG-000984,LINE-A,ORD-1404-0093,37,RES-0201-100K,LOT-404712,1404/12/11 08:00:00,4000,76,3924,EMP-002
FLOG-000985,LINE-A,ORD-1404-0093,45,CAP-0603-10uF,LOT-850110,1404/12/11 08:00:00,5000,67,4933,EMP-002
FLOG-000986,LINE-A,ORD-1404-0093,52,RES-0201-10K,LOT-811819,1404/12/11 08:00:00,2500,70,2430,EMP-002
FLOG-000987,LINE-A,ORD-1404-0093,4,RES-0402-10K,LOT-877366,1404/12/11 08:00:00,10000,75,9925,EMP-002
FLOG-000988,LINE-A,ORD-1404-0093,19,IC-SOIC-TXRX-RS485,LOT-621499,1404/12/11 08:00:00,5000,76,4924,EMP-002
FLOG-000989,LINE-A,ORD-1404-0093,6,DIO-SS14,LOT-886996,1404/12/11 08:00:00,5000,72,4928,EMP-002
FLOG-000990,LINE-A,ORD-1404-0093,30,CAP-0603-1uF,LOT-383385,1404/12/11 08:00:00,10000,73,9927,EMP-002
FLOG-000991,LINE-A,ORD-1404-0093,15,RES-0402-4K7,LOT-189963,1404/12/11 08:00:00,5000,74,4926,EMP-002
FLOG-000992,LINE-A,ORD-1404-0093,18,CAP-0603-10uF,LOT-702837,1404/12/11 08:00:00,4000,75,3925,EMP-002
FLOG-000993,LINE-A,ORD-1404-0093,59,RES-0402-4K7,LOT-382454,1404/12/11 08:00:00,2500,73,2427,EMP-002
FLOG-000994,LINE-A,ORD-1404-0093,36,RES-0402-22R,LOT-665140,1404/12/11 08:00:00,4000,72,3928,EMP-002
FLOG-000995,LINE-A,ORD-1404-0093,31,CONN-USB-C,LOT-451360,1404/12/11 08:00:00,10000,72,9928,EMP-002
FLOG-000996,LINE-B,ORD-1404-0094,54,CAP-0603-22pF,LOT-671119,1404/12/13 11:47:00,4000,13,3987,EMP-010
FLOG-000997,LINE-B,ORD-1404-0094,58,DIO-LED-0603-RED,LOT-937892,1404/12/13 11:47:00,10000,13,9987,EMP-010
FLOG-000998,LINE-B,ORD-1404-0094,42,DIO-1N4148,LOT-428697,1404/12/13 11:47:00,4000,14,3986,EMP-010
FLOG-000999,LINE-B,ORD-1404-0094,7,CAP-0603-1uF,LOT-975882,1404/12/13 11:47:00,5000,13,4987,EMP-010
FLOG-001000,LINE-B,ORD-1404-0094,49,IC-SOIC-MCU-ATMEGA328,LOT-693419,1404/12/13 11:47:00,5000,14,4986,EMP-010
FLOG-001001,LINE-B,ORD-1404-0094,50,CAP-0603-1uF,LOT-916615,1404/12/13 11:47:00,10000,13,9987,EMP-010
FLOG-001002,LINE-B,ORD-1404-0094,31,CONN-HDR-4P,LOT-161248,1404/12/13 11:47:00,10000,13,9987,EMP-010
FLOG-001003,LINE-A,ORD-1404-0095,47,DIO-LED-0603-GRN,LOT-490703,1404/12/13 07:48:00,10000,80,9920,EMP-003
FLOG-001004,LINE-A,ORD-1404-0095,48,DIO-LED-0603-RED,LOT-530250,1404/12/13 07:48:00,4000,77,3923,EMP-003
FLOG-001005,LINE-A,ORD-1404-0095,23,CAP-0603-10uF,LOT-115222,1404/12/13 07:48:00,5000,76,4924,EMP-003
FLOG-001006,LINE-A,ORD-1404-0095,22,CAP-0603-10uF,LOT-552014,1404/12/13 07:48:00,2500,85,2415,EMP-003
FLOG-001007,LINE-A,ORD-1404-0095,20,DIO-LED-0603-GRN,LOT-560467,1404/12/13 07:48:00,4000,86,3914,EMP-003
FLOG-001008,LINE-A,ORD-1404-0095,34,CAP-0603-10uF,LOT-503665,1404/12/13 07:48:00,4000,83,3917,EMP-003
FLOG-001009,LINE-A,ORD-1404-0095,55,RES-0402-100K,LOT-826928,1404/12/13 07:48:00,5000,86,4914,EMP-003
FLOG-001010,LINE-A,ORD-1404-0095,14,CAP-0603-100nF,LOT-187287,1404/12/13 07:48:00,4000,80,3920,EMP-003
FLOG-001011,LINE-A,ORD-1404-0095,42,IC-SOIC-EEPROM-24C02,LOT-334138,1404/12/13 07:48:00,10000,85,9915,EMP-003
FLOG-001012,LINE-A,ORD-1404-0095,21,CAP-0603-100nF,LOT-198571,1404/12/13 07:48:00,2500,78,2422,EMP-003
FLOG-001013,LINE-A,ORD-1404-0095,11,IC-BGA-PMIC-MULTI,LOT-803645,1404/12/13 07:48:00,5000,83,4917,EMP-003
FLOG-001014,LINE-A,ORD-1404-0095,56,RES-0402-1K,LOT-653632,1404/12/13 07:48:00,10000,79,9921,EMP-003
FLOG-001015,LINE-A,ORD-1404-0095,31,RES-0201-1K,LOT-112949,1404/12/13 07:48:00,5000,85,4915,EMP-003
FLOG-001016,LINE-A,ORD-1404-0096,13,CAP-0603-1uF,LOT-110446,1404/12/12 11:49:00,4000,140,3860,EMP-004
FLOG-001017,LINE-A,ORD-1404-0096,18,RES-0201-1K,LOT-522219,1404/12/12 11:49:00,10000,143,9857,EMP-004
FLOG-001018,LINE-A,ORD-1404-0096,56,IC-SOIC-MCU-ATMEGA328,LOT-426358,1404/12/12 11:49:00,2500,141,2359,EMP-004
FLOG-001019,LINE-A,ORD-1404-0096,11,RES-0402-10K,LOT-594555,1404/12/12 11:49:00,10000,144,9856,EMP-004
FLOG-001020,LINE-A,ORD-1404-0096,35,IC-SOIC-MCU-ATMEGA328,LOT-550873,1404/12/12 11:49:00,5000,143,4857,EMP-004
FLOG-001021,LINE-A,ORD-1404-0096,51,CAP-0603-4.7uF,LOT-187381,1404/12/12 11:49:00,4000,133,3867,EMP-004
FLOG-001022,LINE-A,ORD-1404-0096,1,IC-SOIC-PMIC-BUCK1A,LOT-555991,1404/12/12 11:49:00,2500,142,2358,EMP-004
FLOG-001023,LINE-A,ORD-1404-0096,12,CAP-0201-100nF,LOT-289814,1404/12/12 11:49:00,2500,140,2360,EMP-004
FLOG-001024,LINE-A,ORD-1404-0096,38,RES-0402-1K,LOT-466298,1404/12/12 11:49:00,2500,143,2357,EMP-004
FLOG-001025,LINE-A,ORD-1404-0096,34,RES-0402-1K,LOT-833825,1404/12/12 11:49:00,10000,133,9867,EMP-004
FLOG-001026,LINE-A,ORD-1404-0096,55,DIO-SS14,LOT-536883,1404/12/12 11:49:00,5000,143,4857,EMP-004
FLOG-001027,LINE-A,ORD-1404-0096,2,CONN-HDR-2P,LOT-837557,1404/12/12 11:49:00,2500,138,2362,EMP-004
FLOG-001028,LINE-B,ORD-1404-0097,10,CAP-0201-100nF,LOT-790377,1404/12/14 09:57:00,2500,10,2490,EMP-008
FLOG-001029,LINE-B,ORD-1404-0097,30,IC-SOIC-MCU-ATMEGA328,LOT-164348,1404/12/14 09:57:00,10000,11,9989,EMP-008
FLOG-001030,LINE-B,ORD-1404-0097,45,CAP-0603-100nF,LOT-354514,1404/12/14 09:57:00,4000,11,3989,EMP-008
FLOG-001031,LINE-B,ORD-1404-0097,5,IC-SOIC-TXRX-RS485,LOT-688441,1404/12/14 09:57:00,5000,11,4989,EMP-008
FLOG-001032,LINE-B,ORD-1404-0097,29,CAP-0201-10pF,LOT-793377,1404/12/14 09:57:00,10000,10,9990,EMP-008
FLOG-001033,LINE-B,ORD-1404-0097,19,IC-SOIC-MCU-ATMEGA328,LOT-327492,1404/12/14 09:57:00,10000,11,9989,EMP-008
FLOG-001034,LINE-B,ORD-1404-0097,42,IC-SOIC-EEPROM-24C02,LOT-980332,1404/12/14 09:57:00,2500,10,2490,EMP-008
FLOG-001035,LINE-B,ORD-1404-0097,1,RES-0402-100K,LOT-406663,1404/12/14 09:57:00,5000,10,4990,EMP-008
FLOG-001036,LINE-B,ORD-1404-0097,43,CAP-0603-4.7uF,LOT-255703,1404/12/14 09:57:00,5000,10,4990,EMP-008
FLOG-001037,LINE-B,ORD-1404-0097,51,CAP-0603-1uF,LOT-267996,1404/12/14 09:57:00,5000,11,4989,EMP-008
FLOG-001038,LINE-B,ORD-1404-0097,32,DIO-LED-0603-GRN,LOT-160132,1404/12/14 09:57:00,4000,11,3989,EMP-008
FLOG-001039,LINE-B,ORD-1404-0097,13,RES-0402-22R,LOT-911244,1404/12/14 09:57:00,5000,10,4990,EMP-008
FLOG-001040,LINE-B,ORD-1404-0097,14,IC-SOIC-EEPROM-24C02,LOT-650254,1404/12/14 09:57:00,4000,11,3989,EMP-008
FLOG-001041,LINE-B,ORD-1404-0097,44,CAP-0603-100pF,LOT-824465,1404/12/14 09:57:00,10000,10,9990,EMP-008
FLOG-001042,LINE-A,ORD-1404-0098,44,IC-SOIC-MCU-STM32F1,LOT-154860,1404/12/12 13:26:00,10000,170,9830,EMP-004
FLOG-001043,LINE-A,ORD-1404-0098,38,DIO-LED-0603-RED,LOT-627446,1404/12/12 13:26:00,4000,167,3833,EMP-004
FLOG-001044,LINE-A,ORD-1404-0098,21,RES-0402-10R,LOT-246693,1404/12/12 13:26:00,5000,174,4826,EMP-004
FLOG-001045,LINE-A,ORD-1404-0098,45,IC-SOIC-MCU-STM32F1,LOT-902376,1404/12/12 13:26:00,2500,164,2336,EMP-004
FLOG-001046,LINE-A,ORD-1404-0098,2,DIO-1N4148,LOT-841953,1404/12/12 13:26:00,4000,172,3828,EMP-004
FLOG-001047,LINE-A,ORD-1404-0098,58,RES-0402-100K,LOT-188349,1404/12/12 13:26:00,2500,166,2334,EMP-004
FLOG-001048,LINE-A,ORD-1404-0098,56,RES-0402-100R,LOT-834263,1404/12/12 13:26:00,5000,157,4843,EMP-004
FLOG-001049,LINE-A,ORD-1404-0098,50,CAP-0603-100nF,LOT-551521,1404/12/12 13:26:00,10000,153,9847,EMP-004
FLOG-001050,LINE-A,ORD-1404-0098,19,RES-0402-4K7,LOT-863800,1404/12/12 13:26:00,5000,171,4829,EMP-004
FLOG-001051,LINE-A,ORD-1404-0098,7,RES-0201-47K,LOT-248424,1404/12/12 13:26:00,10000,158,9842,EMP-004
FLOG-001052,LINE-A,ORD-1404-0098,17,CAP-0201-10pF,LOT-256804,1404/12/12 13:26:00,10000,174,9826,EMP-004
FLOG-001053,LINE-A,ORD-1404-0098,9,RES-0402-1K,LOT-526117,1404/12/12 13:26:00,5000,164,4836,EMP-004
FLOG-001054,LINE-A,ORD-1404-0098,41,RES-0201-100K,LOT-657837,1404/12/12 13:26:00,4000,165,3835,EMP-004
FLOG-001055,LINE-A,ORD-1404-0098,14,CAP-0603-1uF,LOT-826306,1404/12/12 13:26:00,10000,173,9827,EMP-004
FLOG-001056,LINE-A,ORD-1404-0098,54,RES-0402-22R,LOT-472183,1404/12/12 13:26:00,4000,170,3830,EMP-004
FLOG-001057,LINE-B,ORD-1404-0099,2,DIO-LED-0603-RED,LOT-848831,1404/12/14 13:15:00,4000,38,3962,EMP-009
FLOG-001058,LINE-B,ORD-1404-0099,41,RES-0201-10K,LOT-795890,1404/12/14 13:15:00,4000,42,3958,EMP-009
FLOG-001059,LINE-B,ORD-1404-0099,16,IC-SOIC-MCU-STM32F1,LOT-530424,1404/12/14 13:15:00,10000,38,9962,EMP-009
FLOG-001060,LINE-B,ORD-1404-0099,22,DIO-1N4148,LOT-438881,1404/12/14 13:15:00,4000,39,3961,EMP-009
FLOG-001061,LINE-B,ORD-1404-0099,28,IC-SOIC-TXRX-RS485,LOT-583324,1404/12/14 13:15:00,4000,41,3959,EMP-009
FLOG-001062,LINE-B,ORD-1404-0099,38,CAP-0201-10pF,LOT-703355,1404/12/14 13:15:00,2500,42,2458,EMP-009
FLOG-001063,LINE-B,ORD-1404-0099,19,RES-0402-100K,LOT-674108,1404/12/14 13:15:00,10000,39,9961,EMP-009
FLOG-001064,LINE-B,ORD-1404-0099,7,RES-0201-1K,LOT-358930,1404/12/14 13:15:00,10000,38,9962,EMP-009
FLOG-001065,LINE-A,ORD-1404-0100,55,RES-0402-10K,LOT-653397,1404/12/14 08:04:00,4000,24,3976,EMP-002
FLOG-001066,LINE-A,ORD-1404-0100,54,RES-0402-100K,LOT-298581,1404/12/14 08:04:00,10000,23,9977,EMP-002
FLOG-001067,LINE-A,ORD-1404-0100,43,RES-0201-100K,LOT-400320,1404/12/14 08:04:00,2500,22,2478,EMP-002
FLOG-001068,LINE-A,ORD-1404-0100,5,DIO-LED-0603-RED,LOT-110829,1404/12/14 08:04:00,10000,23,9977,EMP-002
FLOG-001069,LINE-A,ORD-1404-0100,37,CAP-0603-1uF,LOT-268970,1404/12/14 08:04:00,10000,22,9978,EMP-002
FLOG-001070,LINE-A,ORD-1404-0100,52,CAP-0201-100nF,LOT-634859,1404/12/14 08:04:00,10000,22,9978,EMP-002
FLOG-001071,LINE-A,ORD-1404-0100,22,RES-0402-10R,LOT-471898,1404/12/14 08:04:00,5000,22,4978,EMP-002
FLOG-001072,LINE-A,ORD-1404-0100,47,CAP-0201-100nF,LOT-788570,1404/12/14 08:04:00,4000,23,3977,EMP-002
FLOG-001073,LINE-A,ORD-1404-0100,36,RES-0402-1K,LOT-660668,1404/12/14 08:04:00,2500,23,2477,EMP-002
FLOG-001074,LINE-A,ORD-1404-0100,18,CAP-0603-100nF,LOT-951482,1404/12/14 08:04:00,2500,23,2477,EMP-002
FLOG-001075,LINE-B,ORD-1404-0101,56,DIO-LED-0603-RED,LOT-152474,1404/12/16 07:00:00,2500,57,2443,EMP-006
FLOG-001076,LINE-B,ORD-1404-0101,60,DIO-1N4148,LOT-360423,1404/12/16 07:00:00,4000,53,3947,EMP-006
FLOG-001077,LINE-B,ORD-1404-0101,14,DIO-LED-0603-GRN,LOT-596800,1404/12/16 07:00:00,2500,51,2449,EMP-006
FLOG-001078,LINE-B,ORD-1404-0101,15,IC-SOIC-PMIC-BUCK1A,LOT-780700,1404/12/16 07:00:00,5000,56,4944,EMP-006
FLOG-001079,LINE-B,ORD-1404-0101,27,RES-0402-22R,LOT-503323,1404/12/16 07:00:00,10000,54,9946,EMP-006
FLOG-001080,LINE-B,ORD-1404-0101,22,RES-0402-330R,LOT-260772,1404/12/16 07:00:00,5000,53,4947,EMP-006
FLOG-001081,LINE-B,ORD-1404-0101,13,IC-SOIC-PMIC-BUCK1A,LOT-724143,1404/12/16 07:00:00,2500,51,2449,EMP-006
FLOG-001082,LINE-B,ORD-1404-0101,47,DIO-LED-0603-RED,LOT-292287,1404/12/16 07:00:00,5000,54,4946,EMP-006
FLOG-001083,LINE-B,ORD-1404-0101,17,CAP-0603-100nF,LOT-507544,1404/12/16 07:00:00,10000,58,9942,EMP-006
FLOG-001084,LINE-B,ORD-1404-0101,52,CAP-0603-22pF,LOT-407534,1404/12/16 07:00:00,2500,56,2444,EMP-006
FLOG-001085,LINE-B,ORD-1404-0101,35,RES-0402-1K,LOT-827836,1404/12/16 07:00:00,5000,51,4949,EMP-006
FLOG-001086,LINE-B,ORD-1404-0101,8,IC-BGA-DDR3-2G,LOT-836658,1404/12/16 07:00:00,2500,52,2448,EMP-006
FLOG-001087,LINE-B,ORD-1404-0101,37,CONN-HDR-4P,LOT-495032,1404/12/16 07:00:00,10000,51,9949,EMP-006
FLOG-001088,LINE-A,ORD-1404-0102,45,RES-0201-100K,LOT-407898,1404/12/17 13:02:00,4000,12,3988,EMP-004
FLOG-001089,LINE-A,ORD-1404-0102,49,CAP-0603-100pF,LOT-428557,1404/12/17 13:02:00,4000,13,3987,EMP-004
FLOG-001090,LINE-A,ORD-1404-0102,30,DIO-SS14,LOT-485100,1404/12/17 13:02:00,10000,12,9988,EMP-004
FLOG-001091,LINE-A,ORD-1404-0102,40,RES-0201-10K,LOT-745789,1404/12/17 13:02:00,4000,12,3988,EMP-004
FLOG-001092,LINE-A,ORD-1404-0102,6,CAP-0603-100nF,LOT-613243,1404/12/17 13:02:00,5000,13,4987,EMP-004
FLOG-001093,LINE-A,ORD-1404-0102,39,RES-0402-4K7,LOT-611861,1404/12/17 13:02:00,5000,13,4987,EMP-004
FLOG-001094,LINE-A,ORD-1404-0102,26,CAP-0603-22pF,LOT-976606,1404/12/17 13:02:00,10000,13,9987,EMP-004
FLOG-001095,LINE-A,ORD-1404-0102,53,RES-0402-10R,LOT-758978,1404/12/17 13:02:00,4000,12,3988,EMP-004
FLOG-001096,LINE-A,ORD-1404-0102,8,RES-0402-100R,LOT-822227,1404/12/17 13:02:00,2500,12,2488,EMP-004
FLOG-001097,LINE-A,ORD-1404-0102,60,CONN-HDR-4P,LOT-129107,1404/12/17 13:02:00,5000,13,4987,EMP-004
FLOG-001098,LINE-B,ORD-1404-0103,10,CAP-0603-100nF,LOT-680727,1404/12/19 13:15:00,10000,128,9872,EMP-007
FLOG-001099,LINE-B,ORD-1404-0103,39,CAP-0603-1uF,LOT-968386,1404/12/19 13:15:00,5000,138,4862,EMP-007
FLOG-001100,LINE-B,ORD-1404-0103,40,RES-0402-10R,LOT-574897,1404/12/19 13:15:00,2500,133,2367,EMP-007
FLOG-001101,LINE-B,ORD-1404-0103,34,IC-SOIC-MCU-STM32F1,LOT-911212,1404/12/19 13:15:00,5000,135,4865,EMP-007
FLOG-001102,LINE-B,ORD-1404-0103,53,IC-SOIC-EEPROM-24C02,LOT-367379,1404/12/19 13:15:00,4000,135,3865,EMP-007
FLOG-001103,LINE-B,ORD-1404-0103,59,RES-0201-1K,LOT-573684,1404/12/19 13:15:00,5000,140,4860,EMP-007
FLOG-001104,LINE-B,ORD-1404-0103,14,RES-0201-100K,LOT-196680,1404/12/19 13:15:00,2500,137,2363,EMP-007
FLOG-001105,LINE-B,ORD-1404-0103,30,CAP-0603-100nF,LOT-521977,1404/12/19 13:15:00,5000,131,4869,EMP-007
FLOG-001106,LINE-B,ORD-1404-0103,31,CAP-0201-100nF,LOT-914456,1404/12/19 13:15:00,2500,141,2359,EMP-007
FLOG-001107,LINE-B,ORD-1404-0103,24,RES-0402-330R,LOT-823612,1404/12/19 13:15:00,4000,138,3862,EMP-007
FLOG-001108,LINE-B,ORD-1404-0103,41,RES-0402-100K,LOT-427236,1404/12/19 13:15:00,5000,142,4858,EMP-007
FLOG-001109,LINE-B,ORD-1404-0103,43,CONN-HDR-4P,LOT-629533,1404/12/19 13:15:00,10000,140,9860,EMP-007
FLOG-001110,LINE-B,ORD-1404-0104,20,RES-0402-1K,LOT-676189,1404/12/18 08:43:00,2500,82,2418,EMP-010
FLOG-001111,LINE-B,ORD-1404-0104,18,RES-0402-330R,LOT-689940,1404/12/18 08:43:00,2500,86,2414,EMP-010
FLOG-001112,LINE-B,ORD-1404-0104,30,RES-0201-10K,LOT-868361,1404/12/18 08:43:00,10000,80,9920,EMP-010
FLOG-001113,LINE-B,ORD-1404-0104,41,IC-SOIC-MCU-STM32F1,LOT-954518,1404/12/18 08:43:00,4000,81,3919,EMP-010
FLOG-001114,LINE-B,ORD-1404-0104,6,RES-0402-330R,LOT-489753,1404/12/18 08:43:00,2500,81,2419,EMP-010
FLOG-001115,LINE-B,ORD-1404-0104,19,CAP-0603-10uF,LOT-996805,1404/12/18 08:43:00,2500,88,2412,EMP-010
FLOG-001116,LINE-B,ORD-1404-0104,37,CONN-HDR-4P,LOT-724713,1404/12/18 08:43:00,4000,88,3912,EMP-010
FLOG-001117,LINE-B,ORD-1404-0105,7,DIO-LED-0603-RED,LOT-925670,1404/12/16 11:14:00,2500,21,2479,EMP-006
FLOG-001118,LINE-B,ORD-1404-0105,11,RES-0402-1K,LOT-333114,1404/12/16 11:14:00,10000,23,9977,EMP-006
FLOG-001119,LINE-B,ORD-1404-0105,8,CAP-0603-22pF,LOT-506687,1404/12/16 11:14:00,2500,22,2478,EMP-006
FLOG-001120,LINE-B,ORD-1404-0105,3,CAP-0201-10pF,LOT-728440,1404/12/16 11:14:00,4000,22,3978,EMP-006
FLOG-001121,LINE-B,ORD-1404-0105,15,CAP-0603-4.7uF,LOT-407493,1404/12/16 11:14:00,5000,21,4979,EMP-006
FLOG-001122,LINE-B,ORD-1404-0105,27,RES-0201-1K,LOT-846075,1404/12/16 11:14:00,5000,23,4977,EMP-006
FLOG-001123,LINE-B,ORD-1404-0105,39,RES-0402-4K7,LOT-847087,1404/12/16 11:14:00,4000,21,3979,EMP-006
FLOG-001124,LINE-B,ORD-1404-0105,47,RES-0402-330R,LOT-692792,1404/12/16 11:14:00,10000,21,9979,EMP-006
FLOG-001125,LINE-B,ORD-1404-0105,36,RES-0402-1K,LOT-664328,1404/12/16 11:14:00,5000,21,4979,EMP-006
FLOG-001126,LINE-B,ORD-1404-0105,51,IC-SOIC-OPAMP-DUAL,LOT-775917,1404/12/16 11:14:00,2500,22,2478,EMP-006
FLOG-001127,LINE-B,ORD-1404-0105,35,CONN-TERM-BLOCK-3P,LOT-156527,1404/12/16 11:14:00,5000,21,4979,EMP-006
FLOG-001128,LINE-A,ORD-1404-0106,20,DIO-SS14,LOT-154867,1404/12/17 12:21:00,10000,15,9985,EMP-004
FLOG-001129,LINE-A,ORD-1404-0106,49,RES-0201-1K,LOT-197407,1404/12/17 12:21:00,10000,16,9984,EMP-004
FLOG-001130,LINE-A,ORD-1404-0106,60,CAP-0201-100nF,LOT-341589,1404/12/17 12:21:00,10000,15,9985,EMP-004
FLOG-001131,LINE-A,ORD-1404-0106,35,RES-0402-22R,LOT-767236,1404/12/17 12:21:00,5000,16,4984,EMP-004
FLOG-001132,LINE-A,ORD-1404-0106,50,RES-0402-100K,LOT-975167,1404/12/17 12:21:00,4000,15,3985,EMP-004
FLOG-001133,LINE-A,ORD-1404-0106,23,IC-SOIC-TXRX-RS485,LOT-465991,1404/12/17 12:21:00,2500,16,2484,EMP-004
FLOG-001134,LINE-A,ORD-1404-0106,12,CAP-0603-4.7uF,LOT-110859,1404/12/17 12:21:00,4000,15,3985,EMP-004
FLOG-001135,LINE-A,ORD-1404-0106,45,CAP-0201-10pF,LOT-419745,1404/12/17 12:21:00,5000,15,4985,EMP-004
FLOG-001136,LINE-A,ORD-1404-0106,37,IC-SOIC-EEPROM-24C02,LOT-385497,1404/12/17 12:21:00,10000,17,9983,EMP-004
FLOG-001137,LINE-A,ORD-1404-0106,53,RES-0402-10K,LOT-898300,1404/12/17 12:21:00,4000,15,3985,EMP-004
FLOG-001138,LINE-A,ORD-1404-0106,1,CONN-USB-C,LOT-254331,1404/12/17 12:21:00,4000,15,3985,EMP-004
FLOG-001139,LINE-B,ORD-1404-0107,32,RES-0402-10R,LOT-768065,1404/12/17 12:37:00,5000,91,4909,EMP-010
FLOG-001140,LINE-B,ORD-1404-0107,48,RES-0402-100K,LOT-768966,1404/12/17 12:37:00,4000,89,3911,EMP-010
FLOG-001141,LINE-B,ORD-1404-0107,55,RES-0201-100K,LOT-415113,1404/12/17 12:37:00,10000,83,9917,EMP-010
FLOG-001142,LINE-B,ORD-1404-0107,34,CAP-0603-100pF,LOT-279686,1404/12/17 12:37:00,4000,81,3919,EMP-010
FLOG-001143,LINE-B,ORD-1404-0107,13,CAP-0603-100nF,LOT-335170,1404/12/17 12:37:00,2500,85,2415,EMP-010
FLOG-001144,LINE-B,ORD-1404-0107,2,IC-SOIC-MCU-STM32F1,LOT-550790,1404/12/17 12:37:00,5000,91,4909,EMP-010
FLOG-001145,LINE-B,ORD-1404-0107,10,CAP-0603-22pF,LOT-694448,1404/12/17 12:37:00,5000,87,4913,EMP-010
FLOG-001146,LINE-B,ORD-1404-0107,24,RES-0201-1K,LOT-551761,1404/12/17 12:37:00,10000,85,9915,EMP-010
FLOG-001147,LINE-B,ORD-1404-0107,60,RES-0402-22R,LOT-501340,1404/12/17 12:37:00,5000,90,4910,EMP-010
FLOG-001148,LINE-B,ORD-1404-0107,38,IC-SOIC-EEPROM-24C02,LOT-346220,1404/12/17 12:37:00,2500,92,2408,EMP-010
FLOG-001149,LINE-B,ORD-1404-0107,41,IC-SOIC-MCU-STM32F1,LOT-573721,1404/12/17 12:37:00,10000,85,9915,EMP-010
FLOG-001150,LINE-B,ORD-1404-0107,28,CONN-HDR-4P,LOT-550262,1404/12/17 12:37:00,2500,82,2418,EMP-010
FLOG-001151,LINE-B,ORD-1404-0108,23,RES-0402-1K,LOT-598244,1404/12/20 10:31:00,10000,35,9965,EMP-009
FLOG-001152,LINE-B,ORD-1404-0108,2,IC-SOIC-OPAMP-DUAL,LOT-757044,1404/12/20 10:31:00,4000,34,3966,EMP-009
FLOG-001153,LINE-B,ORD-1404-0108,45,RES-0201-1K,LOT-639979,1404/12/20 10:31:00,10000,35,9965,EMP-009
FLOG-001154,LINE-B,ORD-1404-0108,11,DIO-LED-0603-GRN,LOT-881255,1404/12/20 10:31:00,4000,37,3963,EMP-009
FLOG-001155,LINE-B,ORD-1404-0108,57,RES-0402-10R,LOT-924488,1404/12/20 10:31:00,2500,34,2466,EMP-009
FLOG-001156,LINE-B,ORD-1404-0108,25,RES-0201-47K,LOT-901158,1404/12/20 10:31:00,5000,34,4966,EMP-009
FLOG-001157,LINE-B,ORD-1404-0108,44,RES-0402-22R,LOT-636884,1404/12/20 10:31:00,10000,38,9962,EMP-009
FLOG-001158,LINE-B,ORD-1404-0108,21,RES-0402-330R,LOT-859901,1404/12/20 10:31:00,4000,38,3962,EMP-009
FLOG-001159,LINE-B,ORD-1404-0108,60,CAP-0603-1uF,LOT-995061,1404/12/20 10:31:00,4000,38,3962,EMP-009
FLOG-001160,LINE-B,ORD-1404-0108,54,DIO-LED-0603-RED,LOT-836190,1404/12/20 10:31:00,4000,36,3964,EMP-009
FLOG-001161,LINE-B,ORD-1404-0108,15,RES-0402-100R,LOT-959349,1404/12/20 10:31:00,2500,37,2463,EMP-009
FLOG-001162,LINE-B,ORD-1404-0108,12,CONN-TERM-BLOCK-3P,LOT-376758,1404/12/20 10:31:00,5000,37,4963,EMP-009
FLOG-001163,LINE-B,ORD-1404-0109,53,RES-0201-10K,LOT-291535,1404/12/20 10:46:00,2500,16,2484,EMP-006
FLOG-001164,LINE-B,ORD-1404-0109,48,DIO-SS14,LOT-299020,1404/12/20 10:46:00,10000,17,9983,EMP-006
FLOG-001165,LINE-B,ORD-1404-0109,42,RES-0201-1K,LOT-147085,1404/12/20 10:46:00,4000,17,3983,EMP-006
FLOG-001166,LINE-B,ORD-1404-0109,37,RES-0402-10R,LOT-383963,1404/12/20 10:46:00,2500,18,2482,EMP-006
FLOG-001167,LINE-B,ORD-1404-0109,31,RES-0402-10R,LOT-379218,1404/12/20 10:46:00,2500,17,2483,EMP-006
FLOG-001168,LINE-B,ORD-1404-0109,7,CAP-0603-22pF,LOT-208019,1404/12/20 10:46:00,4000,16,3984,EMP-006
FLOG-001169,LINE-B,ORD-1404-0109,49,CAP-0603-100nF,LOT-750363,1404/12/20 10:46:00,2500,16,2484,EMP-006
FLOG-001170,LINE-B,ORD-1404-0109,11,RES-0201-1K,LOT-700491,1404/12/20 10:46:00,4000,17,3983,EMP-006
FLOG-001171,LINE-B,ORD-1404-0109,52,RES-0402-100R,LOT-142939,1404/12/20 10:46:00,4000,16,3984,EMP-006
FLOG-001172,LINE-A,ORD-1404-0110,43,DIO-LED-0603-GRN,LOT-684487,1404/12/23 07:00:00,4000,35,3965,EMP-001
FLOG-001173,LINE-A,ORD-1404-0110,52,RES-0201-1K,LOT-877580,1404/12/23 07:00:00,4000,39,3961,EMP-001
FLOG-001174,LINE-A,ORD-1404-0110,23,IC-SOIC-OPAMP-DUAL,LOT-680527,1404/12/23 07:00:00,10000,37,9963,EMP-001
FLOG-001175,LINE-A,ORD-1404-0110,29,RES-0402-1K,LOT-238046,1404/12/23 07:00:00,2500,36,2464,EMP-001
FLOG-001176,LINE-A,ORD-1404-0110,6,RES-0201-1K,LOT-735384,1404/12/23 07:00:00,5000,35,4965,EMP-001
FLOG-001177,LINE-A,ORD-1404-0110,42,RES-0402-22R,LOT-958625,1404/12/23 07:00:00,5000,37,4963,EMP-001
FLOG-001178,LINE-A,ORD-1404-0110,16,CAP-0201-100nF,LOT-703815,1404/12/23 07:00:00,2500,39,2461,EMP-001
FLOG-001179,LINE-A,ORD-1404-0110,8,CAP-0201-10pF,LOT-101548,1404/12/23 07:00:00,10000,35,9965,EMP-001
FLOG-001180,LINE-A,ORD-1404-0110,47,CONN-HDR-2P,LOT-410360,1404/12/23 07:00:00,10000,39,9961,EMP-001
FLOG-001181,LINE-A,ORD-1404-0111,20,RES-0402-10R,LOT-673336,1404/12/20 11:35:00,2500,11,2489,EMP-001
FLOG-001182,LINE-A,ORD-1404-0111,35,RES-0402-100K,LOT-911884,1404/12/20 11:35:00,10000,11,9989,EMP-001
FLOG-001183,LINE-A,ORD-1404-0111,56,RES-0402-4K7,LOT-332985,1404/12/20 11:35:00,4000,11,3989,EMP-001
FLOG-001184,LINE-A,ORD-1404-0111,25,RES-0201-100K,LOT-512338,1404/12/20 11:35:00,2500,11,2489,EMP-001
FLOG-001185,LINE-A,ORD-1404-0111,58,RES-0201-10K,LOT-597223,1404/12/20 11:35:00,10000,11,9989,EMP-001
FLOG-001186,LINE-A,ORD-1404-0111,16,IC-SOIC-TXRX-RS485,LOT-277556,1404/12/20 11:35:00,5000,11,4989,EMP-001
FLOG-001187,LINE-A,ORD-1404-0111,1,RES-0201-1K,LOT-307999,1404/12/20 11:35:00,10000,12,9988,EMP-001
FLOG-001188,LINE-A,ORD-1404-0111,51,DIO-SS14,LOT-284776,1404/12/20 11:35:00,5000,11,4989,EMP-001
FLOG-001189,LINE-A,ORD-1404-0111,33,RES-0402-100R,LOT-596012,1404/12/20 11:35:00,5000,11,4989,EMP-001
FLOG-001190,LINE-A,ORD-1404-0111,39,CONN-HDR-2P,LOT-789494,1404/12/20 11:35:00,2500,12,2488,EMP-001
FLOG-001191,LINE-B,ORD-1404-0112,42,RES-0402-330R,LOT-581984,1404/12/23 07:00:00,2500,156,2344,EMP-010
FLOG-001192,LINE-B,ORD-1404-0112,41,CAP-0603-100nF,LOT-250961,1404/12/23 07:00:00,4000,154,3846,EMP-010
FLOG-001193,LINE-B,ORD-1404-0112,7,IC-SOIC-MCU-ATMEGA328,LOT-454509,1404/12/23 07:00:00,10000,159,9841,EMP-010
FLOG-001194,LINE-B,ORD-1404-0112,22,RES-0402-100K,LOT-804412,1404/12/23 07:00:00,10000,161,9839,EMP-010
FLOG-001195,LINE-B,ORD-1404-0112,33,IC-SOIC-TXRX-RS485,LOT-722615,1404/12/23 07:00:00,5000,156,4844,EMP-010
FLOG-001196,LINE-B,ORD-1404-0112,49,CAP-0603-100pF,LOT-156951,1404/12/23 07:00:00,4000,166,3834,EMP-010
FLOG-001197,LINE-B,ORD-1404-0112,60,CAP-0603-4.7uF,LOT-148881,1404/12/23 07:00:00,10000,161,9839,EMP-010
FLOG-001198,LINE-B,ORD-1404-0112,16,IC-SOIC-TXRX-RS485,LOT-839174,1404/12/23 07:00:00,5000,167,4833,EMP-010
FLOG-001199,LINE-B,ORD-1404-0112,47,IC-SOIC-PMIC-BUCK1A,LOT-506636,1404/12/23 07:00:00,5000,168,4832,EMP-010
FLOG-001200,LINE-B,ORD-1404-0112,14,IC-SOIC-MCU-ATMEGA328,LOT-920803,1404/12/23 07:00:00,2500,166,2334,EMP-010
FLOG-001201,LINE-B,ORD-1404-0112,24,DIO-SS14,LOT-447131,1404/12/23 07:00:00,4000,163,3837,EMP-010
FLOG-001202,LINE-B,ORD-1404-0112,50,IC-SOIC-MCU-ATMEGA328,LOT-635838,1404/12/23 07:00:00,10000,159,9841,EMP-010
FLOG-001203,LINE-A,ORD-1404-0113,37,CAP-0603-100pF,LOT-821095,1404/12/23 08:43:00,10000,11,9989,EMP-003
FLOG-001204,LINE-A,ORD-1404-0113,38,RES-0201-47K,LOT-346632,1404/12/23 08:43:00,4000,10,3990,EMP-003
FLOG-001205,LINE-A,ORD-1404-0113,19,CAP-0603-100nF,LOT-860908,1404/12/23 08:43:00,5000,11,4989,EMP-003
FLOG-001206,LINE-A,ORD-1404-0113,28,CAP-0201-10pF,LOT-588188,1404/12/23 08:43:00,5000,10,4990,EMP-003
FLOG-001207,LINE-A,ORD-1404-0113,12,CAP-0603-4.7uF,LOT-855349,1404/12/23 08:43:00,2500,10,2490,EMP-003
FLOG-001208,LINE-A,ORD-1404-0113,57,IC-SOIC-MCU-STM32F1,LOT-349229,1404/12/23 08:43:00,2500,10,2490,EMP-003
FLOG-001209,LINE-A,ORD-1404-0113,56,RES-0201-10K,LOT-437645,1404/12/23 08:43:00,2500,10,2490,EMP-003
FLOG-001210,LINE-A,ORD-1404-0113,51,DIO-SS14,LOT-423022,1404/12/23 08:43:00,5000,10,4990,EMP-003
FLOG-001211,LINE-A,ORD-1404-0113,45,RES-0402-100K,LOT-165064,1404/12/23 08:43:00,5000,11,4989,EMP-003
FLOG-001212,LINE-A,ORD-1404-0113,59,CAP-0603-4.7uF,LOT-251773,1404/12/23 08:43:00,2500,10,2490,EMP-003
FLOG-001213,LINE-A,ORD-1404-0113,11,RES-0402-10K,LOT-186411,1404/12/23 08:43:00,5000,10,4990,EMP-003
FLOG-001214,LINE-A,ORD-1404-0113,3,RES-0402-4K7,LOT-491986,1404/12/23 08:43:00,5000,11,4989,EMP-003
FLOG-001215,LINE-A,ORD-1404-0113,22,CAP-0603-1uF,LOT-615281,1404/12/23 08:43:00,2500,10,2490,EMP-003
FLOG-001216,LINE-A,ORD-1404-0113,27,RES-0402-330R,LOT-730667,1404/12/23 08:43:00,5000,10,4990,EMP-003
FLOG-001217,LINE-A,ORD-1404-0113,7,IC-BGA-FPGA-XC7,LOT-739726,1404/12/23 08:43:00,5000,11,4989,EMP-003
FLOG-001218,LINE-A,ORD-1404-0113,42,CAP-0201-10pF,LOT-130855,1404/12/23 08:43:00,2500,10,2490,EMP-003
FLOG-001219,LINE-A,ORD-1404-0113,9,CONN-USB-C,LOT-446275,1404/12/23 08:43:00,4000,10,3990,EMP-003
FLOG-001220,LINE-A,ORD-1404-0114,6,RES-0201-10K,LOT-694980,1404/12/23 07:00:00,2500,10,2490,EMP-003
FLOG-001221,LINE-A,ORD-1404-0114,54,IC-SOIC-EEPROM-24C02,LOT-830869,1404/12/23 07:00:00,4000,9,3991,EMP-003
FLOG-001222,LINE-A,ORD-1404-0114,49,DIO-LED-0603-RED,LOT-319519,1404/12/23 07:00:00,10000,9,9991,EMP-003
FLOG-001223,LINE-A,ORD-1404-0114,7,RES-0201-47K,LOT-675117,1404/12/23 07:00:00,5000,9,4991,EMP-003
FLOG-001224,LINE-A,ORD-1404-0114,38,IC-SOIC-EEPROM-24C02,LOT-494152,1404/12/23 07:00:00,5000,9,4991,EMP-003
FLOG-001225,LINE-A,ORD-1404-0114,25,RES-0402-22R,LOT-306824,1404/12/23 07:00:00,2500,9,2491,EMP-003
FLOG-001226,LINE-A,ORD-1404-0114,10,RES-0402-4K7,LOT-302857,1404/12/23 07:00:00,2500,9,2491,EMP-003
FLOG-001227,LINE-A,ORD-1404-0114,11,RES-0402-1K,LOT-504128,1404/12/23 07:00:00,5000,9,4991,EMP-003
FLOG-001228,LINE-A,ORD-1404-0114,37,RES-0402-100K,LOT-350794,1404/12/23 07:00:00,4000,9,3991,EMP-003
FLOG-001229,LINE-A,ORD-1404-0114,53,RES-0402-100K,LOT-482272,1404/12/23 07:00:00,2500,9,2491,EMP-003
FLOG-001230,LINE-A,ORD-1404-0114,34,RES-0201-1K,LOT-554357,1404/12/23 07:00:00,5000,9,4991,EMP-003
FLOG-001231,LINE-A,ORD-1404-0114,43,CAP-0603-100nF,LOT-722194,1404/12/23 07:00:00,5000,9,4991,EMP-003
FLOG-001232,LINE-A,ORD-1404-0114,32,RES-0402-330R,LOT-223419,1404/12/23 07:00:00,4000,9,3991,EMP-003
FLOG-001233,LINE-A,ORD-1404-0114,52,IC-BGA-SOC-IMX6,LOT-127460,1404/12/23 07:00:00,10000,9,9991,EMP-003
FLOG-001234,LINE-A,ORD-1404-0114,48,CONN-USB-C,LOT-145350,1404/12/23 07:00:00,2500,9,2491,EMP-003
FLOG-001235,LINE-B,ORD-1404-0115,46,RES-0402-10K,LOT-964865,1404/12/23 07:00:00,10000,78,9922,EMP-006
FLOG-001236,LINE-B,ORD-1404-0115,49,CAP-0201-100nF,LOT-327351,1404/12/23 07:00:00,5000,75,4925,EMP-006
FLOG-001237,LINE-B,ORD-1404-0115,2,RES-0201-1K,LOT-964217,1404/12/23 07:00:00,5000,75,4925,EMP-006
FLOG-001238,LINE-B,ORD-1404-0115,60,IC-SOIC-EEPROM-24C02,LOT-375837,1404/12/23 07:00:00,2500,81,2419,EMP-006
FLOG-001239,LINE-B,ORD-1404-0115,50,RES-0402-10K,LOT-949421,1404/12/23 07:00:00,4000,83,3917,EMP-006
FLOG-001240,LINE-B,ORD-1404-0115,32,RES-0201-1K,LOT-476179,1404/12/23 07:00:00,2500,82,2418,EMP-006
FLOG-001241,LINE-B,ORD-1404-0115,58,RES-0402-100K,LOT-239234,1404/12/23 07:00:00,4000,75,3925,EMP-006
FLOG-001242,LINE-B,ORD-1404-0115,18,CAP-0201-10pF,LOT-952500,1404/12/23 07:00:00,2500,77,2423,EMP-006
FLOG-001243,LINE-B,ORD-1404-0115,17,CAP-0603-100nF,LOT-492374,1404/12/23 07:00:00,5000,85,4915,EMP-006
FLOG-001244,LINE-B,ORD-1404-0115,53,RES-0402-330R,LOT-773725,1404/12/23 07:00:00,5000,85,4915,EMP-006
FLOG-001245,LINE-B,ORD-1404-0115,9,IC-SOIC-TXRX-RS485,LOT-503972,1404/12/23 07:00:00,4000,80,3920,EMP-006
FLOG-001246,LINE-B,ORD-1404-0115,43,CAP-0603-4.7uF,LOT-447301,1404/12/23 07:00:00,10000,80,9920,EMP-006
FLOG-001247,LINE-A,ORD-1404-0116,27,RES-0402-10K,LOT-682264,1404/12/24 11:03:00,10000,167,9833,EMP-001
FLOG-001248,LINE-A,ORD-1404-0116,2,RES-0402-10K,LOT-872366,1404/12/24 11:03:00,2500,153,2347,EMP-001
FLOG-001249,LINE-A,ORD-1404-0116,18,DIO-SS14,LOT-456736,1404/12/24 11:03:00,2500,154,2346,EMP-001
FLOG-001250,LINE-A,ORD-1404-0116,50,RES-0402-4K7,LOT-911007,1404/12/24 11:03:00,5000,153,4847,EMP-001
FLOG-001251,LINE-A,ORD-1404-0116,8,RES-0402-22R,LOT-583342,1404/12/24 11:03:00,5000,150,4850,EMP-001
FLOG-001252,LINE-A,ORD-1404-0116,9,RES-0402-10K,LOT-491392,1404/12/24 11:03:00,10000,164,9836,EMP-001
FLOG-001253,LINE-A,ORD-1404-0116,23,RES-0201-1K,LOT-938830,1404/12/24 11:03:00,10000,154,9846,EMP-001
FLOG-001254,LINE-A,ORD-1404-0116,1,RES-0201-47K,LOT-273041,1404/12/24 11:03:00,5000,154,4846,EMP-001
FLOG-001255,LINE-A,ORD-1404-0116,56,DIO-1N4148,LOT-795313,1404/12/24 11:03:00,4000,149,3851,EMP-001
FLOG-001256,LINE-A,ORD-1404-0116,55,IC-SOIC-MCU-STM32F1,LOT-484501,1404/12/24 11:03:00,2500,158,2342,EMP-001
FLOG-001257,LINE-A,ORD-1404-0116,45,RES-0402-4K7,LOT-762400,1404/12/24 11:03:00,4000,156,3844,EMP-001
FLOG-001258,LINE-A,ORD-1404-0116,60,DIO-LED-0603-RED,LOT-901821,1404/12/24 11:03:00,4000,156,3844,EMP-001
FLOG-001259,LINE-A,ORD-1404-0116,21,RES-0402-100K,LOT-838927,1404/12/24 11:03:00,4000,155,3845,EMP-001
FLOG-001260,LINE-A,ORD-1404-0116,33,CONN-TERM-BLOCK-3P,LOT-647373,1404/12/24 11:03:00,10000,153,9847,EMP-001
FLOG-001261,LINE-A,ORD-1404-0117,8,DIO-SS14,LOT-858031,1404/12/23 10:09:00,4000,28,3972,EMP-003
FLOG-001262,LINE-A,ORD-1404-0117,11,IC-SOIC-EEPROM-24C02,LOT-319736,1404/12/23 10:09:00,4000,30,3970,EMP-003
FLOG-001263,LINE-A,ORD-1404-0117,22,RES-0402-4K7,LOT-784598,1404/12/23 10:09:00,10000,27,9973,EMP-003
FLOG-001264,LINE-A,ORD-1404-0117,43,CAP-0603-1uF,LOT-219528,1404/12/23 10:09:00,10000,30,9970,EMP-003
FLOG-001265,LINE-A,ORD-1404-0117,13,RES-0402-4K7,LOT-384008,1404/12/23 10:09:00,4000,30,3970,EMP-003
FLOG-001266,LINE-A,ORD-1404-0117,5,RES-0201-100K,LOT-697087,1404/12/23 10:09:00,10000,28,9972,EMP-003
FLOG-001267,LINE-A,ORD-1404-0117,38,RES-0201-1K,LOT-715781,1404/12/23 10:09:00,2500,29,2471,EMP-003
FLOG-001268,LINE-A,ORD-1404-0117,25,RES-0201-100K,LOT-805269,1404/12/23 10:09:00,2500,29,2471,EMP-003
FLOG-001269,LINE-A,ORD-1404-0117,20,RES-0402-1K,LOT-127756,1404/12/23 10:09:00,4000,28,3972,EMP-003
FLOG-001270,LINE-A,ORD-1404-0117,56,CAP-0201-100nF,LOT-118455,1404/12/23 10:09:00,4000,29,3971,EMP-003
FLOG-001271,LINE-A,ORD-1404-0118,21,RES-0201-1K,LOT-822313,1404/12/26 12:31:00,4000,21,3979,EMP-005
FLOG-001272,LINE-A,ORD-1404-0118,23,IC-SOIC-PMIC-BUCK1A,LOT-791238,1404/12/26 12:31:00,10000,22,9978,EMP-005
FLOG-001273,LINE-A,ORD-1404-0118,20,CAP-0201-10pF,LOT-680745,1404/12/26 12:31:00,2500,21,2479,EMP-005
FLOG-001274,LINE-A,ORD-1404-0118,47,RES-0402-330R,LOT-789254,1404/12/26 12:31:00,5000,23,4977,EMP-005
FLOG-001275,LINE-A,ORD-1404-0118,13,RES-0402-4K7,LOT-342495,1404/12/26 12:31:00,4000,23,3977,EMP-005
FLOG-001276,LINE-A,ORD-1404-0118,49,RES-0402-4K7,LOT-661165,1404/12/26 12:31:00,5000,23,4977,EMP-005
FLOG-001277,LINE-A,ORD-1404-0118,32,DIO-1N4148,LOT-130605,1404/12/26 12:31:00,4000,22,3978,EMP-005
FLOG-001278,LINE-A,ORD-1404-0118,33,RES-0201-47K,LOT-608317,1404/12/26 12:31:00,2500,23,2477,EMP-005
FLOG-001279,LINE-B,ORD-1404-0119,48,CAP-0603-4.7uF,LOT-393643,1404/12/25 13:05:00,5000,52,4948,EMP-009
FLOG-001280,LINE-B,ORD-1404-0119,16,CAP-0603-22pF,LOT-579622,1404/12/25 13:05:00,5000,52,4948,EMP-009
FLOG-001281,LINE-B,ORD-1404-0119,28,CAP-0201-100nF,LOT-534248,1404/12/25 13:05:00,4000,46,3954,EMP-009
FLOG-001282,LINE-B,ORD-1404-0119,36,RES-0201-10K,LOT-578417,1404/12/25 13:05:00,10000,49,9951,EMP-009
FLOG-001283,LINE-B,ORD-1404-0119,27,RES-0402-10K,LOT-104743,1404/12/25 13:05:00,4000,51,3949,EMP-009
FLOG-001284,LINE-B,ORD-1404-0119,60,CAP-0603-100nF,LOT-628128,1404/12/25 13:05:00,5000,49,4951,EMP-009
FLOG-001285,LINE-B,ORD-1404-0119,37,IC-SOIC-EEPROM-24C02,LOT-602718,1404/12/25 13:05:00,2500,52,2448,EMP-009
FLOG-001286,LINE-B,ORD-1404-0119,42,RES-0201-1K,LOT-863188,1404/12/25 13:05:00,5000,51,4949,EMP-009
FLOG-001287,LINE-B,ORD-1404-0119,9,RES-0402-100R,LOT-595543,1404/12/25 13:05:00,4000,51,3949,EMP-009
FLOG-001288,LINE-B,ORD-1404-0119,39,DIO-LED-0603-GRN,LOT-152079,1404/12/25 13:05:00,4000,50,3950,EMP-009
FLOG-001289,LINE-B,ORD-1404-0119,29,CONN-USB-C,LOT-408996,1404/12/25 13:05:00,4000,49,3951,EMP-009
FLOG-001290,LINE-B,ORD-1404-0120,13,IC-SOIC-TXRX-RS485,LOT-607710,1404/12/28 12:27:00,4000,71,3929,EMP-008
FLOG-001291,LINE-B,ORD-1404-0120,15,IC-SOIC-EEPROM-24C02,LOT-659606,1404/12/28 12:27:00,4000,77,3923,EMP-008
FLOG-001292,LINE-B,ORD-1404-0120,46,RES-0201-10K,LOT-848496,1404/12/28 12:27:00,5000,75,4925,EMP-008
FLOG-001293,LINE-B,ORD-1404-0120,21,RES-0402-10K,LOT-761740,1404/12/28 12:27:00,5000,72,4928,EMP-008
FLOG-001294,LINE-B,ORD-1404-0120,16,RES-0201-100K,LOT-869628,1404/12/28 12:27:00,2500,74,2426,EMP-008
FLOG-001295,LINE-B,ORD-1404-0120,57,CAP-0603-100nF,LOT-184592,1404/12/28 12:27:00,4000,75,3925,EMP-008
FLOG-001296,LINE-B,ORD-1404-0120,5,RES-0402-10R,LOT-322471,1404/12/28 12:27:00,4000,76,3924,EMP-008
FLOG-001297,LINE-B,ORD-1404-0120,23,RES-0402-100R,LOT-307404,1404/12/28 12:27:00,5000,76,4924,EMP-008
FLOG-001298,LINE-A,ORD-1404-0121,22,RES-0201-47K,LOT-583984,1405/01/01 07:00:00,10000,25,9975,EMP-005
FLOG-001299,LINE-A,ORD-1404-0121,57,DIO-1N4148,LOT-353834,1405/01/01 07:00:00,5000,22,4978,EMP-005
FLOG-001300,LINE-A,ORD-1404-0121,20,CAP-0603-22pF,LOT-934022,1405/01/01 07:00:00,10000,24,9976,EMP-005
FLOG-001301,LINE-A,ORD-1404-0121,17,RES-0402-22R,LOT-357720,1405/01/01 07:00:00,4000,22,3978,EMP-005
FLOG-001302,LINE-A,ORD-1404-0121,34,RES-0402-100R,LOT-139273,1405/01/01 07:00:00,4000,24,3976,EMP-005
FLOG-001303,LINE-A,ORD-1404-0121,24,CAP-0603-4.7uF,LOT-697569,1405/01/01 07:00:00,2500,25,2475,EMP-005
FLOG-001304,LINE-A,ORD-1404-0121,18,RES-0201-10K,LOT-672381,1405/01/01 07:00:00,5000,23,4977,EMP-005
FLOG-001305,LINE-A,ORD-1404-0121,7,CAP-0603-4.7uF,LOT-766993,1405/01/01 07:00:00,5000,24,4976,EMP-005
FLOG-001306,LINE-A,ORD-1404-0121,9,RES-0201-10K,LOT-128120,1405/01/01 07:00:00,4000,25,3975,EMP-005
FLOG-001307,LINE-A,ORD-1404-0121,27,IC-SOIC-PMIC-BUCK1A,LOT-767396,1405/01/01 07:00:00,2500,24,2476,EMP-005
FLOG-001308,LINE-A,ORD-1404-0121,37,DIO-LED-0603-RED,LOT-110614,1405/01/01 07:00:00,5000,24,4976,EMP-005
FLOG-001309,LINE-A,ORD-1404-0121,48,RES-0402-330R,LOT-508172,1405/01/01 07:00:00,5000,23,4977,EMP-005
FLOG-001310,LINE-B,ORD-1404-0122,4,DIO-1N4148,LOT-757383,1404/12/27 09:58:00,4000,27,3973,EMP-007
FLOG-001311,LINE-B,ORD-1404-0122,58,RES-0402-10K,LOT-189528,1404/12/27 09:58:00,2500,29,2471,EMP-007
FLOG-001312,LINE-B,ORD-1404-0122,35,RES-0201-1K,LOT-303656,1404/12/27 09:58:00,4000,28,3972,EMP-007
FLOG-001313,LINE-B,ORD-1404-0122,47,CAP-0603-100nF,LOT-572497,1404/12/27 09:58:00,10000,27,9973,EMP-007
FLOG-001314,LINE-B,ORD-1404-0122,59,RES-0402-1K,LOT-199487,1404/12/27 09:58:00,5000,28,4972,EMP-007
FLOG-001315,LINE-B,ORD-1404-0122,24,DIO-1N4148,LOT-983226,1404/12/27 09:58:00,10000,28,9972,EMP-007
FLOG-001316,LINE-B,ORD-1404-0122,16,CONN-HDR-4P,LOT-495451,1404/12/27 09:58:00,4000,29,3971,EMP-007
FLOG-001317,LINE-B,ORD-1404-0123,24,RES-0402-100R,LOT-167512,1404/12/27 13:13:00,10000,22,9978,EMP-007
FLOG-001318,LINE-B,ORD-1404-0123,12,CAP-0603-4.7uF,LOT-247297,1404/12/27 13:13:00,4000,21,3979,EMP-007
FLOG-001319,LINE-B,ORD-1404-0123,31,IC-SOIC-PMIC-BUCK1A,LOT-129951,1404/12/27 13:13:00,5000,23,4977,EMP-007
FLOG-001320,LINE-B,ORD-1404-0123,14,RES-0402-100R,LOT-219060,1404/12/27 13:13:00,4000,22,3978,EMP-007
FLOG-001321,LINE-B,ORD-1404-0123,53,RES-0201-1K,LOT-514878,1404/12/27 13:13:00,10000,21,9979,EMP-007
FLOG-001322,LINE-B,ORD-1404-0123,29,RES-0402-100R,LOT-152378,1404/12/27 13:13:00,5000,21,4979,EMP-007
FLOG-001323,LINE-B,ORD-1404-0123,32,RES-0402-10R,LOT-191864,1404/12/27 13:13:00,2500,22,2478,EMP-007
FLOG-001324,LINE-B,ORD-1404-0123,60,CAP-0201-100nF,LOT-132126,1404/12/27 13:13:00,2500,21,2479,EMP-007
FLOG-001325,LINE-B,ORD-1404-0123,38,CAP-0603-10uF,LOT-445356,1404/12/27 13:13:00,4000,22,3978,EMP-007
FLOG-001326,LINE-B,ORD-1404-0123,10,CAP-0603-100nF,LOT-310360,1404/12/27 13:13:00,5000,23,4977,EMP-007
FLOG-001327,LINE-B,ORD-1404-0123,22,IC-SOIC-PMIC-BUCK1A,LOT-207204,1404/12/27 13:13:00,2500,24,2476,EMP-007
FLOG-001328,LINE-B,ORD-1404-0123,49,RES-0402-4K7,LOT-447776,1404/12/27 13:13:00,2500,21,2479,EMP-007
FLOG-001329,LINE-B,ORD-1404-0123,9,RES-0201-100K,LOT-190123,1404/12/27 13:13:00,4000,23,3977,EMP-007
FLOG-001330,LINE-B,ORD-1404-0123,1,RES-0402-10R,LOT-165433,1404/12/27 13:13:00,4000,21,3979,EMP-007
FLOG-001331,LINE-B,ORD-1404-0123,7,CONN-HDR-2P,LOT-951502,1404/12/27 13:13:00,5000,23,4977,EMP-007
FLOG-001332,LINE-B,ORD-1404-0124,11,CAP-0201-10pF,LOT-403782,1405/01/01 07:00:00,5000,7,4993,EMP-007
FLOG-001333,LINE-B,ORD-1404-0124,6,DIO-LED-0603-RED,LOT-327444,1405/01/01 07:00:00,10000,7,9993,EMP-007
FLOG-001334,LINE-B,ORD-1404-0124,15,IC-SOIC-OPAMP-DUAL,LOT-984564,1405/01/01 07:00:00,5000,8,4992,EMP-007
FLOG-001335,LINE-B,ORD-1404-0124,51,IC-SOIC-TXRX-RS485,LOT-751111,1405/01/01 07:00:00,4000,7,3993,EMP-007
FLOG-001336,LINE-B,ORD-1404-0124,2,IC-SOIC-MCU-ATMEGA328,LOT-266706,1405/01/01 07:00:00,4000,7,3993,EMP-007
FLOG-001337,LINE-B,ORD-1404-0124,49,CAP-0201-10pF,LOT-236314,1405/01/01 07:00:00,10000,7,9993,EMP-007
FLOG-001338,LINE-B,ORD-1404-0124,43,IC-SOIC-TXRX-RS485,LOT-412620,1405/01/01 07:00:00,2500,7,2493,EMP-007
FLOG-001339,LINE-B,ORD-1404-0124,9,RES-0201-100K,LOT-865131,1405/01/01 07:00:00,2500,7,2493,EMP-007
FLOG-001340,LINE-B,ORD-1404-0124,7,CAP-0603-1uF,LOT-894882,1405/01/01 07:00:00,2500,7,2493,EMP-007
FLOG-001341,LINE-B,ORD-1404-0124,54,DIO-1N4148,LOT-989292,1405/01/01 07:00:00,4000,7,3993,EMP-007
FLOG-001342,LINE-B,ORD-1404-0124,45,RES-0201-1K,LOT-981760,1405/01/01 07:00:00,2500,7,2493,EMP-007
FLOG-001343,LINE-B,ORD-1404-0124,42,CONN-HDR-4P,LOT-246146,1405/01/01 07:00:00,2500,7,2493,EMP-007
FLOG-001344,LINE-A,ORD-1404-0125,4,CAP-0201-10pF,LOT-983296,1405/01/02 08:58:00,2500,332,2168,EMP-005
FLOG-001345,LINE-A,ORD-1404-0125,53,RES-0201-100K,LOT-927631,1405/01/02 08:58:00,2500,349,2151,EMP-005
FLOG-001346,LINE-A,ORD-1404-0125,47,CAP-0201-100nF,LOT-869208,1405/01/02 08:58:00,4000,339,3661,EMP-005
FLOG-001347,LINE-A,ORD-1404-0125,49,RES-0402-100K,LOT-126867,1405/01/02 08:58:00,10000,341,9659,EMP-005
FLOG-001348,LINE-A,ORD-1404-0125,9,RES-0402-330R,LOT-907436,1405/01/02 08:58:00,10000,354,9646,EMP-005
FLOG-001349,LINE-A,ORD-1404-0125,59,CAP-0603-10uF,LOT-144419,1405/01/02 08:58:00,10000,317,9683,EMP-005
FLOG-001350,LINE-A,ORD-1404-0125,38,RES-0402-100K,LOT-633530,1405/01/02 08:58:00,5000,317,4683,EMP-005
FLOG-001351,LINE-A,ORD-1404-0125,28,DIO-LED-0603-RED,LOT-471162,1405/01/02 08:58:00,10000,355,9645,EMP-005
FLOG-001352,LINE-A,ORD-1404-0125,51,RES-0201-100K,LOT-148071,1405/01/02 08:58:00,10000,318,9682,EMP-005
FLOG-001353,LINE-A,ORD-1404-0125,43,CAP-0201-10pF,LOT-255856,1405/01/02 08:58:00,2500,335,2165,EMP-005
FLOG-001354,LINE-A,ORD-1404-0125,52,RES-0402-10K,LOT-480807,1405/01/02 08:58:00,2500,310,2190,EMP-005
FLOG-001355,LINE-A,ORD-1404-0125,8,RES-0402-100R,LOT-806380,1405/01/02 08:58:00,2500,340,2160,EMP-005
FLOG-001356,LINE-A,ORD-1404-0125,25,RES-0402-100K,LOT-199511,1405/01/02 08:58:00,10000,352,9648,EMP-005
FLOG-001357,LINE-A,ORD-1404-0125,37,IC-BGA-FPGA-XC7,LOT-600056,1405/01/02 08:58:00,4000,321,3679,EMP-005
FLOG-001358,LINE-A,ORD-1404-0125,35,RES-0402-10K,LOT-372633,1405/01/02 08:58:00,10000,350,9650,EMP-005
FLOG-001359,LINE-A,ORD-1404-0125,5,CONN-HDR-2P,LOT-273442,1405/01/02 08:58:00,2500,327,2173,EMP-005
FLOG-001360,LINE-B,ORD-1405-0126,51,RES-0402-330R,LOT-473434,1405/01/01 14:13:00,4000,252,3748,EMP-009
FLOG-001361,LINE-B,ORD-1405-0126,8,RES-0402-10K,LOT-190047,1405/01/01 14:13:00,5000,273,4727,EMP-009
FLOG-001362,LINE-B,ORD-1405-0126,57,IC-SOIC-EEPROM-24C02,LOT-553252,1405/01/01 14:13:00,2500,264,2236,EMP-009
FLOG-001363,LINE-B,ORD-1405-0126,52,CAP-0201-100nF,LOT-653113,1405/01/01 14:13:00,4000,282,3718,EMP-009
FLOG-001364,LINE-B,ORD-1405-0126,15,CAP-0201-100nF,LOT-255472,1405/01/01 14:13:00,2500,251,2249,EMP-009
FLOG-001365,LINE-B,ORD-1405-0126,32,DIO-LED-0603-GRN,LOT-767010,1405/01/01 14:13:00,2500,255,2245,EMP-009
FLOG-001366,LINE-B,ORD-1405-0126,44,RES-0402-100R,LOT-671718,1405/01/01 14:13:00,5000,257,4743,EMP-009
FLOG-001367,LINE-A,ORD-1405-0127,6,CAP-0603-22pF,LOT-576734,1405/01/02 11:38:00,5000,70,4930,EMP-003
FLOG-001368,LINE-A,ORD-1405-0127,55,RES-0402-10R,LOT-237090,1405/01/02 11:38:00,2500,72,2428,EMP-003
FLOG-001369,LINE-A,ORD-1405-0127,1,CAP-0201-100nF,LOT-549889,1405/01/02 11:38:00,5000,67,4933,EMP-003
FLOG-001370,LINE-A,ORD-1405-0127,44,RES-0402-1K,LOT-873047,1405/01/02 11:38:00,10000,71,9929,EMP-003
FLOG-001371,LINE-A,ORD-1405-0127,40,IC-SOIC-EEPROM-24C02,LOT-722462,1405/01/02 11:38:00,5000,70,4930,EMP-003
FLOG-001372,LINE-A,ORD-1405-0127,57,CAP-0603-4.7uF,LOT-415880,1405/01/02 11:38:00,4000,74,3926,EMP-003
FLOG-001373,LINE-A,ORD-1405-0127,4,IC-SOIC-EEPROM-24C02,LOT-889895,1405/01/02 11:38:00,4000,67,3933,EMP-003
FLOG-001374,LINE-A,ORD-1405-0127,24,IC-SOIC-PMIC-BUCK1A,LOT-371881,1405/01/02 11:38:00,4000,72,3928,EMP-003
FLOG-001375,LINE-A,ORD-1405-0127,46,RES-0201-100K,LOT-755685,1405/01/02 11:38:00,2500,75,2425,EMP-003
FLOG-001376,LINE-A,ORD-1405-0127,19,CAP-0201-10pF,LOT-248447,1405/01/02 11:38:00,5000,66,4934,EMP-003
FLOG-001377,LINE-A,ORD-1405-0128,54,DIO-LED-0603-GRN,LOT-300601,1405/01/03 12:45:00,5000,10,4990,EMP-001
FLOG-001378,LINE-A,ORD-1405-0128,34,RES-0402-10K,LOT-468046,1405/01/03 12:45:00,4000,11,3989,EMP-001
FLOG-001379,LINE-A,ORD-1405-0128,8,RES-0201-1K,LOT-343093,1405/01/03 12:45:00,2500,10,2490,EMP-001
FLOG-001380,LINE-A,ORD-1405-0128,38,RES-0402-4K7,LOT-715126,1405/01/03 12:45:00,10000,10,9990,EMP-001
FLOG-001381,LINE-A,ORD-1405-0128,57,RES-0201-47K,LOT-422069,1405/01/03 12:45:00,5000,10,4990,EMP-001
FLOG-001382,LINE-A,ORD-1405-0128,15,RES-0402-10K,LOT-983262,1405/01/03 12:45:00,2500,10,2490,EMP-001
FLOG-001383,LINE-A,ORD-1405-0128,44,RES-0402-22R,LOT-650831,1405/01/03 12:45:00,5000,10,4990,EMP-001
FLOG-001384,LINE-A,ORD-1405-0128,60,RES-0402-10K,LOT-908820,1405/01/03 12:45:00,2500,10,2490,EMP-001
FLOG-001385,LINE-A,ORD-1405-0128,3,IC-SOIC-PMIC-BUCK1A,LOT-810938,1405/01/03 12:45:00,5000,10,4990,EMP-001
FLOG-001386,LINE-A,ORD-1405-0128,21,RES-0201-100K,LOT-471482,1405/01/03 12:45:00,2500,10,2490,EMP-001
FLOG-001387,LINE-A,ORD-1405-0128,9,IC-SOIC-PMIC-BUCK1A,LOT-716631,1405/01/03 12:45:00,10000,11,9989,EMP-001
FLOG-001388,LINE-A,ORD-1405-0128,5,RES-0201-100K,LOT-357735,1405/01/03 12:45:00,5000,10,4990,EMP-001
FLOG-001389,LINE-A,ORD-1405-0128,11,IC-SOIC-MCU-STM32F1,LOT-139059,1405/01/03 12:45:00,5000,10,4990,EMP-001
FLOG-001390,LINE-A,ORD-1405-0128,25,RES-0402-330R,LOT-651431,1405/01/03 12:45:00,4000,11,3989,EMP-001
FLOG-001391,LINE-A,ORD-1405-0128,2,CONN-HDR-2P,LOT-911950,1405/01/03 12:45:00,10000,10,9990,EMP-001
FLOG-001392,LINE-B,ORD-1405-0129,60,CAP-0603-22pF,LOT-784564,1405/01/03 12:42:00,2500,6,2494,EMP-009
FLOG-001393,LINE-B,ORD-1405-0129,29,CAP-0603-22pF,LOT-281186,1405/01/03 12:42:00,10000,6,9994,EMP-009
FLOG-001394,LINE-B,ORD-1405-0129,45,IC-SOIC-MCU-ATMEGA328,LOT-495193,1405/01/03 12:42:00,5000,6,4994,EMP-009
FLOG-001395,LINE-B,ORD-1405-0129,23,RES-0402-330R,LOT-105343,1405/01/03 12:42:00,2500,6,2494,EMP-009
FLOG-001396,LINE-B,ORD-1405-0129,19,RES-0402-4K7,LOT-795140,1405/01/03 12:42:00,5000,6,4994,EMP-009
FLOG-001397,LINE-B,ORD-1405-0129,3,CAP-0603-100pF,LOT-189462,1405/01/03 12:42:00,5000,6,4994,EMP-009
FLOG-001398,LINE-B,ORD-1405-0129,9,DIO-1N4148,LOT-534925,1405/01/03 12:42:00,2500,6,2494,EMP-009
FLOG-001399,LINE-B,ORD-1405-0129,54,RES-0402-22R,LOT-928065,1405/01/03 12:42:00,10000,6,9994,EMP-009
FLOG-001400,LINE-B,ORD-1405-0129,5,CAP-0603-10uF,LOT-383102,1405/01/03 12:42:00,10000,6,9994,EMP-009
FLOG-001401,LINE-B,ORD-1405-0129,35,RES-0402-100K,LOT-916604,1405/01/03 12:42:00,5000,6,4994,EMP-009
FLOG-001402,LINE-B,ORD-1405-0129,51,CONN-USB-C,LOT-134503,1405/01/03 12:42:00,4000,6,3994,EMP-009
FLOG-001403,LINE-B,ORD-1405-0130,7,RES-0201-100K,LOT-195290,1405/01/02 09:49:00,5000,42,4958,EMP-007
FLOG-001404,LINE-B,ORD-1405-0130,20,RES-0201-100K,LOT-540046,1405/01/02 09:49:00,5000,47,4953,EMP-007
FLOG-001405,LINE-B,ORD-1405-0130,5,CAP-0603-1uF,LOT-963106,1405/01/02 09:49:00,2500,43,2457,EMP-007
FLOG-001406,LINE-B,ORD-1405-0130,36,DIO-SS14,LOT-750379,1405/01/02 09:49:00,5000,43,4957,EMP-007
FLOG-001407,LINE-B,ORD-1405-0130,17,CAP-0201-100nF,LOT-532319,1405/01/02 09:49:00,4000,43,3957,EMP-007
FLOG-001408,LINE-B,ORD-1405-0130,50,CAP-0603-10uF,LOT-744313,1405/01/02 09:49:00,4000,44,3956,EMP-007
FLOG-001409,LINE-B,ORD-1405-0130,11,IC-SOIC-TXRX-RS485,LOT-462234,1405/01/02 09:49:00,5000,46,4954,EMP-007
FLOG-001410,LINE-B,ORD-1405-0130,33,CAP-0603-100nF,LOT-741748,1405/01/02 09:49:00,10000,43,9957,EMP-007
FLOG-001411,LINE-B,ORD-1405-0130,58,DIO-LED-0603-GRN,LOT-426705,1405/01/02 09:49:00,5000,45,4955,EMP-007
FLOG-001412,LINE-B,ORD-1405-0130,16,CAP-0201-10pF,LOT-602400,1405/01/02 09:49:00,4000,46,3954,EMP-007
FLOG-001413,LINE-B,ORD-1405-0130,31,RES-0201-47K,LOT-995048,1405/01/02 09:49:00,2500,42,2458,EMP-007
FLOG-001414,LINE-B,ORD-1405-0130,57,CAP-0603-100pF,LOT-917058,1405/01/02 09:49:00,2500,46,2454,EMP-007
FLOG-001415,LINE-B,ORD-1405-0130,24,RES-0201-1K,LOT-833001,1405/01/02 09:49:00,4000,45,3955,EMP-007
FLOG-001416,LINE-B,ORD-1405-0130,42,RES-0402-10R,LOT-435203,1405/01/02 09:49:00,5000,42,4958,EMP-007
FLOG-001417,LINE-B,ORD-1405-0130,54,RES-0402-100R,LOT-238833,1405/01/02 09:49:00,4000,42,3958,EMP-007
FLOG-001418,LINE-A,ORD-1405-0131,25,CAP-0603-22pF,LOT-174614,1405/01/03 08:47:00,4000,18,3982,EMP-001
FLOG-001419,LINE-A,ORD-1405-0131,4,IC-SOIC-TXRX-RS485,LOT-758738,1405/01/03 08:47:00,2500,18,2482,EMP-001
FLOG-001420,LINE-A,ORD-1405-0131,49,RES-0402-100K,LOT-561666,1405/01/03 08:47:00,10000,18,9982,EMP-001
FLOG-001421,LINE-A,ORD-1405-0131,32,IC-SOIC-EEPROM-24C02,LOT-479514,1405/01/03 08:47:00,2500,17,2483,EMP-001
FLOG-001422,LINE-A,ORD-1405-0131,47,RES-0201-1K,LOT-554137,1405/01/03 08:47:00,5000,18,4982,EMP-001
FLOG-001423,LINE-A,ORD-1405-0131,9,DIO-LED-0603-RED,LOT-766777,1405/01/03 08:47:00,5000,17,4983,EMP-001
FLOG-001424,LINE-A,ORD-1405-0131,26,IC-SOIC-MCU-STM32F1,LOT-451471,1405/01/03 08:47:00,5000,19,4981,EMP-001
FLOG-001425,LINE-A,ORD-1405-0131,14,CAP-0603-10uF,LOT-113258,1405/01/03 08:47:00,2500,17,2483,EMP-001
FLOG-001426,LINE-A,ORD-1405-0131,24,RES-0201-1K,LOT-365099,1405/01/03 08:47:00,5000,19,4981,EMP-001
FLOG-001427,LINE-A,ORD-1405-0131,34,RES-0201-1K,LOT-315519,1405/01/03 08:47:00,10000,19,9981,EMP-001
FLOG-001428,LINE-A,ORD-1405-0131,15,CAP-0603-4.7uF,LOT-600647,1405/01/03 08:47:00,5000,19,4981,EMP-001
FLOG-001429,LINE-A,ORD-1405-0131,51,RES-0402-100R,LOT-808918,1405/01/03 08:47:00,2500,17,2483,EMP-001
FLOG-001430,LINE-A,ORD-1405-0131,18,IC-SOIC-TXRX-RS485,LOT-764702,1405/01/03 08:47:00,10000,17,9983,EMP-001
FLOG-001431,LINE-A,ORD-1405-0131,1,RES-0402-22R,LOT-895029,1405/01/03 08:47:00,10000,18,9982,EMP-001
FLOG-001432,LINE-A,ORD-1405-0132,25,CAP-0603-100pF,LOT-313894,1405/01/04 11:28:00,4000,23,3977,EMP-003
FLOG-001433,LINE-A,ORD-1405-0132,8,CAP-0603-100pF,LOT-680841,1405/01/04 11:28:00,10000,21,9979,EMP-003
FLOG-001434,LINE-A,ORD-1405-0132,1,DIO-1N4148,LOT-618660,1405/01/04 11:28:00,2500,21,2479,EMP-003
FLOG-001435,LINE-A,ORD-1405-0132,10,RES-0402-100R,LOT-238836,1405/01/04 11:28:00,5000,23,4977,EMP-003
FLOG-001436,LINE-A,ORD-1405-0132,14,RES-0402-4K7,LOT-728045,1405/01/04 11:28:00,10000,23,9977,EMP-003
FLOG-001437,LINE-A,ORD-1405-0132,9,RES-0402-330R,LOT-571512,1405/01/04 11:28:00,10000,21,9979,EMP-003
FLOG-001438,LINE-A,ORD-1405-0132,5,CONN-USB-C,LOT-110205,1405/01/04 11:28:00,10000,21,9979,EMP-003
FLOG-001439,LINE-B,ORD-1405-0133,22,DIO-SS14,LOT-941951,1405/01/03 13:16:00,5000,88,4912,EMP-007
FLOG-001440,LINE-B,ORD-1405-0133,11,IC-SOIC-MCU-STM32F1,LOT-128797,1405/01/03 13:16:00,5000,89,4911,EMP-007
FLOG-001441,LINE-B,ORD-1405-0133,10,RES-0201-47K,LOT-950630,1405/01/03 13:16:00,4000,91,3909,EMP-007
FLOG-001442,LINE-B,ORD-1405-0133,54,IC-SOIC-MCU-STM32F1,LOT-891300,1405/01/03 13:16:00,5000,91,4909,EMP-007
FLOG-001443,LINE-B,ORD-1405-0133,17,RES-0402-1K,LOT-595186,1405/01/03 13:16:00,2500,99,2401,EMP-007
FLOG-001444,LINE-B,ORD-1405-0133,16,RES-0402-1K,LOT-808373,1405/01/03 13:16:00,5000,87,4913,EMP-007
FLOG-001445,LINE-B,ORD-1405-0133,60,IC-SOIC-MCU-ATMEGA328,LOT-900433,1405/01/03 13:16:00,2500,90,2410,EMP-007
FLOG-001446,LINE-B,ORD-1405-0133,52,DIO-LED-0603-GRN,LOT-318075,1405/01/03 13:16:00,10000,93,9907,EMP-007
FLOG-001447,LINE-B,ORD-1405-0133,39,RES-0201-1K,LOT-193517,1405/01/03 13:16:00,10000,88,9912,EMP-007
FLOG-001448,LINE-B,ORD-1405-0133,32,DIO-LED-0603-RED,LOT-151678,1405/01/03 13:16:00,4000,98,3902,EMP-007
FLOG-001449,LINE-B,ORD-1405-0133,1,RES-0201-10K,LOT-993561,1405/01/03 13:16:00,5000,92,4908,EMP-007
FLOG-001450,LINE-B,ORD-1405-0133,34,RES-0201-47K,LOT-730198,1405/01/03 13:16:00,5000,99,4901,EMP-007
FLOG-001451,LINE-B,ORD-1405-0133,26,RES-0402-100K,LOT-170695,1405/01/03 13:16:00,10000,97,9903,EMP-007
FLOG-001452,LINE-B,ORD-1405-0133,59,CAP-0603-22pF,LOT-775375,1405/01/03 13:16:00,2500,96,2404,EMP-007
FLOG-001453,LINE-B,ORD-1405-0133,7,CONN-HDR-2P,LOT-486631,1405/01/03 13:16:00,2500,94,2406,EMP-007
FLOG-001454,LINE-A,ORD-1405-0134,54,CAP-0603-4.7uF,LOT-697971,1405/01/04 12:13:00,2500,34,2466,EMP-005
FLOG-001455,LINE-A,ORD-1405-0134,59,IC-SOIC-OPAMP-DUAL,LOT-984134,1405/01/04 12:13:00,2500,34,2466,EMP-005
FLOG-001456,LINE-A,ORD-1405-0134,26,CAP-0201-10pF,LOT-210033,1405/01/04 12:13:00,2500,34,2466,EMP-005
FLOG-001457,LINE-A,ORD-1405-0134,16,RES-0402-10R,LOT-334193,1405/01/04 12:13:00,4000,35,3965,EMP-005
FLOG-001458,LINE-A,ORD-1405-0134,55,CAP-0603-22pF,LOT-389702,1405/01/04 12:13:00,10000,37,9963,EMP-005
FLOG-001459,LINE-A,ORD-1405-0134,17,DIO-1N4148,LOT-689938,1405/01/04 12:13:00,5000,37,4963,EMP-005
FLOG-001460,LINE-A,ORD-1405-0134,53,DIO-LED-0603-GRN,LOT-971072,1405/01/04 12:13:00,5000,33,4967,EMP-005
FLOG-001461,LINE-A,ORD-1405-0134,46,RES-0402-10R,LOT-488436,1405/01/04 12:13:00,5000,33,4967,EMP-005
FLOG-001462,LINE-A,ORD-1405-0134,38,CAP-0603-10uF,LOT-668218,1405/01/04 12:13:00,10000,33,9967,EMP-005
FLOG-001463,LINE-A,ORD-1405-0134,27,RES-0402-330R,LOT-518152,1405/01/04 12:13:00,2500,35,2465,EMP-005
FLOG-001464,LINE-A,ORD-1405-0134,28,RES-0201-47K,LOT-335161,1405/01/04 12:13:00,2500,33,2467,EMP-005
FLOG-001465,LINE-A,ORD-1405-0134,60,RES-0201-10K,LOT-399031,1405/01/04 12:13:00,10000,36,9964,EMP-005
FLOG-001466,LINE-A,ORD-1405-0134,33,CONN-HDR-2P,LOT-391385,1405/01/04 12:13:00,2500,35,2465,EMP-005
FLOG-001467,LINE-B,ORD-1405-0135,59,RES-0201-10K,LOT-595272,1405/01/08 07:00:00,5000,55,4945,EMP-006
FLOG-001468,LINE-B,ORD-1405-0135,60,IC-SOIC-TXRX-RS485,LOT-422976,1405/01/08 07:00:00,10000,50,9950,EMP-006
FLOG-001469,LINE-B,ORD-1405-0135,22,DIO-LED-0603-GRN,LOT-470473,1405/01/08 07:00:00,2500,50,2450,EMP-006
FLOG-001470,LINE-B,ORD-1405-0135,15,RES-0201-100K,LOT-783271,1405/01/08 07:00:00,5000,51,4949,EMP-006
FLOG-001471,LINE-B,ORD-1405-0135,1,RES-0402-100R,LOT-248915,1405/01/08 07:00:00,4000,53,3947,EMP-006
FLOG-001472,LINE-B,ORD-1405-0135,46,CAP-0603-100nF,LOT-480477,1405/01/08 07:00:00,10000,54,9946,EMP-006
FLOG-001473,LINE-B,ORD-1405-0135,40,CONN-TERM-BLOCK-3P,LOT-696588,1405/01/08 07:00:00,2500,56,2444,EMP-006
FLOG-001474,LINE-B,ORD-1405-0136,15,DIO-1N4148,LOT-968502,1405/01/04 12:13:00,5000,73,4927,EMP-010
FLOG-001475,LINE-B,ORD-1405-0136,53,CAP-0603-10uF,LOT-565041,1405/01/04 12:13:00,2500,78,2422,EMP-010
FLOG-001476,LINE-B,ORD-1405-0136,34,CAP-0603-100nF,LOT-868680,1405/01/04 12:13:00,4000,79,3921,EMP-010
FLOG-001477,LINE-B,ORD-1405-0136,33,RES-0402-330R,LOT-141878,1405/01/04 12:13:00,10000,81,9919,EMP-010
FLOG-001478,LINE-B,ORD-1405-0136,55,CAP-0201-100nF,LOT-521166,1405/01/04 12:13:00,4000,83,3917,EMP-010
FLOG-001479,LINE-B,ORD-1405-0136,10,RES-0402-100R,LOT-280360,1405/01/04 12:13:00,5000,79,4921,EMP-010
FLOG-001480,LINE-B,ORD-1405-0136,31,RES-0402-10R,LOT-149845,1405/01/04 12:13:00,4000,81,3919,EMP-010
FLOG-001481,LINE-B,ORD-1405-0136,39,CAP-0603-10uF,LOT-735542,1405/01/04 12:13:00,2500,77,2423,EMP-010
FLOG-001482,LINE-B,ORD-1405-0136,47,RES-0201-10K,LOT-471382,1405/01/04 12:13:00,10000,79,9921,EMP-010
FLOG-001483,LINE-B,ORD-1405-0136,59,IC-SOIC-OPAMP-DUAL,LOT-204159,1405/01/04 12:13:00,5000,82,4918,EMP-010
FLOG-001484,LINE-B,ORD-1405-0136,9,RES-0402-100R,LOT-258981,1405/01/04 12:13:00,2500,75,2425,EMP-010
FLOG-001485,LINE-B,ORD-1405-0136,51,CAP-0603-1uF,LOT-926037,1405/01/04 12:13:00,10000,73,9927,EMP-010
FLOG-001486,LINE-B,ORD-1405-0136,57,CONN-HDR-4P,LOT-757475,1405/01/04 12:13:00,10000,80,9920,EMP-010
FLOG-001487,LINE-B,ORD-1405-0137,46,CAP-0201-100nF,LOT-248202,1405/01/05 12:18:00,2500,94,2406,EMP-006
FLOG-001488,LINE-B,ORD-1405-0137,9,IC-SOIC-PMIC-BUCK1A,LOT-895798,1405/01/05 12:18:00,10000,96,9904,EMP-006
FLOG-001489,LINE-B,ORD-1405-0137,33,RES-0402-22R,LOT-194584,1405/01/05 12:18:00,4000,104,3896,EMP-006
FLOG-001490,LINE-B,ORD-1405-0137,58,DIO-LED-0603-RED,LOT-908833,1405/01/05 12:18:00,10000,104,9896,EMP-006
FLOG-001491,LINE-B,ORD-1405-0137,32,RES-0201-1K,LOT-928530,1405/01/05 12:18:00,5000,97,4903,EMP-006
FLOG-001492,LINE-B,ORD-1405-0137,50,IC-SOIC-MCU-STM32F1,LOT-389698,1405/01/05 12:18:00,2500,94,2406,EMP-006
FLOG-001493,LINE-B,ORD-1405-0137,13,CAP-0201-10pF,LOT-386611,1405/01/05 12:18:00,10000,95,9905,EMP-006
FLOG-001494,LINE-B,ORD-1405-0137,21,RES-0402-330R,LOT-646488,1405/01/05 12:18:00,10000,92,9908,EMP-006
FLOG-001495,LINE-B,ORD-1405-0137,18,IC-SOIC-PMIC-BUCK1A,LOT-965094,1405/01/05 12:18:00,4000,96,3904,EMP-006
FLOG-001496,LINE-B,ORD-1405-0137,2,CAP-0603-4.7uF,LOT-510243,1405/01/05 12:18:00,2500,101,2399,EMP-006
FLOG-001497,LINE-B,ORD-1405-0137,7,CONN-HDR-4P,LOT-298151,1405/01/05 12:18:00,5000,95,4905,EMP-006
FLOG-001498,LINE-B,ORD-1405-0138,41,RES-0402-22R,LOT-792779,1405/01/05 14:46:00,10000,82,9918,EMP-006
FLOG-001499,LINE-B,ORD-1405-0138,58,IC-SOIC-TXRX-RS485,LOT-813995,1405/01/05 14:46:00,2500,81,2419,EMP-006
FLOG-001500,LINE-B,ORD-1405-0138,43,CAP-0201-10pF,LOT-823988,1405/01/05 14:46:00,5000,85,4915,EMP-006
FLOG-001501,LINE-B,ORD-1405-0138,54,CAP-0603-10uF,LOT-640873,1405/01/05 14:46:00,2500,86,2414,EMP-006
FLOG-001502,LINE-B,ORD-1405-0138,12,RES-0201-1K,LOT-835350,1405/01/05 14:46:00,5000,77,4923,EMP-006
FLOG-001503,LINE-B,ORD-1405-0138,1,DIO-LED-0603-GRN,LOT-518009,1405/01/05 14:46:00,4000,81,3919,EMP-006
FLOG-001504,LINE-B,ORD-1405-0138,15,RES-0402-4K7,LOT-704319,1405/01/05 14:46:00,2500,79,2421,EMP-006
FLOG-001505,LINE-B,ORD-1405-0138,46,RES-0201-10K,LOT-438444,1405/01/05 14:46:00,4000,88,3912,EMP-006
FLOG-001506,LINE-B,ORD-1405-0138,14,DIO-LED-0603-RED,LOT-757004,1405/01/05 14:46:00,4000,79,3921,EMP-006
FLOG-001507,LINE-B,ORD-1405-0138,31,CAP-0201-100nF,LOT-575411,1405/01/05 14:46:00,5000,77,4923,EMP-006
FLOG-001508,LINE-B,ORD-1405-0138,2,RES-0201-1K,LOT-714391,1405/01/05 14:46:00,2500,82,2418,EMP-006
FLOG-001509,LINE-B,ORD-1405-0138,22,DIO-LED-0603-RED,LOT-968662,1405/01/05 14:46:00,4000,78,3922,EMP-006
FLOG-001510,LINE-B,ORD-1405-0138,23,RES-0402-4K7,LOT-365571,1405/01/05 14:46:00,4000,88,3912,EMP-006
FLOG-001511,LINE-B,ORD-1405-0138,50,IC-BGA-SOC-IMX6,LOT-424193,1405/01/05 14:46:00,4000,77,3923,EMP-006
FLOG-001512,LINE-B,ORD-1405-0138,27,RES-0402-1K,LOT-558151,1405/01/05 14:46:00,5000,77,4923,EMP-006
FLOG-001513,LINE-B,ORD-1405-0139,31,CAP-0603-100nF,LOT-395720,1405/01/08 12:30:00,4000,25,3975,EMP-006
FLOG-001514,LINE-B,ORD-1405-0139,10,CAP-0603-22pF,LOT-232941,1405/01/08 12:30:00,4000,24,3976,EMP-006
FLOG-001515,LINE-B,ORD-1405-0139,51,DIO-LED-0603-RED,LOT-356782,1405/01/08 12:30:00,10000,24,9976,EMP-006
FLOG-001516,LINE-B,ORD-1405-0139,21,CAP-0603-100nF,LOT-799340,1405/01/08 12:30:00,2500,24,2476,EMP-006
FLOG-001517,LINE-B,ORD-1405-0139,56,RES-0402-10K,LOT-109019,1405/01/08 12:30:00,5000,23,4977,EMP-006
FLOG-001518,LINE-B,ORD-1405-0139,40,CAP-0603-100pF,LOT-865343,1405/01/08 12:30:00,5000,23,4977,EMP-006
FLOG-001519,LINE-B,ORD-1405-0139,5,CONN-HDR-2P,LOT-854095,1405/01/08 12:30:00,4000,25,3975,EMP-006
FLOG-001520,LINE-A,ORD-1405-0140,16,CAP-0201-100nF,LOT-106012,1405/01/09 08:49:00,10000,196,9804,EMP-005
FLOG-001521,LINE-A,ORD-1405-0140,33,RES-0201-47K,LOT-485701,1405/01/09 08:49:00,2500,176,2324,EMP-005
FLOG-001522,LINE-A,ORD-1405-0140,23,RES-0402-4K7,LOT-331599,1405/01/09 08:49:00,5000,188,4812,EMP-005
FLOG-001523,LINE-A,ORD-1405-0140,18,CAP-0201-10pF,LOT-539860,1405/01/09 08:49:00,4000,199,3801,EMP-005
FLOG-001524,LINE-A,ORD-1405-0140,35,CAP-0603-100nF,LOT-930332,1405/01/09 08:49:00,5000,179,4821,EMP-005
FLOG-001525,LINE-A,ORD-1405-0140,12,CAP-0603-100pF,LOT-391473,1405/01/09 08:49:00,10000,194,9806,EMP-005
FLOG-001526,LINE-A,ORD-1405-0140,46,IC-SOIC-OPAMP-DUAL,LOT-854560,1405/01/09 08:49:00,5000,196,4804,EMP-005
FLOG-001527,LINE-A,ORD-1405-0140,36,CAP-0603-1uF,LOT-543882,1405/01/09 08:49:00,10000,176,9824,EMP-005
FLOG-001528,LINE-A,ORD-1405-0140,50,RES-0402-100K,LOT-465734,1405/01/09 08:49:00,4000,197,3803,EMP-005
FLOG-001529,LINE-A,ORD-1405-0140,47,RES-0402-10R,LOT-114219,1405/01/09 08:49:00,2500,183,2317,EMP-005
FLOG-001530,LINE-A,ORD-1405-0140,27,CAP-0201-100nF,LOT-125418,1405/01/09 08:49:00,4000,182,3818,EMP-005
FLOG-001531,LINE-A,ORD-1405-0140,57,DIO-LED-0603-RED,LOT-911813,1405/01/09 08:49:00,4000,187,3813,EMP-005
FLOG-001532,LINE-A,ORD-1405-0140,56,IC-BGA-DDR3-2G,LOT-278322,1405/01/09 08:49:00,5000,174,4826,EMP-005
FLOG-001533,LINE-A,ORD-1405-0141,58,RES-0402-4K7,LOT-510339,1405/01/08 13:53:00,4000,11,3989,EMP-005
FLOG-001534,LINE-A,ORD-1405-0141,16,DIO-LED-0603-GRN,LOT-880584,1405/01/08 13:53:00,5000,11,4989,EMP-005
FLOG-001535,LINE-A,ORD-1405-0141,15,CAP-0201-10pF,LOT-913001,1405/01/08 13:53:00,4000,12,3988,EMP-005
FLOG-001536,LINE-A,ORD-1405-0141,13,RES-0201-10K,LOT-982559,1405/01/08 13:53:00,5000,12,4988,EMP-005
FLOG-001537,LINE-A,ORD-1405-0141,3,IC-SOIC-TXRX-RS485,LOT-442747,1405/01/08 13:53:00,10000,11,9989,EMP-005
FLOG-001538,LINE-A,ORD-1405-0141,25,DIO-LED-0603-RED,LOT-234476,1405/01/08 13:53:00,10000,11,9989,EMP-005
FLOG-001539,LINE-A,ORD-1405-0141,59,RES-0402-1K,LOT-480165,1405/01/08 13:53:00,2500,11,2489,EMP-005
FLOG-001540,LINE-A,ORD-1405-0141,34,IC-SOIC-TXRX-RS485,LOT-720946,1405/01/08 13:53:00,4000,11,3989,EMP-005
FLOG-001541,LINE-A,ORD-1405-0141,10,RES-0402-10K,LOT-898938,1405/01/08 13:53:00,5000,12,4988,EMP-005
FLOG-001542,LINE-A,ORD-1405-0141,2,DIO-LED-0603-GRN,LOT-983453,1405/01/08 13:53:00,4000,12,3988,EMP-005
FLOG-001543,LINE-A,ORD-1405-0141,37,DIO-LED-0603-RED,LOT-766953,1405/01/08 13:53:00,5000,12,4988,EMP-005
FLOG-001544,LINE-A,ORD-1405-0141,27,RES-0201-100K,LOT-390162,1405/01/08 13:53:00,10000,12,9988,EMP-005
FLOG-001545,LINE-A,ORD-1405-0141,8,RES-0402-10K,LOT-633119,1405/01/08 13:53:00,10000,11,9989,EMP-005
FLOG-001546,LINE-A,ORD-1405-0141,30,IC-SOIC-EEPROM-24C02,LOT-456935,1405/01/08 13:53:00,2500,12,2488,EMP-005
FLOG-001547,LINE-A,ORD-1405-0141,44,RES-0402-4K7,LOT-249408,1405/01/08 13:53:00,5000,11,4989,EMP-005
FLOG-001548,LINE-A,ORD-1405-0141,9,CONN-USB-C,LOT-904012,1405/01/08 13:53:00,2500,12,2488,EMP-005
FLOG-001549,LINE-B,ORD-1405-0142,22,CAP-0603-10uF,LOT-570124,1405/01/10 13:55:00,4000,27,3973,EMP-006
FLOG-001550,LINE-B,ORD-1405-0142,14,DIO-SS14,LOT-706741,1405/01/10 13:55:00,2500,25,2475,EMP-006
FLOG-001551,LINE-B,ORD-1405-0142,13,RES-0201-100K,LOT-516209,1405/01/10 13:55:00,4000,24,3976,EMP-006
FLOG-001552,LINE-B,ORD-1405-0142,43,CAP-0603-100nF,LOT-820712,1405/01/10 13:55:00,2500,27,2473,EMP-006
FLOG-001553,LINE-B,ORD-1405-0142,2,RES-0402-330R,LOT-588289,1405/01/10 13:55:00,10000,27,9973,EMP-006
FLOG-001554,LINE-B,ORD-1405-0142,34,CAP-0603-100nF,LOT-466252,1405/01/10 13:55:00,10000,25,9975,EMP-006
FLOG-001555,LINE-B,ORD-1405-0142,11,CAP-0201-10pF,LOT-761017,1405/01/10 13:55:00,5000,24,4976,EMP-006
FLOG-001556,LINE-B,ORD-1405-0142,41,RES-0402-330R,LOT-185633,1405/01/10 13:55:00,2500,26,2474,EMP-006
FLOG-001557,LINE-B,ORD-1405-0142,15,IC-SOIC-EEPROM-24C02,LOT-213389,1405/01/10 13:55:00,5000,27,4973,EMP-006
FLOG-001558,LINE-B,ORD-1405-0142,3,RES-0201-1K,LOT-136365,1405/01/10 13:55:00,4000,27,3973,EMP-006
FLOG-001559,LINE-B,ORD-1405-0142,21,DIO-LED-0603-GRN,LOT-133380,1405/01/10 13:55:00,10000,26,9974,EMP-006
FLOG-001560,LINE-B,ORD-1405-0142,30,DIO-SS14,LOT-135604,1405/01/10 13:55:00,10000,24,9976,EMP-006
FLOG-001561,LINE-B,ORD-1405-0142,52,IC-BGA-FPGA-XC7,LOT-413034,1405/01/10 13:55:00,5000,25,4975,EMP-006
FLOG-001562,LINE-B,ORD-1405-0142,59,CONN-TERM-BLOCK-3P,LOT-988060,1405/01/10 13:55:00,2500,24,2476,EMP-006
FLOG-001563,LINE-A,ORD-1405-0143,39,CAP-0603-100nF,LOT-446320,1405/01/09 10:41:00,4000,240,3760,EMP-003
FLOG-001564,LINE-A,ORD-1405-0143,51,RES-0402-10R,LOT-445122,1405/01/09 10:41:00,5000,225,4775,EMP-003
FLOG-001565,LINE-A,ORD-1405-0143,28,CAP-0603-100pF,LOT-186068,1405/01/09 10:41:00,4000,225,3775,EMP-003
FLOG-001566,LINE-A,ORD-1405-0143,17,IC-SOIC-OPAMP-DUAL,LOT-742418,1405/01/09 10:41:00,10000,230,9770,EMP-003
FLOG-001567,LINE-A,ORD-1405-0143,43,RES-0402-330R,LOT-465335,1405/01/09 10:41:00,4000,220,3780,EMP-003
FLOG-001568,LINE-A,ORD-1405-0143,15,IC-SOIC-MCU-ATMEGA328,LOT-649441,1405/01/09 10:41:00,4000,239,3761,EMP-003
FLOG-001569,LINE-A,ORD-1405-0143,53,IC-SOIC-PMIC-BUCK1A,LOT-841722,1405/01/09 10:41:00,10000,236,9764,EMP-003
FLOG-001570,LINE-A,ORD-1405-0143,54,IC-SOIC-OPAMP-DUAL,LOT-596173,1405/01/09 10:41:00,4000,248,3752,EMP-003
FLOG-001571,LINE-A,ORD-1405-0143,34,RES-0201-10K,LOT-174132,1405/01/09 10:41:00,10000,244,9756,EMP-003
FLOG-001572,LINE-A,ORD-1405-0143,59,RES-0201-1K,LOT-665170,1405/01/09 10:41:00,4000,240,3760,EMP-003
FLOG-001573,LINE-A,ORD-1405-0143,27,DIO-LED-0603-GRN,LOT-232616,1405/01/09 10:41:00,4000,220,3780,EMP-003
FLOG-001574,LINE-A,ORD-1405-0143,13,IC-SOIC-EEPROM-24C02,LOT-254988,1405/01/09 10:41:00,5000,246,4754,EMP-003
FLOG-001575,LINE-A,ORD-1405-0143,33,CAP-0201-10pF,LOT-609040,1405/01/09 10:41:00,2500,229,2271,EMP-003
FLOG-001576,LINE-A,ORD-1405-0143,26,IC-SOIC-MCU-ATMEGA328,LOT-266824,1405/01/09 10:41:00,2500,240,2260,EMP-003
FLOG-001577,LINE-B,ORD-1405-0144,4,DIO-SS14,LOT-759322,1405/01/12 08:30:00,4000,213,3787,EMP-010
FLOG-001578,LINE-B,ORD-1405-0144,10,CAP-0603-4.7uF,LOT-758929,1405/01/12 08:30:00,4000,190,3810,EMP-010
FLOG-001579,LINE-B,ORD-1405-0144,29,RES-0402-4K7,LOT-691770,1405/01/12 08:30:00,4000,204,3796,EMP-010
FLOG-001580,LINE-B,ORD-1405-0144,33,RES-0402-10K,LOT-436579,1405/01/12 08:30:00,5000,201,4799,EMP-010
FLOG-001581,LINE-B,ORD-1405-0144,22,IC-SOIC-EEPROM-24C02,LOT-784161,1405/01/12 08:30:00,5000,207,4793,EMP-010
FLOG-001582,LINE-B,ORD-1405-0144,3,RES-0201-1K,LOT-916843,1405/01/12 08:30:00,10000,197,9803,EMP-010
FLOG-001583,LINE-B,ORD-1405-0144,6,IC-SOIC-EEPROM-24C02,LOT-899454,1405/01/12 08:30:00,10000,213,9787,EMP-010
FLOG-001584,LINE-B,ORD-1405-0144,13,RES-0402-100R,LOT-914004,1405/01/12 08:30:00,4000,202,3798,EMP-010
FLOG-001585,LINE-B,ORD-1405-0144,7,RES-0201-1K,LOT-442140,1405/01/12 08:30:00,4000,207,3793,EMP-010
FLOG-001586,LINE-A,ORD-1405-0145,38,CAP-0603-100nF,LOT-337347,1405/01/12 08:51:00,5000,19,4981,EMP-005
FLOG-001587,LINE-A,ORD-1405-0145,40,IC-SOIC-OPAMP-DUAL,LOT-560330,1405/01/12 08:51:00,5000,19,4981,EMP-005
FLOG-001588,LINE-A,ORD-1405-0145,13,RES-0201-47K,LOT-113831,1405/01/12 08:51:00,10000,19,9981,EMP-005
FLOG-001589,LINE-A,ORD-1405-0145,17,CAP-0603-22pF,LOT-901107,1405/01/12 08:51:00,5000,20,4980,EMP-005
FLOG-001590,LINE-A,ORD-1405-0145,33,IC-SOIC-OPAMP-DUAL,LOT-109323,1405/01/12 08:51:00,5000,20,4980,EMP-005
FLOG-001591,LINE-A,ORD-1405-0145,39,RES-0402-10R,LOT-156926,1405/01/12 08:51:00,2500,19,2481,EMP-005
FLOG-001592,LINE-A,ORD-1405-0145,2,CAP-0603-22pF,LOT-351480,1405/01/12 08:51:00,5000,21,4979,EMP-005
FLOG-001593,LINE-A,ORD-1405-0145,6,IC-SOIC-MCU-ATMEGA328,LOT-602754,1405/01/12 08:51:00,5000,19,4981,EMP-005
FLOG-001594,LINE-A,ORD-1405-0145,44,IC-SOIC-MCU-STM32F1,LOT-213855,1405/01/12 08:51:00,10000,21,9979,EMP-005
FLOG-001595,LINE-A,ORD-1405-0145,15,RES-0402-100R,LOT-865568,1405/01/12 08:51:00,2500,20,2480,EMP-005
FLOG-001596,LINE-A,ORD-1405-0145,45,CONN-TERM-BLOCK-3P,LOT-867275,1405/01/12 08:51:00,5000,21,4979,EMP-005
FLOG-001597,LINE-B,ORD-1405-0146,37,RES-0201-47K,LOT-912570,1405/01/10 11:03:00,5000,93,4907,EMP-010
FLOG-001598,LINE-B,ORD-1405-0146,9,DIO-1N4148,LOT-139999,1405/01/10 11:03:00,10000,85,9915,EMP-010
FLOG-001599,LINE-B,ORD-1405-0146,36,IC-SOIC-PMIC-BUCK1A,LOT-868880,1405/01/10 11:03:00,4000,86,3914,EMP-010
FLOG-001600,LINE-B,ORD-1405-0146,55,DIO-LED-0603-GRN,LOT-308050,1405/01/10 11:03:00,10000,84,9916,EMP-010
FLOG-001601,LINE-B,ORD-1405-0146,1,CAP-0603-1uF,LOT-730619,1405/01/10 11:03:00,4000,90,3910,EMP-010
FLOG-001602,LINE-B,ORD-1405-0146,39,CAP-0201-100nF,LOT-535876,1405/01/10 11:03:00,4000,87,3913,EMP-010
FLOG-001603,LINE-B,ORD-1405-0146,60,CAP-0603-1uF,LOT-457983,1405/01/10 11:03:00,2500,88,2412,EMP-010
FLOG-001604,LINE-B,ORD-1405-0146,32,IC-SOIC-MCU-ATMEGA328,LOT-492803,1405/01/10 11:03:00,10000,85,9915,EMP-010
FLOG-001605,LINE-B,ORD-1405-0146,7,RES-0402-22R,LOT-432130,1405/01/10 11:03:00,10000,92,9908,EMP-010
FLOG-001606,LINE-B,ORD-1405-0146,15,DIO-SS14,LOT-140662,1405/01/10 11:03:00,2500,85,2415,EMP-010
FLOG-001607,LINE-B,ORD-1405-0146,10,CONN-TERM-BLOCK-3P,LOT-616646,1405/01/10 11:03:00,2500,85,2415,EMP-010
FLOG-001608,LINE-A,ORD-1405-0147,29,IC-SOIC-OPAMP-DUAL,LOT-418241,1405/01/12 11:14:00,10000,308,9692,EMP-001
FLOG-001609,LINE-A,ORD-1405-0147,26,RES-0201-100K,LOT-648342,1405/01/12 11:14:00,2500,321,2179,EMP-001
FLOG-001610,LINE-A,ORD-1405-0147,24,RES-0402-10R,LOT-365734,1405/01/12 11:14:00,5000,295,4705,EMP-001
FLOG-001611,LINE-A,ORD-1405-0147,36,RES-0402-10R,LOT-625913,1405/01/12 11:14:00,4000,301,3699,EMP-001
FLOG-001612,LINE-A,ORD-1405-0147,5,RES-0201-1K,LOT-343989,1405/01/12 11:14:00,4000,294,3706,EMP-001
FLOG-001613,LINE-A,ORD-1405-0147,58,CAP-0603-4.7uF,LOT-734271,1405/01/12 11:14:00,10000,298,9702,EMP-001
FLOG-001614,LINE-A,ORD-1405-0147,11,IC-SOIC-OPAMP-DUAL,LOT-843043,1405/01/12 11:14:00,4000,298,3702,EMP-001
FLOG-001615,LINE-A,ORD-1405-0147,4,IC-SOIC-EEPROM-24C02,LOT-642973,1405/01/12 11:14:00,10000,328,9672,EMP-001
FLOG-001616,LINE-A,ORD-1405-0147,23,IC-SOIC-TXRX-RS485,LOT-952246,1405/01/12 11:14:00,10000,298,9702,EMP-001
FLOG-001617,LINE-A,ORD-1405-0147,49,RES-0402-4K7,LOT-974407,1405/01/12 11:14:00,4000,309,3691,EMP-001
FLOG-001618,LINE-A,ORD-1405-0147,39,DIO-1N4148,LOT-288326,1405/01/12 11:14:00,10000,327,9673,EMP-001
FLOG-001619,LINE-A,ORD-1405-0147,10,CAP-0603-22pF,LOT-440684,1405/01/12 11:14:00,10000,289,9711,EMP-001
FLOG-001620,LINE-B,ORD-1405-0148,37,CAP-0603-100nF,LOT-623838,1405/01/12 10:53:00,4000,921,3079,EMP-009
FLOG-001621,LINE-B,ORD-1405-0148,28,RES-0201-10K,LOT-370733,1405/01/12 10:53:00,10000,1005,8995,EMP-009
FLOG-001622,LINE-B,ORD-1405-0148,14,CAP-0603-100nF,LOT-905287,1405/01/12 10:53:00,5000,1043,3957,EMP-009
FLOG-001623,LINE-B,ORD-1405-0148,45,CAP-0603-100nF,LOT-975624,1405/01/12 10:53:00,10000,992,9008,EMP-009
FLOG-001624,LINE-B,ORD-1405-0148,57,RES-0402-22R,LOT-608114,1405/01/12 10:53:00,4000,949,3051,EMP-009
FLOG-001625,LINE-B,ORD-1405-0148,5,CAP-0603-4.7uF,LOT-315472,1405/01/12 10:53:00,5000,950,4050,EMP-009
FLOG-001626,LINE-B,ORD-1405-0148,54,CAP-0201-100nF,LOT-674761,1405/01/12 10:53:00,2500,945,1555,EMP-009
FLOG-001627,LINE-B,ORD-1405-0148,18,IC-SOIC-MCU-ATMEGA328,LOT-233268,1405/01/12 10:53:00,2500,996,1504,EMP-009
FLOG-001628,LINE-B,ORD-1405-0148,35,IC-SOIC-MCU-ATMEGA328,LOT-154201,1405/01/12 10:53:00,10000,927,9073,EMP-009
FLOG-001629,LINE-B,ORD-1405-0148,38,RES-0402-10K,LOT-278867,1405/01/12 10:53:00,4000,1016,2984,EMP-009
FLOG-001630,LINE-B,ORD-1405-0148,24,CONN-TERM-BLOCK-3P,LOT-368798,1405/01/12 10:53:00,4000,984,3016,EMP-009
FLOG-001631,LINE-A,ORD-1405-0149,56,IC-SOIC-TXRX-RS485,LOT-100346,1405/01/12 10:26:00,5000,13,4987,EMP-004
FLOG-001632,LINE-A,ORD-1405-0149,19,RES-0402-1K,LOT-431513,1405/01/12 10:26:00,2500,13,2487,EMP-004
FLOG-001633,LINE-A,ORD-1405-0149,54,RES-0201-10K,LOT-155173,1405/01/12 10:26:00,10000,13,9987,EMP-004
FLOG-001634,LINE-A,ORD-1405-0149,42,RES-0402-100R,LOT-544119,1405/01/12 10:26:00,4000,13,3987,EMP-004
FLOG-001635,LINE-A,ORD-1405-0149,23,RES-0201-10K,LOT-110488,1405/01/12 10:26:00,5000,13,4987,EMP-004
FLOG-001636,LINE-A,ORD-1405-0149,17,IC-SOIC-MCU-STM32F1,LOT-117954,1405/01/12 10:26:00,5000,13,4987,EMP-004
FLOG-001637,LINE-A,ORD-1405-0149,28,DIO-SS14,LOT-977781,1405/01/12 10:26:00,4000,13,3987,EMP-004
FLOG-001638,LINE-A,ORD-1405-0149,34,IC-SOIC-MCU-STM32F1,LOT-875463,1405/01/12 10:26:00,5000,13,4987,EMP-004
FLOG-001639,LINE-A,ORD-1405-0149,33,IC-SOIC-PMIC-BUCK1A,LOT-618487,1405/01/12 10:26:00,4000,12,3988,EMP-004
FLOG-001640,LINE-A,ORD-1405-0149,43,CAP-0201-10pF,LOT-958942,1405/01/12 10:26:00,2500,12,2488,EMP-004
FLOG-001641,LINE-A,ORD-1405-0149,32,RES-0402-100R,LOT-215498,1405/01/12 10:26:00,10000,12,9988,EMP-004
FLOG-001642,LINE-A,ORD-1405-0149,39,RES-0402-4K7,LOT-772695,1405/01/12 10:26:00,5000,12,4988,EMP-004
FLOG-001643,LINE-A,ORD-1405-0149,31,CAP-0603-4.7uF,LOT-206799,1405/01/12 10:26:00,2500,12,2488,EMP-004
FLOG-001644,LINE-A,ORD-1405-0149,49,CONN-USB-C,LOT-402092,1405/01/12 10:26:00,4000,12,3988,EMP-004
FLOG-001645,LINE-B,ORD-1405-0150,8,IC-SOIC-EEPROM-24C02,LOT-180994,1405/01/13 08:48:00,4000,28,3972,EMP-009
FLOG-001646,LINE-B,ORD-1405-0150,31,CAP-0201-10pF,LOT-374815,1405/01/13 08:48:00,2500,26,2474,EMP-009
FLOG-001647,LINE-B,ORD-1405-0150,22,IC-SOIC-TXRX-RS485,LOT-964087,1405/01/13 08:48:00,5000,27,4973,EMP-009
FLOG-001648,LINE-B,ORD-1405-0150,21,DIO-SS14,LOT-599897,1405/01/13 08:48:00,2500,26,2474,EMP-009
FLOG-001649,LINE-B,ORD-1405-0150,39,DIO-LED-0603-RED,LOT-761250,1405/01/13 08:48:00,4000,26,3974,EMP-009
FLOG-001650,LINE-B,ORD-1405-0150,58,DIO-1N4148,LOT-708518,1405/01/13 08:48:00,2500,26,2474,EMP-009
FLOG-001651,LINE-B,ORD-1405-0150,4,CAP-0603-10uF,LOT-454007,1405/01/13 08:48:00,5000,28,4972,EMP-009
FLOG-001652,LINE-A,ORD-1405-0151,47,IC-SOIC-MCU-STM32F1,LOT-979143,1405/01/16 11:46:00,2500,5,2495,EMP-004
FLOG-001653,LINE-A,ORD-1405-0151,59,RES-0402-10K,LOT-953780,1405/01/16 11:46:00,4000,5,3995,EMP-004
FLOG-001654,LINE-A,ORD-1405-0151,42,CAP-0603-4.7uF,LOT-829724,1405/01/16 11:46:00,5000,5,4995,EMP-004
FLOG-001655,LINE-A,ORD-1405-0151,48,CAP-0603-4.7uF,LOT-374048,1405/01/16 11:46:00,10000,5,9995,EMP-004
FLOG-001656,LINE-A,ORD-1405-0151,14,IC-SOIC-MCU-STM32F1,LOT-345912,1405/01/16 11:46:00,10000,5,9995,EMP-004
FLOG-001657,LINE-A,ORD-1405-0151,11,CAP-0201-100nF,LOT-864684,1405/01/16 11:46:00,10000,5,9995,EMP-004
FLOG-001658,LINE-A,ORD-1405-0151,35,IC-SOIC-MCU-STM32F1,LOT-985412,1405/01/16 11:46:00,2500,5,2495,EMP-004
FLOG-001659,LINE-A,ORD-1405-0151,26,CAP-0201-100nF,LOT-247863,1405/01/16 11:46:00,10000,5,9995,EMP-004
FLOG-001660,LINE-A,ORD-1405-0151,46,IC-SOIC-TXRX-RS485,LOT-345567,1405/01/16 11:46:00,5000,5,4995,EMP-004
FLOG-001661,LINE-A,ORD-1405-0151,55,RES-0402-10R,LOT-406767,1405/01/16 11:46:00,2500,5,2495,EMP-004
FLOG-001662,LINE-A,ORD-1405-0151,30,RES-0402-1K,LOT-485894,1405/01/16 11:46:00,5000,5,4995,EMP-004
FLOG-001663,LINE-A,ORD-1405-0151,23,IC-SOIC-MCU-ATMEGA328,LOT-248787,1405/01/16 11:46:00,5000,5,4995,EMP-004
FLOG-001664,LINE-A,ORD-1405-0151,18,CAP-0201-10pF,LOT-292852,1405/01/16 11:46:00,10000,5,9995,EMP-004
FLOG-001665,LINE-A,ORD-1405-0151,50,IC-BGA-SOC-IMX6,LOT-450259,1405/01/16 11:46:00,4000,5,3995,EMP-004
FLOG-001666,LINE-A,ORD-1405-0151,25,CONN-HDR-4P,LOT-922176,1405/01/16 11:46:00,2500,5,2495,EMP-004
FLOG-001667,LINE-A,ORD-1405-0152,45,RES-0402-10K,LOT-255960,1405/01/16 10:00:00,5000,168,4832,EMP-002
FLOG-001668,LINE-A,ORD-1405-0152,46,RES-0201-10K,LOT-428287,1405/01/16 10:00:00,4000,189,3811,EMP-002
FLOG-001669,LINE-A,ORD-1405-0152,40,RES-0402-330R,LOT-601983,1405/01/16 10:00:00,10000,190,9810,EMP-002
FLOG-001670,LINE-A,ORD-1405-0152,49,RES-0402-1K,LOT-283680,1405/01/16 10:00:00,10000,167,9833,EMP-002
FLOG-001671,LINE-A,ORD-1405-0152,51,RES-0201-10K,LOT-606565,1405/01/16 10:00:00,4000,186,3814,EMP-002
FLOG-001672,LINE-A,ORD-1405-0152,47,RES-0201-100K,LOT-845017,1405/01/16 10:00:00,5000,167,4833,EMP-002
FLOG-001673,LINE-A,ORD-1405-0152,6,RES-0201-1K,LOT-641889,1405/01/16 10:00:00,10000,183,9817,EMP-002
FLOG-001674,LINE-A,ORD-1405-0152,12,CONN-USB-C,LOT-691216,1405/01/16 10:00:00,10000,182,9818,EMP-002
FLOG-001675,LINE-B,ORD-1405-0153,29,IC-SOIC-TXRX-RS485,LOT-281653,1405/01/18 14:31:00,2500,95,2405,EMP-008
FLOG-001676,LINE-B,ORD-1405-0153,56,IC-SOIC-TXRX-RS485,LOT-189082,1405/01/18 14:31:00,10000,91,9909,EMP-008
FLOG-001677,LINE-B,ORD-1405-0153,6,CAP-0603-1uF,LOT-470381,1405/01/18 14:31:00,2500,96,2404,EMP-008
FLOG-001678,LINE-B,ORD-1405-0153,57,RES-0402-10K,LOT-900232,1405/01/18 14:31:00,10000,87,9913,EMP-008
FLOG-001679,LINE-B,ORD-1405-0153,44,CAP-0603-100pF,LOT-172892,1405/01/18 14:31:00,4000,90,3910,EMP-008
FLOG-001680,LINE-B,ORD-1405-0153,49,IC-SOIC-MCU-STM32F1,LOT-316250,1405/01/18 14:31:00,5000,85,4915,EMP-008
FLOG-001681,LINE-B,ORD-1405-0153,52,DIO-SS14,LOT-731897,1405/01/18 14:31:00,2500,91,2409,EMP-008
FLOG-001682,LINE-B,ORD-1405-0154,22,RES-0402-4K7,LOT-740379,1405/01/16 14:01:00,5000,24,4976,EMP-010
FLOG-001683,LINE-B,ORD-1405-0154,33,CAP-0603-1uF,LOT-125194,1405/01/16 14:01:00,10000,25,9975,EMP-010
FLOG-001684,LINE-B,ORD-1405-0154,16,IC-SOIC-EEPROM-24C02,LOT-271500,1405/01/16 14:01:00,10000,26,9974,EMP-010
FLOG-001685,LINE-B,ORD-1405-0154,29,RES-0402-22R,LOT-977768,1405/01/16 14:01:00,5000,23,4977,EMP-010
FLOG-001686,LINE-B,ORD-1405-0154,31,IC-SOIC-MCU-ATMEGA328,LOT-342030,1405/01/16 14:01:00,4000,23,3977,EMP-010
FLOG-001687,LINE-B,ORD-1405-0154,52,RES-0402-10K,LOT-866799,1405/01/16 14:01:00,4000,24,3976,EMP-010
FLOG-001688,LINE-B,ORD-1405-0154,35,CONN-TERM-BLOCK-3P,LOT-293078,1405/01/16 14:01:00,10000,23,9977,EMP-010
FLOG-001689,LINE-B,ORD-1405-0155,55,IC-SOIC-EEPROM-24C02,LOT-608078,1405/01/17 14:23:00,10000,240,9760,EMP-010
FLOG-001690,LINE-B,ORD-1405-0155,59,RES-0402-22R,LOT-912179,1405/01/17 14:23:00,2500,268,2232,EMP-010
FLOG-001691,LINE-B,ORD-1405-0155,33,RES-0402-10K,LOT-861364,1405/01/17 14:23:00,4000,265,3735,EMP-010
FLOG-001692,LINE-B,ORD-1405-0155,56,CAP-0603-100nF,LOT-334088,1405/01/17 14:23:00,4000,270,3730,EMP-010
FLOG-001693,LINE-B,ORD-1405-0155,12,CAP-0603-22pF,LOT-101012,1405/01/17 14:23:00,2500,243,2257,EMP-010
FLOG-001694,LINE-B,ORD-1405-0155,39,DIO-LED-0603-RED,LOT-147997,1405/01/17 14:23:00,4000,272,3728,EMP-010
FLOG-001695,LINE-B,ORD-1405-0155,48,IC-SOIC-TXRX-RS485,LOT-612558,1405/01/17 14:23:00,10000,244,9756,EMP-010
FLOG-001696,LINE-B,ORD-1405-0155,38,IC-SOIC-OPAMP-DUAL,LOT-886114,1405/01/17 14:23:00,5000,242,4758,EMP-010
FLOG-001697,LINE-B,ORD-1405-0155,57,DIO-1N4148,LOT-460280,1405/01/17 14:23:00,4000,259,3741,EMP-010
FLOG-001698,LINE-B,ORD-1405-0155,8,RES-0402-10K,LOT-893468,1405/01/17 14:23:00,5000,250,4750,EMP-010
FLOG-001699,LINE-B,ORD-1405-0155,6,IC-SOIC-MCU-ATMEGA328,LOT-432210,1405/01/17 14:23:00,4000,268,3732,EMP-010
FLOG-001700,LINE-B,ORD-1405-0155,17,DIO-1N4148,LOT-514299,1405/01/17 14:23:00,2500,262,2238,EMP-010
FLOG-001701,LINE-B,ORD-1405-0155,42,CAP-0603-4.7uF,LOT-174526,1405/01/17 14:23:00,5000,255,4745,EMP-010
FLOG-001702,LINE-B,ORD-1405-0155,26,IC-SOIC-MCU-STM32F1,LOT-723822,1405/01/17 14:23:00,10000,242,9758,EMP-010
FLOG-001703,LINE-A,ORD-1405-0156,54,CAP-0603-22pF,LOT-618506,1405/01/15 14:37:00,2500,33,2467,EMP-002
FLOG-001704,LINE-A,ORD-1405-0156,45,CAP-0603-1uF,LOT-522962,1405/01/15 14:37:00,5000,32,4968,EMP-002
FLOG-001705,LINE-A,ORD-1405-0156,38,RES-0402-4K7,LOT-801650,1405/01/15 14:37:00,5000,30,4970,EMP-002
FLOG-001706,LINE-A,ORD-1405-0156,17,RES-0402-100K,LOT-851185,1405/01/15 14:37:00,5000,30,4970,EMP-002
FLOG-001707,LINE-A,ORD-1405-0156,40,RES-0402-100K,LOT-378984,1405/01/15 14:37:00,5000,33,4967,EMP-002
FLOG-001708,LINE-A,ORD-1405-0156,58,IC-SOIC-MCU-ATMEGA328,LOT-911836,1405/01/15 14:37:00,5000,30,4970,EMP-002
FLOG-001709,LINE-A,ORD-1405-0156,7,CAP-0603-4.7uF,LOT-444222,1405/01/15 14:37:00,2500,32,2468,EMP-002
FLOG-001710,LINE-A,ORD-1405-0156,25,CAP-0603-4.7uF,LOT-725206,1405/01/15 14:37:00,10000,30,9970,EMP-002
FLOG-001711,LINE-A,ORD-1405-0156,10,RES-0201-1K,LOT-374006,1405/01/15 14:37:00,2500,31,2469,EMP-002
FLOG-001712,LINE-A,ORD-1405-0156,34,IC-BGA-SOC-IMX6,LOT-821496,1405/01/15 14:37:00,4000,32,3968,EMP-002
FLOG-001713,LINE-A,ORD-1405-0156,13,RES-0402-10K,LOT-212587,1405/01/15 14:37:00,10000,34,9966,EMP-002
FLOG-001714,LINE-A,ORD-1405-0156,41,CONN-HDR-4P,LOT-887326,1405/01/15 14:37:00,10000,30,9970,EMP-002
FLOG-001715,LINE-A,ORD-1405-0157,30,RES-0402-330R,LOT-463447,1405/01/17 12:42:00,10000,8,9992,EMP-001
FLOG-001716,LINE-A,ORD-1405-0157,38,RES-0201-100K,LOT-927738,1405/01/17 12:42:00,10000,8,9992,EMP-001
FLOG-001717,LINE-A,ORD-1405-0157,29,DIO-1N4148,LOT-804761,1405/01/17 12:42:00,2500,8,2492,EMP-001
FLOG-001718,LINE-A,ORD-1405-0157,46,RES-0402-1K,LOT-871486,1405/01/17 12:42:00,10000,8,9992,EMP-001
FLOG-001719,LINE-A,ORD-1405-0157,27,RES-0402-4K7,LOT-759051,1405/01/17 12:42:00,2500,8,2492,EMP-001
FLOG-001720,LINE-A,ORD-1405-0157,45,IC-SOIC-TXRX-RS485,LOT-901509,1405/01/17 12:42:00,5000,8,4992,EMP-001
FLOG-001721,LINE-A,ORD-1405-0157,58,RES-0402-10K,LOT-629158,1405/01/17 12:42:00,4000,8,3992,EMP-001
FLOG-001722,LINE-A,ORD-1405-0157,59,CAP-0603-100pF,LOT-462178,1405/01/17 12:42:00,4000,9,3991,EMP-001
FLOG-001723,LINE-A,ORD-1405-0157,36,RES-0201-100K,LOT-154128,1405/01/17 12:42:00,5000,9,4991,EMP-001
FLOG-001724,LINE-A,ORD-1405-0157,40,RES-0402-330R,LOT-160107,1405/01/17 12:42:00,2500,8,2492,EMP-001
FLOG-001725,LINE-A,ORD-1405-0157,56,DIO-1N4148,LOT-798337,1405/01/17 12:42:00,5000,8,4992,EMP-001
FLOG-001726,LINE-A,ORD-1405-0157,4,DIO-1N4148,LOT-605496,1405/01/17 12:42:00,4000,8,3992,EMP-001
FLOG-001727,LINE-A,ORD-1405-0158,40,RES-0201-47K,LOT-359792,1405/01/17 13:51:00,4000,46,3954,EMP-001
FLOG-001728,LINE-A,ORD-1405-0158,44,RES-0201-10K,LOT-717369,1405/01/17 13:51:00,10000,47,9953,EMP-001
FLOG-001729,LINE-A,ORD-1405-0158,58,DIO-1N4148,LOT-946356,1405/01/17 13:51:00,5000,48,4952,EMP-001
FLOG-001730,LINE-A,ORD-1405-0158,8,CAP-0201-10pF,LOT-569955,1405/01/17 13:51:00,4000,43,3957,EMP-001
FLOG-001731,LINE-A,ORD-1405-0158,54,RES-0402-100K,LOT-590880,1405/01/17 13:51:00,10000,46,9954,EMP-001
FLOG-001732,LINE-A,ORD-1405-0158,48,IC-SOIC-MCU-ATMEGA328,LOT-719828,1405/01/17 13:51:00,4000,46,3954,EMP-001
FLOG-001733,LINE-A,ORD-1405-0158,24,DIO-LED-0603-RED,LOT-520979,1405/01/17 13:51:00,2500,44,2456,EMP-001
FLOG-001734,LINE-A,ORD-1405-0158,20,DIO-LED-0603-RED,LOT-778599,1405/01/17 13:51:00,2500,48,2452,EMP-001
FLOG-001735,LINE-A,ORD-1405-0158,41,CONN-USB-C,LOT-446272,1405/01/17 13:51:00,4000,45,3955,EMP-001
FLOG-001736,LINE-A,ORD-1405-0159,29,RES-0402-100K,LOT-488401,1405/01/17 12:45:00,2500,98,2402,EMP-002
FLOG-001737,LINE-A,ORD-1405-0159,13,DIO-LED-0603-RED,LOT-855981,1405/01/17 12:45:00,4000,104,3896,EMP-002
FLOG-001738,LINE-A,ORD-1405-0159,59,IC-SOIC-MCU-STM32F1,LOT-424364,1405/01/17 12:45:00,5000,108,4892,EMP-002
FLOG-001739,LINE-A,ORD-1405-0159,48,IC-SOIC-MCU-STM32F1,LOT-536177,1405/01/17 12:45:00,5000,111,4889,EMP-002
FLOG-001740,LINE-A,ORD-1405-0159,26,RES-0402-4K7,LOT-157170,1405/01/17 12:45:00,4000,110,3890,EMP-002
FLOG-001741,LINE-A,ORD-1405-0159,49,RES-0201-10K,LOT-311245,1405/01/17 12:45:00,2500,102,2398,EMP-002
FLOG-001742,LINE-A,ORD-1405-0159,47,CAP-0603-22pF,LOT-220238,1405/01/17 12:45:00,10000,110,9890,EMP-002
FLOG-001743,LINE-A,ORD-1405-0159,31,RES-0402-100R,LOT-169798,1405/01/17 12:45:00,2500,112,2388,EMP-002
FLOG-001744,LINE-A,ORD-1405-0159,44,CAP-0603-1uF,LOT-462832,1405/01/17 12:45:00,4000,106,3894,EMP-002
FLOG-001745,LINE-A,ORD-1405-0159,55,RES-0402-10K,LOT-604694,1405/01/17 12:45:00,5000,107,4893,EMP-002
FLOG-001746,LINE-A,ORD-1405-0159,36,IC-SOIC-MCU-STM32F1,LOT-686233,1405/01/17 12:45:00,2500,98,2402,EMP-002
FLOG-001747,LINE-A,ORD-1405-0159,10,RES-0201-1K,LOT-611289,1405/01/17 12:45:00,4000,98,3902,EMP-002
FLOG-001748,LINE-A,ORD-1405-0159,43,RES-0402-22R,LOT-136801,1405/01/17 12:45:00,5000,100,4900,EMP-002
FLOG-001749,LINE-A,ORD-1405-0159,20,IC-BGA-DDR3-2G,LOT-801718,1405/01/17 12:45:00,4000,102,3898,EMP-002
FLOG-001750,LINE-A,ORD-1405-0160,25,DIO-LED-0603-GRN,LOT-106930,1405/01/19 07:54:00,5000,35,4965,EMP-005
FLOG-001751,LINE-A,ORD-1405-0160,43,RES-0402-4K7,LOT-786574,1405/01/19 07:54:00,5000,33,4967,EMP-005
FLOG-001752,LINE-A,ORD-1405-0160,30,DIO-SS14,LOT-825156,1405/01/19 07:54:00,10000,35,9965,EMP-005
FLOG-001753,LINE-A,ORD-1405-0160,38,DIO-LED-0603-GRN,LOT-150156,1405/01/19 07:54:00,4000,36,3964,EMP-005
FLOG-001754,LINE-A,ORD-1405-0160,14,RES-0201-100K,LOT-933609,1405/01/19 07:54:00,5000,34,4966,EMP-005
FLOG-001755,LINE-A,ORD-1405-0160,41,DIO-LED-0603-RED,LOT-102542,1405/01/19 07:54:00,5000,34,4966,EMP-005
FLOG-001756,LINE-A,ORD-1405-0160,37,DIO-SS14,LOT-643041,1405/01/19 07:54:00,5000,35,4965,EMP-005
FLOG-001757,LINE-A,ORD-1405-0160,28,DIO-SS14,LOT-461211,1405/01/19 07:54:00,10000,35,9965,EMP-005
FLOG-001758,LINE-A,ORD-1405-0160,34,DIO-LED-0603-GRN,LOT-774584,1405/01/19 07:54:00,4000,32,3968,EMP-005
FLOG-001759,LINE-A,ORD-1405-0160,31,RES-0402-330R,LOT-455459,1405/01/19 07:54:00,10000,34,9966,EMP-005
FLOG-001760,LINE-A,ORD-1405-0160,24,RES-0402-22R,LOT-635768,1405/01/19 07:54:00,5000,35,4965,EMP-005
FLOG-001761,LINE-A,ORD-1405-0160,17,CONN-HDR-2P,LOT-798224,1405/01/19 07:54:00,10000,32,9968,EMP-005
FLOG-001762,LINE-A,ORD-1405-0161,35,CAP-0201-10pF,LOT-993434,1405/01/20 10:02:00,4000,35,3965,EMP-004
FLOG-001763,LINE-A,ORD-1405-0161,14,RES-0402-330R,LOT-712976,1405/01/20 10:02:00,4000,35,3965,EMP-004
FLOG-001764,LINE-A,ORD-1405-0161,32,RES-0402-22R,LOT-260376,1405/01/20 10:02:00,2500,37,2463,EMP-004
FLOG-001765,LINE-A,ORD-1405-0161,1,DIO-LED-0603-GRN,LOT-253928,1405/01/20 10:02:00,10000,36,9964,EMP-004
FLOG-001766,LINE-A,ORD-1405-0161,30,RES-0201-47K,LOT-891334,1405/01/20 10:02:00,4000,33,3967,EMP-004
FLOG-001767,LINE-A,ORD-1405-0161,10,CAP-0201-100nF,LOT-513697,1405/01/20 10:02:00,2500,37,2463,EMP-004
FLOG-001768,LINE-A,ORD-1405-0161,27,RES-0201-100K,LOT-146954,1405/01/20 10:02:00,2500,35,2465,EMP-004
FLOG-001769,LINE-A,ORD-1405-0161,23,DIO-1N4148,LOT-943058,1405/01/20 10:02:00,5000,37,4963,EMP-004
FLOG-001770,LINE-A,ORD-1405-0161,39,IC-SOIC-OPAMP-DUAL,LOT-919905,1405/01/20 10:02:00,2500,36,2464,EMP-004
FLOG-001771,LINE-A,ORD-1405-0161,34,CONN-HDR-2P,LOT-746082,1405/01/20 10:02:00,10000,37,9963,EMP-004
FLOG-001772,LINE-B,ORD-1405-0162,32,DIO-1N4148,LOT-288912,1405/01/19 12:05:00,10000,68,9932,EMP-008
FLOG-001773,LINE-B,ORD-1405-0162,3,RES-0402-100K,LOT-256312,1405/01/19 12:05:00,5000,70,4930,EMP-008
FLOG-001774,LINE-B,ORD-1405-0162,21,RES-0201-100K,LOT-289725,1405/01/19 12:05:00,2500,67,2433,EMP-008
FLOG-001775,LINE-B,ORD-1405-0162,9,RES-0402-4K7,LOT-158172,1405/01/19 12:05:00,5000,74,4926,EMP-008
FLOG-001776,LINE-B,ORD-1405-0162,11,DIO-SS14,LOT-668133,1405/01/19 12:05:00,4000,73,3927,EMP-008
FLOG-001777,LINE-B,ORD-1405-0162,16,CAP-0603-10uF,LOT-499529,1405/01/19 12:05:00,5000,71,4929,EMP-008
FLOG-001778,LINE-B,ORD-1405-0162,50,CONN-USB-C,LOT-897515,1405/01/19 12:05:00,5000,67,4933,EMP-008
FLOG-001779,LINE-A,ORD-1405-0163,13,RES-0402-100K,LOT-200972,1405/01/20 13:53:00,2500,226,2274,EMP-003
FLOG-001780,LINE-A,ORD-1405-0163,14,RES-0402-4K7,LOT-945510,1405/01/20 13:53:00,5000,233,4767,EMP-003
FLOG-001781,LINE-A,ORD-1405-0163,26,CAP-0603-100nF,LOT-937149,1405/01/20 13:53:00,5000,249,4751,EMP-003
FLOG-001782,LINE-A,ORD-1405-0163,9,RES-0402-10K,LOT-374553,1405/01/20 13:53:00,2500,227,2273,EMP-003
FLOG-001783,LINE-A,ORD-1405-0163,10,DIO-1N4148,LOT-829967,1405/01/20 13:53:00,5000,257,4743,EMP-003
FLOG-001784,LINE-A,ORD-1405-0163,27,CAP-0603-100nF,LOT-186763,1405/01/20 13:53:00,2500,253,2247,EMP-003
FLOG-001785,LINE-A,ORD-1405-0163,48,CAP-0201-10pF,LOT-714097,1405/01/20 13:53:00,2500,257,2243,EMP-003
FLOG-001786,LINE-A,ORD-1405-0163,20,IC-SOIC-MCU-STM32F1,LOT-427411,1405/01/20 13:53:00,4000,257,3743,EMP-003
FLOG-001787,LINE-A,ORD-1405-0163,43,RES-0402-10K,LOT-407641,1405/01/20 13:53:00,10000,247,9753,EMP-003
FLOG-001788,LINE-A,ORD-1405-0163,45,CONN-HDR-4P,LOT-587069,1405/01/20 13:53:00,5000,239,4761,EMP-003
FLOG-001789,LINE-A,ORD-1405-0164,18,DIO-LED-0603-RED,LOT-681132,1405/01/22 13:26:00,4000,70,3930,EMP-005
FLOG-001790,LINE-A,ORD-1405-0164,28,DIO-SS14,LOT-344884,1405/01/22 13:26:00,4000,70,3930,EMP-005
FLOG-001791,LINE-A,ORD-1405-0164,22,DIO-SS14,LOT-995369,1405/01/22 13:26:00,10000,73,9927,EMP-005
FLOG-001792,LINE-A,ORD-1405-0164,26,CAP-0201-100nF,LOT-979168,1405/01/22 13:26:00,2500,77,2423,EMP-005
FLOG-001793,LINE-A,ORD-1405-0164,25,RES-0402-10K,LOT-453290,1405/01/22 13:26:00,10000,69,9931,EMP-005
FLOG-001794,LINE-A,ORD-1405-0164,12,DIO-LED-0603-RED,LOT-786176,1405/01/22 13:26:00,10000,72,9928,EMP-005
FLOG-001795,LINE-A,ORD-1405-0164,1,RES-0402-22R,LOT-423401,1405/01/22 13:26:00,4000,77,3923,EMP-005
FLOG-001796,LINE-A,ORD-1405-0164,35,IC-SOIC-OPAMP-DUAL,LOT-222928,1405/01/22 13:26:00,4000,77,3923,EMP-005
FLOG-001797,LINE-A,ORD-1405-0164,16,CAP-0603-1uF,LOT-325858,1405/01/22 13:26:00,5000,72,4928,EMP-005
FLOG-001798,LINE-A,ORD-1405-0164,37,CAP-0603-4.7uF,LOT-560507,1405/01/22 13:26:00,5000,70,4930,EMP-005
FLOG-001799,LINE-A,ORD-1405-0164,48,RES-0201-1K,LOT-216172,1405/01/22 13:26:00,5000,74,4926,EMP-005
FLOG-001800,LINE-A,ORD-1405-0164,27,RES-0402-4K7,LOT-464720,1405/01/22 13:26:00,5000,79,4921,EMP-005
FLOG-001801,LINE-A,ORD-1405-0164,46,RES-0201-47K,LOT-788129,1405/01/22 13:26:00,2500,78,2422,EMP-005
FLOG-001802,LINE-B,ORD-1405-0165,6,CAP-0603-100nF,LOT-828313,1405/01/22 07:00:00,4000,18,3982,EMP-008
FLOG-001803,LINE-B,ORD-1405-0165,44,DIO-LED-0603-RED,LOT-547895,1405/01/22 07:00:00,2500,19,2481,EMP-008
FLOG-001804,LINE-B,ORD-1405-0165,47,RES-0402-10R,LOT-835707,1405/01/22 07:00:00,2500,19,2481,EMP-008
FLOG-001805,LINE-B,ORD-1405-0165,19,DIO-SS14,LOT-519709,1405/01/22 07:00:00,4000,20,3980,EMP-008
FLOG-001806,LINE-B,ORD-1405-0165,26,RES-0402-100K,LOT-310824,1405/01/22 07:00:00,2500,18,2482,EMP-008
FLOG-001807,LINE-B,ORD-1405-0165,29,DIO-SS14,LOT-137070,1405/01/22 07:00:00,2500,18,2482,EMP-008
FLOG-001808,LINE-B,ORD-1405-0165,17,CAP-0603-100pF,LOT-365156,1405/01/22 07:00:00,5000,19,4981,EMP-008
FLOG-001809,LINE-B,ORD-1405-0165,40,CAP-0603-100pF,LOT-160334,1405/01/22 07:00:00,4000,19,3981,EMP-008
FLOG-001810,LINE-B,ORD-1405-0165,7,RES-0402-10R,LOT-529646,1405/01/22 07:00:00,2500,20,2480,EMP-008
FLOG-001811,LINE-B,ORD-1405-0165,53,DIO-SS14,LOT-635222,1405/01/22 07:00:00,10000,20,9980,EMP-008
FLOG-001812,LINE-B,ORD-1405-0165,12,IC-SOIC-TXRX-RS485,LOT-242647,1405/01/22 07:00:00,5000,20,4980,EMP-008
FLOG-001813,LINE-B,ORD-1405-0165,22,IC-SOIC-PMIC-BUCK1A,LOT-564228,1405/01/22 07:00:00,2500,19,2481,EMP-008
FLOG-001814,LINE-B,ORD-1405-0165,21,IC-SOIC-PMIC-BUCK1A,LOT-311341,1405/01/22 07:00:00,10000,19,9981,EMP-008
FLOG-001815,LINE-B,ORD-1405-0165,48,RES-0402-4K7,LOT-515818,1405/01/22 07:00:00,4000,18,3982,EMP-008
FLOG-001816,LINE-A,ORD-1405-0166,23,DIO-LED-0603-GRN,LOT-218014,1405/01/20 12:51:00,4000,103,3897,EMP-005
FLOG-001817,LINE-A,ORD-1405-0166,22,IC-SOIC-MCU-STM32F1,LOT-313167,1405/01/20 12:51:00,4000,108,3892,EMP-005
FLOG-001818,LINE-A,ORD-1405-0166,13,DIO-SS14,LOT-822398,1405/01/20 12:51:00,5000,110,4890,EMP-005
FLOG-001819,LINE-A,ORD-1405-0166,50,RES-0402-10K,LOT-125208,1405/01/20 12:51:00,4000,111,3889,EMP-005
FLOG-001820,LINE-A,ORD-1405-0166,56,RES-0402-100R,LOT-881599,1405/01/20 12:51:00,2500,99,2401,EMP-005
FLOG-001821,LINE-A,ORD-1405-0166,45,DIO-LED-0603-RED,LOT-507793,1405/01/20 12:51:00,2500,108,2392,EMP-005
FLOG-001822,LINE-A,ORD-1405-0166,42,CAP-0603-4.7uF,LOT-386776,1405/01/20 12:51:00,10000,104,9896,EMP-005
FLOG-001823,LINE-A,ORD-1405-0166,49,RES-0402-100R,LOT-186790,1405/01/20 12:51:00,4000,109,3891,EMP-005
FLOG-001824,LINE-A,ORD-1405-0166,21,CAP-0603-10uF,LOT-786319,1405/01/20 12:51:00,4000,101,3899,EMP-005
FLOG-001825,LINE-A,ORD-1405-0166,53,IC-SOIC-MCU-STM32F1,LOT-214956,1405/01/20 12:51:00,2500,105,2395,EMP-005
FLOG-001826,LINE-A,ORD-1405-0166,10,RES-0402-10R,LOT-631469,1405/01/20 12:51:00,2500,111,2389,EMP-005
FLOG-001827,LINE-A,ORD-1405-0166,32,IC-SOIC-EEPROM-24C02,LOT-531772,1405/01/20 12:51:00,10000,110,9890,EMP-005
FLOG-001828,LINE-A,ORD-1405-0166,38,IC-BGA-DDR3-2G,LOT-701414,1405/01/20 12:51:00,10000,112,9888,EMP-005
FLOG-001829,LINE-A,ORD-1405-0166,28,RES-0402-10R,LOT-441003,1405/01/20 12:51:00,5000,108,4892,EMP-005
FLOG-001830,LINE-A,ORD-1405-0166,7,CONN-TERM-BLOCK-3P,LOT-121074,1405/01/20 12:51:00,4000,105,3895,EMP-005
FLOG-001831,LINE-B,ORD-1405-0167,45,CAP-0201-10pF,LOT-705687,1405/01/22 10:42:00,10000,46,9954,EMP-006
FLOG-001832,LINE-B,ORD-1405-0167,37,RES-0201-100K,LOT-418203,1405/01/22 10:42:00,10000,52,9948,EMP-006
FLOG-001833,LINE-B,ORD-1405-0167,34,CAP-0201-100nF,LOT-590121,1405/01/22 10:42:00,5000,52,4948,EMP-006
FLOG-001834,LINE-B,ORD-1405-0167,18,RES-0402-22R,LOT-573689,1405/01/22 10:42:00,5000,50,4950,EMP-006
FLOG-001835,LINE-B,ORD-1405-0167,51,DIO-1N4148,LOT-300210,1405/01/22 10:42:00,10000,51,9949,EMP-006
FLOG-001836,LINE-B,ORD-1405-0167,39,CAP-0201-10pF,LOT-901902,1405/01/22 10:42:00,5000,48,4952,EMP-006
FLOG-001837,LINE-B,ORD-1405-0167,58,CAP-0603-100pF,LOT-889115,1405/01/22 10:42:00,10000,49,9951,EMP-006
FLOG-001838,LINE-B,ORD-1405-0167,36,RES-0402-100K,LOT-263730,1405/01/22 10:42:00,4000,47,3953,EMP-006
FLOG-001839,LINE-B,ORD-1405-0167,44,RES-0201-47K,LOT-250653,1405/01/22 10:42:00,5000,49,4951,EMP-006
FLOG-001840,LINE-B,ORD-1405-0167,19,CAP-0603-4.7uF,LOT-455215,1405/01/22 10:42:00,4000,47,3953,EMP-006
FLOG-001841,LINE-B,ORD-1405-0167,22,RES-0402-10K,LOT-829826,1405/01/22 10:42:00,2500,46,2454,EMP-006
FLOG-001842,LINE-B,ORD-1405-0167,12,CONN-HDR-4P,LOT-837447,1405/01/22 10:42:00,10000,49,9951,EMP-006
FLOG-001843,LINE-A,ORD-1405-0168,49,RES-0201-10K,LOT-702263,1405/01/22 11:34:00,4000,7,3993,EMP-005
FLOG-001844,LINE-A,ORD-1405-0168,11,IC-SOIC-EEPROM-24C02,LOT-975306,1405/01/22 11:34:00,4000,7,3993,EMP-005
FLOG-001845,LINE-A,ORD-1405-0168,7,RES-0402-22R,LOT-699743,1405/01/22 11:34:00,2500,7,2493,EMP-005
FLOG-001846,LINE-A,ORD-1405-0168,39,IC-SOIC-EEPROM-24C02,LOT-845142,1405/01/22 11:34:00,5000,8,4992,EMP-005
FLOG-001847,LINE-A,ORD-1405-0168,10,RES-0402-10R,LOT-236616,1405/01/22 11:34:00,4000,7,3993,EMP-005
FLOG-001848,LINE-A,ORD-1405-0168,46,CAP-0201-10pF,LOT-620068,1405/01/22 11:34:00,2500,8,2492,EMP-005
FLOG-001849,LINE-A,ORD-1405-0168,60,CAP-0603-100nF,LOT-721372,1405/01/22 11:34:00,4000,8,3992,EMP-005
FLOG-001850,LINE-A,ORD-1405-0168,59,DIO-SS14,LOT-719572,1405/01/22 11:34:00,10000,7,9993,EMP-005
FLOG-001851,LINE-A,ORD-1405-0168,52,RES-0402-4K7,LOT-781705,1405/01/22 11:34:00,2500,7,2493,EMP-005
FLOG-001852,LINE-A,ORD-1405-0168,3,CAP-0603-100nF,LOT-615706,1405/01/22 11:34:00,5000,7,4993,EMP-005
FLOG-001853,LINE-A,ORD-1405-0168,16,RES-0201-47K,LOT-760367,1405/01/22 11:34:00,5000,7,4993,EMP-005
FLOG-001854,LINE-A,ORD-1405-0168,56,CAP-0603-22pF,LOT-592035,1405/01/22 11:34:00,2500,7,2493,EMP-005
FLOG-001855,LINE-A,ORD-1405-0169,55,RES-0402-22R,LOT-484607,1405/01/24 11:07:00,4000,110,3890,EMP-001
FLOG-001856,LINE-A,ORD-1405-0169,10,IC-SOIC-OPAMP-DUAL,LOT-738300,1405/01/24 11:07:00,4000,104,3896,EMP-001
FLOG-001857,LINE-A,ORD-1405-0169,27,CAP-0603-100nF,LOT-171558,1405/01/24 11:07:00,4000,101,3899,EMP-001
FLOG-001858,LINE-A,ORD-1405-0169,3,CAP-0603-1uF,LOT-586256,1405/01/24 11:07:00,10000,106,9894,EMP-001
FLOG-001859,LINE-A,ORD-1405-0169,17,IC-SOIC-MCU-STM32F1,LOT-609948,1405/01/24 11:07:00,4000,100,3900,EMP-001
FLOG-001860,LINE-A,ORD-1405-0169,1,RES-0402-10R,LOT-810194,1405/01/24 11:07:00,4000,111,3889,EMP-001
FLOG-001861,LINE-A,ORD-1405-0169,8,IC-SOIC-EEPROM-24C02,LOT-926054,1405/01/24 11:07:00,4000,105,3895,EMP-001
FLOG-001862,LINE-A,ORD-1405-0169,14,RES-0402-10R,LOT-584659,1405/01/24 11:07:00,2500,103,2397,EMP-001
FLOG-001863,LINE-A,ORD-1405-0169,41,RES-0402-10K,LOT-378031,1405/01/24 11:07:00,5000,113,4887,EMP-001
FLOG-001864,LINE-A,ORD-1405-0169,32,RES-0201-100K,LOT-547355,1405/01/24 11:07:00,4000,104,3896,EMP-001
FLOG-001865,LINE-A,ORD-1405-0169,43,RES-0402-330R,LOT-875984,1405/01/24 11:07:00,5000,113,4887,EMP-001
FLOG-001866,LINE-A,ORD-1405-0169,2,RES-0402-330R,LOT-435341,1405/01/24 11:07:00,5000,106,4894,EMP-001
FLOG-001867,LINE-A,ORD-1405-0169,21,RES-0201-47K,LOT-998733,1405/01/24 11:07:00,4000,101,3899,EMP-001
FLOG-001868,LINE-A,ORD-1405-0169,18,CONN-HDR-4P,LOT-379826,1405/01/24 11:07:00,2500,101,2399,EMP-001
FLOG-001869,LINE-B,ORD-1405-0170,43,RES-0402-10K,LOT-581191,1405/01/25 08:30:00,2500,46,2454,EMP-006
FLOG-001870,LINE-B,ORD-1405-0170,1,CAP-0603-100nF,LOT-668282,1405/01/25 08:30:00,5000,50,4950,EMP-006
FLOG-001871,LINE-B,ORD-1405-0170,7,RES-0201-1K,LOT-294130,1405/01/25 08:30:00,5000,50,4950,EMP-006
FLOG-001872,LINE-B,ORD-1405-0170,5,RES-0201-1K,LOT-260085,1405/01/25 08:30:00,2500,47,2453,EMP-006
FLOG-001873,LINE-B,ORD-1405-0170,52,RES-0402-1K,LOT-847721,1405/01/25 08:30:00,4000,48,3952,EMP-006
FLOG-001874,LINE-B,ORD-1405-0170,16,DIO-SS14,LOT-839924,1405/01/25 08:30:00,5000,47,4953,EMP-006
FLOG-001875,LINE-B,ORD-1405-0170,56,CAP-0603-1uF,LOT-442998,1405/01/25 08:30:00,4000,50,3950,EMP-006
FLOG-001876,LINE-B,ORD-1405-0170,26,CAP-0603-100nF,LOT-592821,1405/01/25 08:30:00,10000,51,9949,EMP-006
FLOG-001877,LINE-B,ORD-1405-0170,58,CAP-0603-4.7uF,LOT-236098,1405/01/25 08:30:00,4000,49,3951,EMP-006
FLOG-001878,LINE-B,ORD-1405-0170,24,CONN-HDR-4P,LOT-707782,1405/01/25 08:30:00,10000,47,9953,EMP-006
FLOG-001879,LINE-B,ORD-1405-0171,20,RES-0402-100K,LOT-522791,1405/01/22 13:38:00,5000,195,4805,EMP-008
FLOG-001880,LINE-B,ORD-1405-0171,14,IC-SOIC-TXRX-RS485,LOT-929471,1405/01/22 13:38:00,5000,205,4795,EMP-008
FLOG-001881,LINE-B,ORD-1405-0171,39,IC-SOIC-TXRX-RS485,LOT-628451,1405/01/22 13:38:00,5000,195,4805,EMP-008
FLOG-001882,LINE-B,ORD-1405-0171,37,IC-SOIC-MCU-ATMEGA328,LOT-258790,1405/01/22 13:38:00,2500,194,2306,EMP-008
FLOG-001883,LINE-B,ORD-1405-0171,24,DIO-LED-0603-GRN,LOT-398773,1405/01/22 13:38:00,4000,210,3790,EMP-008
FLOG-001884,LINE-B,ORD-1405-0171,17,RES-0402-10K,LOT-516282,1405/01/22 13:38:00,10000,186,9814,EMP-008
FLOG-001885,LINE-B,ORD-1405-0171,18,IC-BGA-DDR3-2G,LOT-197530,1405/01/22 13:38:00,10000,209,9791,EMP-008
FLOG-001886,LINE-B,ORD-1405-0172,48,DIO-LED-0603-RED,LOT-624716,1405/01/25 14:06:00,4000,64,3936,EMP-007
FLOG-001887,LINE-B,ORD-1405-0172,44,IC-SOIC-OPAMP-DUAL,LOT-636165,1405/01/25 14:06:00,2500,66,2434,EMP-007
FLOG-001888,LINE-B,ORD-1405-0172,34,IC-SOIC-OPAMP-DUAL,LOT-632593,1405/01/25 14:06:00,4000,67,3933,EMP-007
FLOG-001889,LINE-B,ORD-1405-0172,32,RES-0201-47K,LOT-801550,1405/01/25 14:06:00,5000,68,4932,EMP-007
FLOG-001890,LINE-B,ORD-1405-0172,12,RES-0402-100R,LOT-169970,1405/01/25 14:06:00,4000,63,3937,EMP-007
FLOG-001891,LINE-B,ORD-1405-0172,16,IC-SOIC-MCU-STM32F1,LOT-611145,1405/01/25 14:06:00,5000,61,4939,EMP-007
FLOG-001892,LINE-B,ORD-1405-0172,24,CAP-0603-100nF,LOT-391055,1405/01/25 14:06:00,10000,68,9932,EMP-007
FLOG-001893,LINE-B,ORD-1405-0172,51,IC-SOIC-MCU-ATMEGA328,LOT-835959,1405/01/25 14:06:00,4000,65,3935,EMP-007
FLOG-001894,LINE-B,ORD-1405-0172,47,RES-0402-10R,LOT-274337,1405/01/25 14:06:00,4000,65,3935,EMP-007
FLOG-001895,LINE-B,ORD-1405-0172,52,RES-0402-100R,LOT-221281,1405/01/25 14:06:00,4000,62,3938,EMP-007
FLOG-001896,LINE-B,ORD-1405-0172,15,RES-0402-100K,LOT-786471,1405/01/25 14:06:00,2500,63,2437,EMP-007
FLOG-001897,LINE-B,ORD-1405-0172,39,CONN-USB-C,LOT-383853,1405/01/25 14:06:00,5000,64,4936,EMP-007
FLOG-001898,LINE-A,ORD-1405-0173,40,IC-SOIC-MCU-STM32F1,LOT-501722,1405/01/23 14:26:00,10000,6,9994,EMP-005
FLOG-001899,LINE-A,ORD-1405-0173,53,RES-0201-100K,LOT-955858,1405/01/23 14:26:00,5000,6,4994,EMP-005
FLOG-001900,LINE-A,ORD-1405-0173,49,CAP-0201-10pF,LOT-269748,1405/01/23 14:26:00,5000,6,4994,EMP-005
FLOG-001901,LINE-A,ORD-1405-0173,1,RES-0402-100R,LOT-455024,1405/01/23 14:26:00,2500,6,2494,EMP-005
FLOG-001902,LINE-A,ORD-1405-0173,13,RES-0402-100K,LOT-248682,1405/01/23 14:26:00,5000,6,4994,EMP-005
FLOG-001903,LINE-A,ORD-1405-0173,46,DIO-LED-0603-GRN,LOT-862105,1405/01/23 14:26:00,10000,6,9994,EMP-005
FLOG-001904,LINE-A,ORD-1405-0173,14,RES-0402-100R,LOT-797234,1405/01/23 14:26:00,10000,6,9994,EMP-005
FLOG-001905,LINE-A,ORD-1405-0173,29,RES-0402-100K,LOT-600707,1405/01/23 14:26:00,5000,6,4994,EMP-005
FLOG-001906,LINE-A,ORD-1405-0173,56,DIO-LED-0603-RED,LOT-745231,1405/01/23 14:26:00,10000,6,9994,EMP-005
FLOG-001907,LINE-A,ORD-1405-0173,52,RES-0201-10K,LOT-675361,1405/01/23 14:26:00,10000,6,9994,EMP-005
FLOG-001908,LINE-A,ORD-1405-0173,26,CAP-0201-10pF,LOT-965146,1405/01/23 14:26:00,2500,6,2494,EMP-005
FLOG-001909,LINE-B,ORD-1405-0174,58,IC-SOIC-TXRX-RS485,LOT-736741,1405/01/25 14:25:00,4000,5,3995,EMP-008
FLOG-001910,LINE-B,ORD-1405-0174,42,RES-0402-10R,LOT-867421,1405/01/25 14:25:00,2500,5,2495,EMP-008
FLOG-001911,LINE-B,ORD-1405-0174,21,RES-0402-330R,LOT-779562,1405/01/25 14:25:00,4000,5,3995,EMP-008
FLOG-001912,LINE-B,ORD-1405-0174,28,CAP-0603-100pF,LOT-340537,1405/01/25 14:25:00,5000,5,4995,EMP-008
FLOG-001913,LINE-B,ORD-1405-0174,59,CAP-0603-100pF,LOT-405656,1405/01/25 14:25:00,5000,5,4995,EMP-008
FLOG-001914,LINE-B,ORD-1405-0174,9,IC-SOIC-MCU-ATMEGA328,LOT-362561,1405/01/25 14:25:00,4000,5,3995,EMP-008
FLOG-001915,LINE-B,ORD-1405-0174,50,DIO-SS14,LOT-376216,1405/01/25 14:25:00,2500,5,2495,EMP-008
FLOG-001916,LINE-B,ORD-1405-0174,7,RES-0402-100R,LOT-840336,1405/01/25 14:25:00,2500,5,2495,EMP-008
FLOG-001917,LINE-B,ORD-1405-0174,45,RES-0402-4K7,LOT-154208,1405/01/25 14:25:00,2500,5,2495,EMP-008
FLOG-001918,LINE-B,ORD-1405-0174,8,RES-0402-10R,LOT-607569,1405/01/25 14:25:00,2500,5,2495,EMP-008
FLOG-001919,LINE-B,ORD-1405-0174,2,CAP-0603-22pF,LOT-992614,1405/01/25 14:25:00,2500,5,2495,EMP-008
FLOG-001920,LINE-B,ORD-1405-0174,23,CAP-0603-22pF,LOT-363525,1405/01/25 14:25:00,2500,5,2495,EMP-008
FLOG-001921,LINE-B,ORD-1405-0174,11,IC-SOIC-PMIC-BUCK1A,LOT-290862,1405/01/25 14:25:00,5000,5,4995,EMP-008
FLOG-001922,LINE-B,ORD-1405-0174,18,RES-0402-4K7,LOT-822643,1405/01/25 14:25:00,10000,5,9995,EMP-008
FLOG-001923,LINE-B,ORD-1405-0174,33,RES-0402-22R,LOT-695689,1405/01/25 14:25:00,5000,5,4995,EMP-008
FLOG-001924,LINE-B,ORD-1405-0174,35,CONN-USB-C,LOT-488983,1405/01/25 14:25:00,2500,5,2495,EMP-008
FLOG-001925,LINE-B,ORD-1405-0175,40,IC-SOIC-MCU-STM32F1,LOT-892851,1405/01/26 13:18:00,2500,26,2474,EMP-008
FLOG-001926,LINE-B,ORD-1405-0175,56,RES-0402-100R,LOT-278568,1405/01/26 13:18:00,5000,26,4974,EMP-008
FLOG-001927,LINE-B,ORD-1405-0175,17,RES-0402-100K,LOT-318303,1405/01/26 13:18:00,4000,26,3974,EMP-008
FLOG-001928,LINE-B,ORD-1405-0175,6,RES-0402-10R,LOT-706609,1405/01/26 13:18:00,4000,25,3975,EMP-008
FLOG-001929,LINE-B,ORD-1405-0175,29,CAP-0201-100nF,LOT-263716,1405/01/26 13:18:00,2500,26,2474,EMP-008
FLOG-001930,LINE-B,ORD-1405-0175,24,RES-0201-10K,LOT-684406,1405/01/26 13:18:00,4000,23,3977,EMP-008
FLOG-001931,LINE-B,ORD-1405-0175,12,CONN-TERM-BLOCK-3P,LOT-874139,1405/01/26 13:18:00,4000,23,3977,EMP-008
FLOG-001932,LINE-B,ORD-1405-0176,16,DIO-LED-0603-GRN,LOT-347023,1405/01/27 10:27:00,4000,18,3982,EMP-006
FLOG-001933,LINE-B,ORD-1405-0176,52,IC-SOIC-MCU-STM32F1,LOT-626616,1405/01/27 10:27:00,4000,20,3980,EMP-006
FLOG-001934,LINE-B,ORD-1405-0176,33,CAP-0603-4.7uF,LOT-855593,1405/01/27 10:27:00,5000,18,4982,EMP-006
FLOG-001935,LINE-B,ORD-1405-0176,28,RES-0402-10R,LOT-468795,1405/01/27 10:27:00,2500,18,2482,EMP-006
FLOG-001936,LINE-B,ORD-1405-0176,36,RES-0402-10K,LOT-516138,1405/01/27 10:27:00,4000,19,3981,EMP-006
FLOG-001937,LINE-B,ORD-1405-0176,58,RES-0402-22R,LOT-132294,1405/01/27 10:27:00,4000,18,3982,EMP-006
FLOG-001938,LINE-B,ORD-1405-0176,10,DIO-1N4148,LOT-713096,1405/01/27 10:27:00,4000,18,3982,EMP-006
FLOG-001939,LINE-B,ORD-1405-0176,53,RES-0201-47K,LOT-328894,1405/01/27 10:27:00,2500,20,2480,EMP-006
FLOG-001940,LINE-B,ORD-1405-0176,50,RES-0402-100R,LOT-341245,1405/01/27 10:27:00,2500,19,2481,EMP-006
FLOG-001941,LINE-B,ORD-1405-0176,1,CAP-0603-22pF,LOT-941841,1405/01/27 10:27:00,5000,18,4982,EMP-006
FLOG-001942,LINE-B,ORD-1405-0176,37,CAP-0201-10pF,LOT-754619,1405/01/27 10:27:00,10000,19,9981,EMP-006
FLOG-001943,LINE-B,ORD-1405-0177,24,CAP-0201-100nF,LOT-884120,1405/01/26 07:26:00,10000,49,9951,EMP-006
FLOG-001944,LINE-B,ORD-1405-0177,16,RES-0402-100R,LOT-922550,1405/01/26 07:26:00,5000,44,4956,EMP-006
FLOG-001945,LINE-B,ORD-1405-0177,36,RES-0402-100R,LOT-655462,1405/01/26 07:26:00,5000,45,4955,EMP-006
FLOG-001946,LINE-B,ORD-1405-0177,8,CAP-0201-100nF,LOT-436646,1405/01/26 07:26:00,4000,49,3951,EMP-006
FLOG-001947,LINE-B,ORD-1405-0177,59,RES-0402-100R,LOT-500238,1405/01/26 07:26:00,5000,46,4954,EMP-006
FLOG-001948,LINE-B,ORD-1405-0177,53,RES-0402-4K7,LOT-856987,1405/01/26 07:26:00,10000,48,9952,EMP-006
FLOG-001949,LINE-B,ORD-1405-0177,12,IC-BGA-DDR3-2G,LOT-880746,1405/01/26 07:26:00,4000,48,3952,EMP-006
FLOG-001950,LINE-B,ORD-1405-0177,56,RES-0402-100R,LOT-767322,1405/01/26 07:26:00,4000,46,3954,EMP-006
FLOG-001951,LINE-B,ORD-1405-0177,9,CONN-TERM-BLOCK-3P,LOT-905729,1405/01/26 07:26:00,5000,48,4952,EMP-006
FLOG-001952,LINE-A,ORD-1405-0178,58,IC-SOIC-TXRX-RS485,LOT-963783,1405/01/27 14:43:00,10000,37,9963,EMP-003
FLOG-001953,LINE-A,ORD-1405-0178,50,IC-SOIC-TXRX-RS485,LOT-696351,1405/01/27 14:43:00,4000,37,3963,EMP-003
FLOG-001954,LINE-A,ORD-1405-0178,29,CAP-0201-10pF,LOT-189180,1405/01/27 14:43:00,2500,37,2463,EMP-003
FLOG-001955,LINE-A,ORD-1405-0178,24,IC-SOIC-TXRX-RS485,LOT-594046,1405/01/27 14:43:00,10000,42,9958,EMP-003
FLOG-001956,LINE-A,ORD-1405-0178,34,IC-SOIC-MCU-ATMEGA328,LOT-901983,1405/01/27 14:43:00,4000,37,3963,EMP-003
FLOG-001957,LINE-A,ORD-1405-0178,4,RES-0402-330R,LOT-749773,1405/01/27 14:43:00,2500,40,2460,EMP-003
FLOG-001958,LINE-A,ORD-1405-0178,38,CAP-0201-100nF,LOT-215011,1405/01/27 14:43:00,5000,40,4960,EMP-003
FLOG-001959,LINE-A,ORD-1405-0179,24,RES-0402-10R,LOT-530619,1405/01/26 13:33:00,5000,106,4894,EMP-003
FLOG-001960,LINE-A,ORD-1405-0179,46,IC-SOIC-EEPROM-24C02,LOT-835113,1405/01/26 13:33:00,4000,110,3890,EMP-003
FLOG-001961,LINE-A,ORD-1405-0179,1,DIO-LED-0603-RED,LOT-365046,1405/01/26 13:33:00,5000,98,4902,EMP-003
FLOG-001962,LINE-A,ORD-1405-0179,23,CAP-0603-100nF,LOT-923147,1405/01/26 13:33:00,4000,108,3892,EMP-003
FLOG-001963,LINE-A,ORD-1405-0179,19,CAP-0603-100nF,LOT-253540,1405/01/26 13:33:00,5000,102,4898,EMP-003
FLOG-001964,LINE-A,ORD-1405-0179,43,RES-0201-100K,LOT-538510,1405/01/26 13:33:00,10000,106,9894,EMP-003
FLOG-001965,LINE-A,ORD-1405-0179,6,RES-0402-330R,LOT-151305,1405/01/26 13:33:00,2500,107,2393,EMP-003
FLOG-001966,LINE-A,ORD-1405-0179,26,RES-0402-22R,LOT-462549,1405/01/26 13:33:00,5000,100,4900,EMP-003
FLOG-001967,LINE-A,ORD-1405-0179,58,RES-0402-22R,LOT-895241,1405/01/26 13:33:00,4000,105,3895,EMP-003
FLOG-001968,LINE-A,ORD-1405-0179,38,CONN-HDR-2P,LOT-611694,1405/01/26 13:33:00,2500,99,2401,EMP-003
FLOG-001969,LINE-A,ORD-1405-0180,46,IC-SOIC-TXRX-RS485,LOT-558931,1405/01/26 14:59:00,10000,165,9835,EMP-004
FLOG-001970,LINE-A,ORD-1405-0180,31,DIO-1N4148,LOT-524925,1405/01/26 14:59:00,5000,187,4813,EMP-004
FLOG-001971,LINE-A,ORD-1405-0180,37,RES-0402-100R,LOT-525295,1405/01/26 14:59:00,10000,170,9830,EMP-004
FLOG-001972,LINE-A,ORD-1405-0180,16,CAP-0201-100nF,LOT-642553,1405/01/26 14:59:00,2500,183,2317,EMP-004
FLOG-001973,LINE-A,ORD-1405-0180,14,CAP-0201-100nF,LOT-980084,1405/01/26 14:59:00,5000,187,4813,EMP-004
FLOG-001974,LINE-A,ORD-1405-0180,54,CAP-0603-100nF,LOT-385308,1405/01/26 14:59:00,2500,177,2323,EMP-004
FLOG-001975,LINE-A,ORD-1405-0180,30,RES-0201-100K,LOT-868461,1405/01/26 14:59:00,2500,187,2313,EMP-004
FLOG-001976,LINE-A,ORD-1405-0180,3,RES-0402-10K,LOT-678544,1405/01/26 14:59:00,10000,183,9817,EMP-004
FLOG-001977,LINE-A,ORD-1405-0180,24,DIO-SS14,LOT-331127,1405/01/26 14:59:00,4000,167,3833,EMP-004
FLOG-001978,LINE-A,ORD-1405-0180,48,IC-SOIC-PMIC-BUCK1A,LOT-315110,1405/01/26 14:59:00,4000,187,3813,EMP-004
FLOG-001979,LINE-A,ORD-1405-0180,56,CONN-HDR-4P,LOT-308756,1405/01/26 14:59:00,4000,166,3834,EMP-004
FLOG-001980,LINE-B,ORD-1405-0181,49,CAP-0201-10pF,LOT-570182,1405/01/26 11:42:00,5000,80,4920,EMP-009
FLOG-001981,LINE-B,ORD-1405-0181,46,CAP-0603-1uF,LOT-819833,1405/01/26 11:42:00,5000,75,4925,EMP-009
FLOG-001982,LINE-B,ORD-1405-0181,7,RES-0402-10R,LOT-550793,1405/01/26 11:42:00,2500,77,2423,EMP-009
FLOG-001983,LINE-B,ORD-1405-0181,39,CAP-0201-10pF,LOT-518902,1405/01/26 11:42:00,5000,74,4926,EMP-009
FLOG-001984,LINE-B,ORD-1405-0181,54,IC-SOIC-MCU-STM32F1,LOT-217903,1405/01/26 11:42:00,10000,81,9919,EMP-009
FLOG-001985,LINE-B,ORD-1405-0181,19,CAP-0603-4.7uF,LOT-606314,1405/01/26 11:42:00,5000,74,4926,EMP-009
FLOG-001986,LINE-B,ORD-1405-0181,1,RES-0201-47K,LOT-800493,1405/01/26 11:42:00,10000,76,9924,EMP-009
FLOG-001987,LINE-B,ORD-1405-0181,10,RES-0402-100R,LOT-360130,1405/01/26 11:42:00,5000,79,4921,EMP-009
FLOG-001988,LINE-B,ORD-1405-0181,3,RES-0402-330R,LOT-684057,1405/01/26 11:42:00,4000,83,3917,EMP-009
FLOG-001989,LINE-B,ORD-1405-0181,37,IC-SOIC-PMIC-BUCK1A,LOT-188331,1405/01/26 11:42:00,5000,78,4922,EMP-009
FLOG-001990,LINE-B,ORD-1405-0182,14,DIO-LED-0603-GRN,LOT-348162,1405/01/29 08:47:00,5000,74,4926,EMP-006
FLOG-001991,LINE-B,ORD-1405-0182,51,CAP-0201-10pF,LOT-100642,1405/01/29 08:47:00,4000,74,3926,EMP-006
FLOG-001992,LINE-B,ORD-1405-0182,31,RES-0402-22R,LOT-800541,1405/01/29 08:47:00,10000,73,9927,EMP-006
FLOG-001993,LINE-B,ORD-1405-0182,42,CAP-0603-22pF,LOT-418302,1405/01/29 08:47:00,2500,78,2422,EMP-006
FLOG-001994,LINE-B,ORD-1405-0182,55,RES-0402-22R,LOT-644268,1405/01/29 08:47:00,10000,74,9926,EMP-006
FLOG-001995,LINE-B,ORD-1405-0182,49,CAP-0603-10uF,LOT-948071,1405/01/29 08:47:00,2500,71,2429,EMP-006
FLOG-001996,LINE-B,ORD-1405-0182,2,RES-0201-10K,LOT-537953,1405/01/29 08:47:00,4000,78,3922,EMP-006
FLOG-001997,LINE-B,ORD-1405-0182,34,IC-SOIC-OPAMP-DUAL,LOT-343420,1405/01/29 08:47:00,10000,72,9928,EMP-006
FLOG-001998,LINE-B,ORD-1405-0182,19,IC-BGA-FPGA-XC7,LOT-386570,1405/01/29 08:47:00,4000,69,3931,EMP-006
FLOG-001999,LINE-B,ORD-1405-0182,39,RES-0402-100K,LOT-432788,1405/01/29 08:47:00,5000,76,4924,EMP-006
FLOG-002000,LINE-A,ORD-1405-0183,29,DIO-1N4148,LOT-724733,1405/01/29 14:18:00,10000,25,9975,EMP-002
FLOG-002001,LINE-A,ORD-1405-0183,25,RES-0201-47K,LOT-954093,1405/01/29 14:18:00,10000,24,9976,EMP-002
FLOG-002002,LINE-A,ORD-1405-0183,46,CAP-0603-22pF,LOT-622719,1405/01/29 14:18:00,4000,26,3974,EMP-002
FLOG-002003,LINE-A,ORD-1405-0183,10,IC-SOIC-OPAMP-DUAL,LOT-604862,1405/01/29 14:18:00,2500,25,2475,EMP-002
FLOG-002004,LINE-A,ORD-1405-0183,34,CAP-0603-100nF,LOT-433555,1405/01/29 14:18:00,5000,27,4973,EMP-002
FLOG-002005,LINE-A,ORD-1405-0183,60,CAP-0603-22pF,LOT-903356,1405/01/29 14:18:00,2500,26,2474,EMP-002
FLOG-002006,LINE-A,ORD-1405-0183,12,DIO-LED-0603-GRN,LOT-339114,1405/01/29 14:18:00,2500,24,2476,EMP-002
FLOG-002007,LINE-A,ORD-1405-0183,15,RES-0201-1K,LOT-766367,1405/01/29 14:18:00,2500,26,2474,EMP-002
FLOG-002008,LINE-A,ORD-1405-0183,36,RES-0402-1K,LOT-350924,1405/01/29 14:18:00,4000,27,3973,EMP-002
FLOG-002009,LINE-A,ORD-1405-0183,13,CAP-0603-100nF,LOT-267386,1405/01/29 14:18:00,2500,24,2476,EMP-002
FLOG-002010,LINE-A,ORD-1405-0183,54,IC-BGA-PMIC-MULTI,LOT-309315,1405/01/29 14:18:00,2500,24,2476,EMP-002
FLOG-002011,LINE-A,ORD-1405-0183,31,CAP-0201-100nF,LOT-338620,1405/01/29 14:18:00,2500,26,2474,EMP-002
FLOG-002012,LINE-A,ORD-1405-0183,42,CONN-TERM-BLOCK-3P,LOT-475755,1405/01/29 14:18:00,4000,24,3976,EMP-002
FLOG-002013,LINE-A,ORD-1405-0184,10,IC-SOIC-MCU-STM32F1,LOT-829313,1405/01/30 14:57:00,4000,24,3976,EMP-005
FLOG-002014,LINE-A,ORD-1405-0184,38,IC-SOIC-PMIC-BUCK1A,LOT-116312,1405/01/30 14:57:00,10000,24,9976,EMP-005
FLOG-002015,LINE-A,ORD-1405-0184,4,RES-0402-10K,LOT-365820,1405/01/30 14:57:00,2500,23,2477,EMP-005
FLOG-002016,LINE-A,ORD-1405-0184,40,CAP-0603-22pF,LOT-225491,1405/01/30 14:57:00,5000,24,4976,EMP-005
FLOG-002017,LINE-A,ORD-1405-0184,8,RES-0402-10R,LOT-766474,1405/01/30 14:57:00,4000,24,3976,EMP-005
FLOG-002018,LINE-A,ORD-1405-0184,1,IC-SOIC-MCU-ATMEGA328,LOT-638396,1405/01/30 14:57:00,5000,25,4975,EMP-005
FLOG-002019,LINE-A,ORD-1405-0184,18,IC-SOIC-PMIC-BUCK1A,LOT-948613,1405/01/30 14:57:00,4000,24,3976,EMP-005
FLOG-002020,LINE-A,ORD-1405-0184,33,RES-0402-4K7,LOT-217951,1405/01/30 14:57:00,2500,25,2475,EMP-005
FLOG-002021,LINE-A,ORD-1405-0184,5,IC-SOIC-PMIC-BUCK1A,LOT-766431,1405/01/30 14:57:00,4000,24,3976,EMP-005
FLOG-002022,LINE-A,ORD-1405-0184,22,CAP-0603-100nF,LOT-767991,1405/01/30 14:57:00,10000,24,9976,EMP-005
FLOG-002023,LINE-A,ORD-1405-0184,59,RES-0402-10K,LOT-354730,1405/01/30 14:57:00,10000,23,9977,EMP-005
FLOG-002024,LINE-A,ORD-1405-0184,32,CAP-0603-100nF,LOT-685785,1405/01/30 14:57:00,2500,23,2477,EMP-005
FLOG-002025,LINE-B,ORD-1405-0185,31,IC-SOIC-OPAMP-DUAL,LOT-112921,1405/02/01 12:52:00,5000,7,4993,EMP-009
FLOG-002026,LINE-B,ORD-1405-0185,55,DIO-SS14,LOT-377361,1405/02/01 12:52:00,2500,7,2493,EMP-009
FLOG-002027,LINE-B,ORD-1405-0185,14,IC-SOIC-TXRX-RS485,LOT-173481,1405/02/01 12:52:00,5000,7,4993,EMP-009
FLOG-002028,LINE-B,ORD-1405-0185,49,DIO-LED-0603-GRN,LOT-234711,1405/02/01 12:52:00,4000,7,3993,EMP-009
FLOG-002029,LINE-B,ORD-1405-0185,47,RES-0402-100K,LOT-443575,1405/02/01 12:52:00,5000,7,4993,EMP-009
FLOG-002030,LINE-B,ORD-1405-0185,27,RES-0402-100R,LOT-123315,1405/02/01 12:52:00,4000,7,3993,EMP-009
FLOG-002031,LINE-B,ORD-1405-0185,21,IC-SOIC-MCU-STM32F1,LOT-128211,1405/02/01 12:52:00,5000,7,4993,EMP-009
FLOG-002032,LINE-B,ORD-1405-0185,30,RES-0402-10K,LOT-809149,1405/02/01 12:52:00,2500,7,2493,EMP-009
FLOG-002033,LINE-B,ORD-1405-0186,24,CAP-0603-22pF,LOT-500641,1405/02/01 10:12:00,10000,39,9961,EMP-009
FLOG-002034,LINE-B,ORD-1405-0186,41,CAP-0603-100nF,LOT-423323,1405/02/01 10:12:00,2500,43,2457,EMP-009
FLOG-002035,LINE-B,ORD-1405-0186,6,DIO-SS14,LOT-283756,1405/02/01 10:12:00,10000,43,9957,EMP-009
FLOG-002036,LINE-B,ORD-1405-0186,2,DIO-SS14,LOT-306868,1405/02/01 10:12:00,5000,42,4958,EMP-009
FLOG-002037,LINE-B,ORD-1405-0186,16,IC-SOIC-TXRX-RS485,LOT-851586,1405/02/01 10:12:00,4000,39,3961,EMP-009
FLOG-002038,LINE-B,ORD-1405-0186,31,IC-SOIC-EEPROM-24C02,LOT-370323,1405/02/01 10:12:00,10000,42,9958,EMP-009
FLOG-002039,LINE-B,ORD-1405-0186,58,RES-0201-100K,LOT-552496,1405/02/01 10:12:00,5000,40,4960,EMP-009
FLOG-002040,LINE-B,ORD-1405-0186,45,RES-0402-100K,LOT-574779,1405/02/01 10:12:00,5000,41,4959,EMP-009
FLOG-002041,LINE-B,ORD-1405-0186,13,RES-0402-10R,LOT-657303,1405/02/01 10:12:00,4000,39,3961,EMP-009
FLOG-002042,LINE-B,ORD-1405-0186,57,CAP-0603-100pF,LOT-345831,1405/02/01 10:12:00,4000,40,3960,EMP-009
FLOG-002043,LINE-B,ORD-1405-0186,33,IC-SOIC-EEPROM-24C02,LOT-530846,1405/02/01 10:12:00,4000,42,3958,EMP-009
FLOG-002044,LINE-B,ORD-1405-0186,49,RES-0402-100R,LOT-346069,1405/02/01 10:12:00,5000,42,4958,EMP-009
FLOG-002045,LINE-B,ORD-1405-0186,27,RES-0402-10R,LOT-122641,1405/02/01 10:12:00,5000,41,4959,EMP-009
FLOG-002046,LINE-B,ORD-1405-0186,17,IC-SOIC-MCU-ATMEGA328,LOT-962358,1405/02/01 10:12:00,2500,43,2457,EMP-009
FLOG-002047,LINE-B,ORD-1405-0186,26,CONN-HDR-2P,LOT-702802,1405/02/01 10:12:00,10000,39,9961,EMP-009
FLOG-002048,LINE-B,ORD-1405-0187,11,CAP-0201-10pF,LOT-568179,1405/01/29 12:43:00,2500,244,2256,EMP-009
FLOG-002049,LINE-B,ORD-1405-0187,58,RES-0201-100K,LOT-971459,1405/01/29 12:43:00,10000,254,9746,EMP-009
FLOG-002050,LINE-B,ORD-1405-0187,23,RES-0402-10R,LOT-439735,1405/01/29 12:43:00,4000,254,3746,EMP-009
FLOG-002051,LINE-B,ORD-1405-0187,22,IC-SOIC-OPAMP-DUAL,LOT-767335,1405/01/29 12:43:00,4000,238,3762,EMP-009
FLOG-002052,LINE-B,ORD-1405-0187,42,RES-0402-22R,LOT-209804,1405/01/29 12:43:00,10000,245,9755,EMP-009
FLOG-002053,LINE-B,ORD-1405-0187,16,IC-SOIC-EEPROM-24C02,LOT-645967,1405/01/29 12:43:00,10000,232,9768,EMP-009
FLOG-002054,LINE-B,ORD-1405-0187,6,RES-0402-100R,LOT-502890,1405/01/29 12:43:00,10000,241,9759,EMP-009
FLOG-002055,LINE-B,ORD-1405-0187,36,IC-BGA-PMIC-MULTI,LOT-742757,1405/01/29 12:43:00,5000,239,4761,EMP-009
FLOG-002056,LINE-B,ORD-1405-0187,12,RES-0402-1K,LOT-674741,1405/01/29 12:43:00,2500,244,2256,EMP-009
FLOG-002057,LINE-B,ORD-1405-0187,5,CONN-HDR-2P,LOT-213020,1405/01/29 12:43:00,5000,233,4767,EMP-009
FLOG-002058,LINE-B,ORD-1405-0188,18,DIO-LED-0603-RED,LOT-371353,1405/02/02 07:27:00,10000,20,9980,EMP-009
FLOG-002059,LINE-B,ORD-1405-0188,34,CAP-0603-10uF,LOT-807314,1405/02/02 07:27:00,5000,22,4978,EMP-009
FLOG-002060,LINE-B,ORD-1405-0188,6,CAP-0603-100pF,LOT-640651,1405/02/02 07:27:00,4000,21,3979,EMP-009
FLOG-002061,LINE-B,ORD-1405-0188,37,RES-0402-22R,LOT-356330,1405/02/02 07:27:00,4000,21,3979,EMP-009
FLOG-002062,LINE-B,ORD-1405-0188,50,DIO-LED-0603-GRN,LOT-471587,1405/02/02 07:27:00,10000,21,9979,EMP-009
FLOG-002063,LINE-B,ORD-1405-0188,43,IC-SOIC-MCU-ATMEGA328,LOT-540757,1405/02/02 07:27:00,5000,21,4979,EMP-009
FLOG-002064,LINE-B,ORD-1405-0188,35,RES-0402-10R,LOT-214477,1405/02/02 07:27:00,10000,20,9980,EMP-009
FLOG-002065,LINE-B,ORD-1405-0188,57,RES-0402-100K,LOT-709911,1405/02/02 07:27:00,5000,22,4978,EMP-009
FLOG-002066,LINE-B,ORD-1405-0188,42,IC-SOIC-MCU-STM32F1,LOT-506912,1405/02/02 07:27:00,2500,20,2480,EMP-009
FLOG-002067,LINE-B,ORD-1405-0188,10,IC-SOIC-PMIC-BUCK1A,LOT-675489,1405/02/02 07:27:00,2500,22,2478,EMP-009
FLOG-002068,LINE-B,ORD-1405-0188,51,IC-SOIC-MCU-STM32F1,LOT-894617,1405/02/02 07:27:00,4000,20,3980,EMP-009
FLOG-002069,LINE-B,ORD-1405-0188,28,DIO-LED-0603-RED,LOT-394041,1405/02/02 07:27:00,2500,22,2478,EMP-009
FLOG-002070,LINE-B,ORD-1405-0188,21,IC-SOIC-MCU-STM32F1,LOT-718353,1405/02/02 07:27:00,4000,22,3978,EMP-009
FLOG-002071,LINE-B,ORD-1405-0188,47,CONN-HDR-2P,LOT-698673,1405/02/02 07:27:00,10000,22,9978,EMP-009
FLOG-002072,LINE-B,ORD-1405-0189,26,RES-0402-330R,LOT-601536,1405/02/02 14:54:00,2500,44,2456,EMP-010
FLOG-002073,LINE-B,ORD-1405-0189,42,RES-0402-10K,LOT-402790,1405/02/02 14:54:00,4000,40,3960,EMP-010
FLOG-002074,LINE-B,ORD-1405-0189,25,DIO-1N4148,LOT-169743,1405/02/02 14:54:00,10000,40,9960,EMP-010
FLOG-002075,LINE-B,ORD-1405-0189,9,RES-0402-330R,LOT-184781,1405/02/02 14:54:00,2500,44,2456,EMP-010
FLOG-002076,LINE-B,ORD-1405-0189,4,RES-0402-10R,LOT-635256,1405/02/02 14:54:00,5000,42,4958,EMP-010
FLOG-002077,LINE-B,ORD-1405-0189,28,CAP-0603-22pF,LOT-402509,1405/02/02 14:54:00,4000,41,3959,EMP-010
FLOG-002078,LINE-B,ORD-1405-0189,45,IC-SOIC-TXRX-RS485,LOT-940657,1405/02/02 14:54:00,2500,45,2455,EMP-010
FLOG-002079,LINE-B,ORD-1405-0189,13,IC-SOIC-MCU-ATMEGA328,LOT-114044,1405/02/02 14:54:00,10000,45,9955,EMP-010
FLOG-002080,LINE-B,ORD-1405-0189,35,CAP-0603-10uF,LOT-861240,1405/02/02 14:54:00,2500,43,2457,EMP-010
FLOG-002081,LINE-B,ORD-1405-0189,14,CAP-0603-10uF,LOT-947431,1405/02/02 14:54:00,2500,43,2457,EMP-010
FLOG-002082,LINE-B,ORD-1405-0189,22,DIO-LED-0603-GRN,LOT-995605,1405/02/02 14:54:00,5000,43,4957,EMP-010
FLOG-002083,LINE-B,ORD-1405-0189,55,IC-SOIC-PMIC-BUCK1A,LOT-457801,1405/02/02 14:54:00,5000,42,4958,EMP-010
FLOG-002084,LINE-B,ORD-1405-0189,19,IC-BGA-DDR3-2G,LOT-158819,1405/02/02 14:54:00,4000,44,3956,EMP-010
FLOG-002085,LINE-B,ORD-1405-0189,46,CONN-HDR-4P,LOT-813031,1405/02/02 14:54:00,5000,45,4955,EMP-010
FLOG-002086,LINE-B,ORD-1405-0190,47,DIO-1N4148,LOT-329881,1405/02/03 08:27:00,10000,25,9975,EMP-010
FLOG-002087,LINE-B,ORD-1405-0190,12,RES-0402-10R,LOT-847591,1405/02/03 08:27:00,10000,26,9974,EMP-010
FLOG-002088,LINE-B,ORD-1405-0190,18,DIO-LED-0603-GRN,LOT-800686,1405/02/03 08:27:00,10000,25,9975,EMP-010
FLOG-002089,LINE-B,ORD-1405-0190,25,CAP-0603-100nF,LOT-523649,1405/02/03 08:27:00,4000,24,3976,EMP-010
FLOG-002090,LINE-B,ORD-1405-0190,8,RES-0201-1K,LOT-500571,1405/02/03 08:27:00,5000,25,4975,EMP-010
FLOG-002091,LINE-B,ORD-1405-0190,27,RES-0402-1K,LOT-441980,1405/02/03 08:27:00,4000,25,3975,EMP-010
FLOG-002092,LINE-B,ORD-1405-0190,34,RES-0201-100K,LOT-525186,1405/02/03 08:27:00,10000,26,9974,EMP-010
FLOG-002093,LINE-B,ORD-1405-0190,29,RES-0402-10R,LOT-611233,1405/02/03 08:27:00,10000,24,9976,EMP-010
FLOG-002094,LINE-B,ORD-1405-0190,15,CAP-0603-100nF,LOT-398603,1405/02/03 08:27:00,2500,26,2474,EMP-010
FLOG-002095,LINE-B,ORD-1405-0190,46,RES-0402-330R,LOT-889529,1405/02/03 08:27:00,2500,26,2474,EMP-010
FLOG-002096,LINE-B,ORD-1405-0190,1,CAP-0603-1uF,LOT-218295,1405/02/03 08:27:00,2500,25,2475,EMP-010
FLOG-002097,LINE-B,ORD-1405-0190,37,CONN-HDR-2P,LOT-621696,1405/02/03 08:27:00,10000,25,9975,EMP-010
FLOG-002098,LINE-A,ORD-1405-0191,49,RES-0402-4K7,LOT-286308,1405/02/03 11:56:00,2500,109,2391,EMP-004
FLOG-002099,LINE-A,ORD-1405-0191,8,CAP-0603-100nF,LOT-452156,1405/02/03 11:56:00,5000,106,4894,EMP-004
FLOG-002100,LINE-A,ORD-1405-0191,50,DIO-1N4148,LOT-723994,1405/02/03 11:56:00,10000,108,9892,EMP-004
FLOG-002101,LINE-A,ORD-1405-0191,57,RES-0201-10K,LOT-431232,1405/02/03 11:56:00,10000,110,9890,EMP-004
FLOG-002102,LINE-A,ORD-1405-0191,41,CAP-0603-4.7uF,LOT-852982,1405/02/03 11:56:00,4000,108,3892,EMP-004
FLOG-002103,LINE-A,ORD-1405-0191,59,RES-0402-330R,LOT-691269,1405/02/03 11:56:00,4000,116,3884,EMP-004
FLOG-002104,LINE-A,ORD-1405-0191,22,IC-BGA-DDR3-2G,LOT-466244,1405/02/03 11:56:00,4000,119,3881,EMP-004
FLOG-002105,LINE-A,ORD-1405-0191,5,CONN-TERM-BLOCK-3P,LOT-526006,1405/02/03 11:56:00,2500,115,2385,EMP-004
FLOG-002106,LINE-B,ORD-1405-0192,37,RES-0201-47K,LOT-669588,1405/02/02 07:06:00,2500,103,2397,EMP-009
FLOG-002107,LINE-B,ORD-1405-0192,57,CAP-0603-22pF,LOT-572489,1405/02/02 07:06:00,5000,108,4892,EMP-009
FLOG-002108,LINE-B,ORD-1405-0192,59,IC-SOIC-EEPROM-24C02,LOT-250811,1405/02/02 07:06:00,2500,98,2402,EMP-009
FLOG-002109,LINE-B,ORD-1405-0192,22,RES-0402-10K,LOT-368701,1405/02/02 07:06:00,4000,109,3891,EMP-009
FLOG-002110,LINE-B,ORD-1405-0192,6,IC-SOIC-MCU-STM32F1,LOT-757386,1405/02/02 07:06:00,4000,103,3897,EMP-009
FLOG-002111,LINE-B,ORD-1405-0192,11,RES-0402-4K7,LOT-152477,1405/02/02 07:06:00,4000,100,3900,EMP-009
FLOG-002112,LINE-B,ORD-1405-0192,20,RES-0402-10R,LOT-651518,1405/02/02 07:06:00,5000,108,4892,EMP-009
FLOG-002113,LINE-B,ORD-1405-0192,31,CONN-HDR-2P,LOT-904428,1405/02/02 07:06:00,2500,108,2392,EMP-009
FLOG-002114,LINE-B,ORD-1405-0193,2,RES-0201-1K,LOT-332712,1405/02/03 07:27:00,4000,24,3976,EMP-010
FLOG-002115,LINE-B,ORD-1405-0193,18,IC-SOIC-MCU-ATMEGA328,LOT-273717,1405/02/03 07:27:00,5000,24,4976,EMP-010
FLOG-002116,LINE-B,ORD-1405-0193,5,DIO-1N4148,LOT-306135,1405/02/03 07:27:00,2500,24,2476,EMP-010
FLOG-002117,LINE-B,ORD-1405-0193,32,IC-SOIC-EEPROM-24C02,LOT-902727,1405/02/03 07:27:00,2500,23,2477,EMP-010
FLOG-002118,LINE-B,ORD-1405-0193,48,DIO-SS14,LOT-309011,1405/02/03 07:27:00,5000,24,4976,EMP-010
FLOG-002119,LINE-B,ORD-1405-0193,35,RES-0201-100K,LOT-425198,1405/02/03 07:27:00,10000,24,9976,EMP-010
FLOG-002120,LINE-B,ORD-1405-0193,33,IC-SOIC-MCU-ATMEGA328,LOT-153618,1405/02/03 07:27:00,5000,23,4977,EMP-010
FLOG-002121,LINE-B,ORD-1405-0193,24,RES-0201-100K,LOT-708709,1405/02/03 07:27:00,5000,25,4975,EMP-010
FLOG-002122,LINE-B,ORD-1405-0193,59,IC-SOIC-TXRX-RS485,LOT-156171,1405/02/03 07:27:00,4000,24,3976,EMP-010
FLOG-002123,LINE-B,ORD-1405-0193,20,RES-0201-47K,LOT-326103,1405/02/03 07:27:00,2500,23,2477,EMP-010
FLOG-002124,LINE-B,ORD-1405-0193,44,CAP-0201-100nF,LOT-559276,1405/02/03 07:27:00,2500,23,2477,EMP-010
FLOG-002125,LINE-A,ORD-1405-0194,5,RES-0201-10K,LOT-339354,1405/02/05 07:00:00,4000,45,3955,EMP-004
FLOG-002126,LINE-A,ORD-1405-0194,33,DIO-SS14,LOT-929178,1405/02/05 07:00:00,4000,42,3958,EMP-004
FLOG-002127,LINE-A,ORD-1405-0194,26,CAP-0201-100nF,LOT-804071,1405/02/05 07:00:00,4000,45,3955,EMP-004
FLOG-002128,LINE-A,ORD-1405-0194,55,CAP-0603-1uF,LOT-466932,1405/02/05 07:00:00,10000,43,9957,EMP-004
FLOG-002129,LINE-A,ORD-1405-0194,57,CAP-0603-1uF,LOT-353798,1405/02/05 07:00:00,2500,46,2454,EMP-004
FLOG-002130,LINE-A,ORD-1405-0194,4,CAP-0603-4.7uF,LOT-219604,1405/02/05 07:00:00,4000,45,3955,EMP-004
FLOG-002131,LINE-A,ORD-1405-0194,13,RES-0201-1K,LOT-707223,1405/02/05 07:00:00,2500,43,2457,EMP-004
FLOG-002132,LINE-A,ORD-1405-0194,51,DIO-SS14,LOT-104843,1405/02/05 07:00:00,10000,45,9955,EMP-004
FLOG-002133,LINE-A,ORD-1405-0194,35,RES-0402-100K,LOT-309102,1405/02/05 07:00:00,2500,43,2457,EMP-004
FLOG-002134,LINE-A,ORD-1405-0194,50,CONN-TERM-BLOCK-3P,LOT-820098,1405/02/05 07:00:00,2500,43,2457,EMP-004
FLOG-002135,LINE-A,ORD-1405-0195,5,RES-0402-4K7,LOT-801807,1405/02/05 07:00:00,2500,47,2453,EMP-002
FLOG-002136,LINE-A,ORD-1405-0195,20,CAP-0603-1uF,LOT-197464,1405/02/05 07:00:00,4000,51,3949,EMP-002
FLOG-002137,LINE-A,ORD-1405-0195,19,DIO-LED-0603-GRN,LOT-565951,1405/02/05 07:00:00,4000,47,3953,EMP-002
FLOG-002138,LINE-A,ORD-1405-0195,4,DIO-1N4148,LOT-257802,1405/02/05 07:00:00,2500,53,2447,EMP-002
FLOG-002139,LINE-A,ORD-1405-0195,43,CAP-0603-100nF,LOT-861995,1405/02/05 07:00:00,4000,53,3947,EMP-002
FLOG-002140,LINE-A,ORD-1405-0195,30,RES-0402-10R,LOT-623650,1405/02/05 07:00:00,5000,53,4947,EMP-002
FLOG-002141,LINE-A,ORD-1405-0195,17,RES-0201-1K,LOT-116347,1405/02/05 07:00:00,5000,47,4953,EMP-002
FLOG-002142,LINE-A,ORD-1405-0195,59,RES-0402-100R,LOT-729058,1405/02/05 07:00:00,4000,51,3949,EMP-002
FLOG-002143,LINE-A,ORD-1405-0195,14,RES-0402-100K,LOT-525142,1405/02/05 07:00:00,5000,49,4951,EMP-002
FLOG-002144,LINE-A,ORD-1405-0195,60,CAP-0603-4.7uF,LOT-939702,1405/02/05 07:00:00,4000,51,3949,EMP-002
FLOG-002145,LINE-A,ORD-1405-0195,22,RES-0402-22R,LOT-879841,1405/02/05 07:00:00,2500,49,2451,EMP-002
FLOG-002146,LINE-A,ORD-1405-0195,23,CONN-HDR-2P,LOT-537397,1405/02/05 07:00:00,5000,50,4950,EMP-002
FLOG-002147,LINE-B,ORD-1405-0196,6,CAP-0603-100nF,LOT-903521,1405/02/05 07:00:00,10000,80,9920,EMP-007
FLOG-002148,LINE-B,ORD-1405-0196,9,IC-SOIC-EEPROM-24C02,LOT-651511,1405/02/05 07:00:00,10000,79,9921,EMP-007
FLOG-002149,LINE-B,ORD-1405-0196,56,RES-0402-10R,LOT-889528,1405/02/05 07:00:00,10000,78,9922,EMP-007
FLOG-002150,LINE-B,ORD-1405-0196,34,RES-0201-47K,LOT-335328,1405/02/05 07:00:00,4000,74,3926,EMP-007
FLOG-002151,LINE-B,ORD-1405-0196,8,DIO-LED-0603-GRN,LOT-192787,1405/02/05 07:00:00,4000,72,3928,EMP-007
FLOG-002152,LINE-B,ORD-1405-0196,1,IC-SOIC-TXRX-RS485,LOT-282329,1405/02/05 07:00:00,2500,71,2429,EMP-007
FLOG-002153,LINE-B,ORD-1405-0196,45,RES-0201-100K,LOT-206350,1405/02/05 07:00:00,5000,72,4928,EMP-007
FLOG-002154,LINE-B,ORD-1405-0196,23,CONN-HDR-4P,LOT-733376,1405/02/05 07:00:00,2500,80,2420,EMP-007
FLOG-002155,LINE-A,ORD-1405-0197,49,CAP-0201-100nF,LOT-392462,1405/02/06 12:59:00,5000,35,4965,EMP-003
FLOG-002156,LINE-A,ORD-1405-0197,40,RES-0402-100K,LOT-291070,1405/02/06 12:59:00,5000,34,4966,EMP-003
FLOG-002157,LINE-A,ORD-1405-0197,12,RES-0201-10K,LOT-167746,1405/02/06 12:59:00,4000,35,3965,EMP-003
FLOG-002158,LINE-A,ORD-1405-0197,35,DIO-LED-0603-GRN,LOT-800643,1405/02/06 12:59:00,2500,38,2462,EMP-003
FLOG-002159,LINE-A,ORD-1405-0197,13,IC-SOIC-MCU-ATMEGA328,LOT-229317,1405/02/06 12:59:00,5000,37,4963,EMP-003
FLOG-002160,LINE-A,ORD-1405-0197,50,RES-0402-330R,LOT-135979,1405/02/06 12:59:00,10000,37,9963,EMP-003
FLOG-002161,LINE-A,ORD-1405-0197,45,RES-0201-1K,LOT-364096,1405/02/06 12:59:00,5000,34,4966,EMP-003
FLOG-002162,LINE-A,ORD-1405-0197,1,RES-0402-10R,LOT-412293,1405/02/06 12:59:00,5000,34,4966,EMP-003
FLOG-002163,LINE-A,ORD-1405-0197,2,CONN-USB-C,LOT-392231,1405/02/06 12:59:00,2500,36,2464,EMP-003
FLOG-002164,LINE-B,ORD-1405-0198,57,RES-0402-100R,LOT-953261,1405/02/05 07:00:00,4000,98,3902,EMP-010
FLOG-002165,LINE-B,ORD-1405-0198,25,DIO-1N4148,LOT-221108,1405/02/05 07:00:00,2500,103,2397,EMP-010
FLOG-002166,LINE-B,ORD-1405-0198,35,RES-0201-1K,LOT-790089,1405/02/05 07:00:00,5000,96,4904,EMP-010
FLOG-002167,LINE-B,ORD-1405-0198,39,RES-0201-100K,LOT-268843,1405/02/05 07:00:00,4000,94,3906,EMP-010
FLOG-002168,LINE-B,ORD-1405-0198,38,IC-SOIC-MCU-ATMEGA328,LOT-831066,1405/02/05 07:00:00,4000,105,3895,EMP-010
FLOG-002169,LINE-B,ORD-1405-0198,56,RES-0402-10K,LOT-861982,1405/02/05 07:00:00,5000,103,4897,EMP-010
FLOG-002170,LINE-B,ORD-1405-0198,48,RES-0402-10R,LOT-860422,1405/02/05 07:00:00,4000,98,3902,EMP-010
FLOG-002171,LINE-B,ORD-1405-0198,13,IC-SOIC-EEPROM-24C02,LOT-672514,1405/02/05 07:00:00,4000,96,3904,EMP-010
FLOG-002172,LINE-B,ORD-1405-0198,4,RES-0201-100K,LOT-414679,1405/02/05 07:00:00,10000,102,9898,EMP-010
FLOG-002173,LINE-B,ORD-1405-0198,27,IC-SOIC-PMIC-BUCK1A,LOT-952959,1405/02/05 07:00:00,5000,94,4906,EMP-010
FLOG-002174,LINE-B,ORD-1405-0198,10,RES-0402-1K,LOT-465527,1405/02/05 07:00:00,4000,100,3900,EMP-010
FLOG-002175,LINE-B,ORD-1405-0198,20,IC-SOIC-PMIC-BUCK1A,LOT-441431,1405/02/05 07:00:00,4000,100,3900,EMP-010
FLOG-002176,LINE-B,ORD-1405-0198,8,IC-BGA-PMIC-MULTI,LOT-616832,1405/02/05 07:00:00,2500,94,2406,EMP-010
FLOG-002177,LINE-B,ORD-1405-0198,23,CONN-TERM-BLOCK-3P,LOT-817468,1405/02/05 07:00:00,2500,93,2407,EMP-010
FLOG-002178,LINE-B,ORD-1405-0199,48,RES-0402-4K7,LOT-558701,1405/02/05 07:53:00,5000,102,4898,EMP-007
FLOG-002179,LINE-B,ORD-1405-0199,10,IC-SOIC-OPAMP-DUAL,LOT-453282,1405/02/05 07:53:00,10000,103,9897,EMP-007
FLOG-002180,LINE-B,ORD-1405-0199,42,RES-0201-10K,LOT-406199,1405/02/05 07:53:00,5000,115,4885,EMP-007
FLOG-002181,LINE-B,ORD-1405-0199,18,CAP-0603-10uF,LOT-247493,1405/02/05 07:53:00,10000,115,9885,EMP-007
FLOG-002182,LINE-B,ORD-1405-0199,56,IC-SOIC-OPAMP-DUAL,LOT-266911,1405/02/05 07:53:00,2500,106,2394,EMP-007
FLOG-002183,LINE-B,ORD-1405-0199,46,IC-SOIC-OPAMP-DUAL,LOT-132643,1405/02/05 07:53:00,2500,108,2392,EMP-007
FLOG-002184,LINE-B,ORD-1405-0199,59,CAP-0603-1uF,LOT-204512,1405/02/05 07:53:00,4000,101,3899,EMP-007
FLOG-002185,LINE-B,ORD-1405-0199,53,DIO-LED-0603-RED,LOT-853978,1405/02/05 07:53:00,4000,110,3890,EMP-007
FLOG-002186,LINE-B,ORD-1405-0199,44,IC-SOIC-MCU-STM32F1,LOT-527713,1405/02/05 07:53:00,2500,110,2390,EMP-007
FLOG-002187,LINE-B,ORD-1405-0199,45,RES-0201-100K,LOT-324492,1405/02/05 07:53:00,5000,115,4885,EMP-007
FLOG-002188,LINE-B,ORD-1405-0199,26,RES-0201-10K,LOT-465849,1405/02/05 07:53:00,2500,108,2392,EMP-007
FLOG-002189,LINE-B,ORD-1405-0199,55,RES-0402-100K,LOT-186759,1405/02/05 07:53:00,4000,105,3895,EMP-007
FLOG-002190,LINE-B,ORD-1405-0200,6,CAP-0603-22pF,LOT-544667,1405/02/05 07:00:00,10000,30,9970,EMP-009
FLOG-002191,LINE-B,ORD-1405-0200,52,IC-SOIC-MCU-STM32F1,LOT-805079,1405/02/05 07:00:00,4000,29,3971,EMP-009
FLOG-002192,LINE-B,ORD-1405-0200,10,IC-SOIC-MCU-ATMEGA328,LOT-131376,1405/02/05 07:00:00,4000,31,3969,EMP-009
FLOG-002193,LINE-B,ORD-1405-0200,28,DIO-LED-0603-RED,LOT-956653,1405/02/05 07:00:00,5000,30,4970,EMP-009
FLOG-002194,LINE-B,ORD-1405-0200,25,RES-0201-1K,LOT-897697,1405/02/05 07:00:00,4000,29,3971,EMP-009
FLOG-002195,LINE-B,ORD-1405-0200,20,CAP-0603-100nF,LOT-773820,1405/02/05 07:00:00,4000,30,3970,EMP-009
FLOG-002196,LINE-B,ORD-1405-0200,43,RES-0402-1K,LOT-927611,1405/02/05 07:00:00,10000,32,9968,EMP-009
FLOG-002197,LINE-B,ORD-1405-0200,58,IC-BGA-FPGA-XC7,LOT-850734,1405/02/05 07:00:00,2500,29,2471,EMP-009
FLOG-002198,LINE-A,ORD-1405-0201,28,IC-SOIC-OPAMP-DUAL,LOT-611533,1405/02/05 09:19:00,5000,57,4943,EMP-002
FLOG-002199,LINE-A,ORD-1405-0201,51,DIO-1N4148,LOT-162448,1405/02/05 09:19:00,4000,62,3938,EMP-002
FLOG-002200,LINE-A,ORD-1405-0201,20,RES-0201-10K,LOT-194155,1405/02/05 09:19:00,10000,58,9942,EMP-002
FLOG-002201,LINE-A,ORD-1405-0201,1,IC-SOIC-PMIC-BUCK1A,LOT-110982,1405/02/05 09:19:00,10000,61,9939,EMP-002
FLOG-002202,LINE-A,ORD-1405-0201,59,RES-0402-1K,LOT-174159,1405/02/05 09:19:00,4000,58,3942,EMP-002
FLOG-002203,LINE-A,ORD-1405-0201,10,CAP-0603-100pF,LOT-217167,1405/02/05 09:19:00,2500,62,2438,EMP-002
FLOG-002204,LINE-A,ORD-1405-0201,16,RES-0201-10K,LOT-833449,1405/02/05 09:19:00,10000,55,9945,EMP-002
FLOG-002205,LINE-A,ORD-1405-0201,39,IC-SOIC-OPAMP-DUAL,LOT-548934,1405/02/05 09:19:00,10000,55,9945,EMP-002
FLOG-002206,LINE-A,ORD-1405-0201,54,RES-0402-100R,LOT-740995,1405/02/05 09:19:00,10000,60,9940,EMP-002
FLOG-002207,LINE-A,ORD-1405-0201,8,IC-BGA-SOC-IMX6,LOT-812564,1405/02/05 09:19:00,10000,59,9941,EMP-002
FLOG-002208,LINE-A,ORD-1405-0201,37,CONN-HDR-4P,LOT-272341,1405/02/05 09:19:00,4000,57,3943,EMP-002
FLOG-002209,LINE-B,ORD-1405-0202,40,RES-0201-100K,LOT-165339,1405/02/06 12:36:00,2500,66,2434,EMP-007
FLOG-002210,LINE-B,ORD-1405-0202,4,DIO-1N4148,LOT-422108,1405/02/06 12:36:00,5000,67,4933,EMP-007
FLOG-002211,LINE-B,ORD-1405-0202,3,RES-0402-10R,LOT-829419,1405/02/06 12:36:00,5000,61,4939,EMP-007
FLOG-002212,LINE-B,ORD-1405-0202,43,RES-0402-22R,LOT-561036,1405/02/06 12:36:00,5000,69,4931,EMP-007
FLOG-002213,LINE-B,ORD-1405-0202,25,RES-0201-1K,LOT-398458,1405/02/06 12:36:00,2500,61,2439,EMP-007
FLOG-002214,LINE-B,ORD-1405-0202,33,RES-0402-330R,LOT-135519,1405/02/06 12:36:00,10000,62,9938,EMP-007
FLOG-002215,LINE-B,ORD-1405-0202,57,RES-0201-10K,LOT-907762,1405/02/06 12:36:00,10000,61,9939,EMP-007
FLOG-002216,LINE-B,ORD-1405-0202,27,CONN-TERM-BLOCK-3P,LOT-334483,1405/02/06 12:36:00,10000,63,9937,EMP-007
FLOG-002217,LINE-B,ORD-1405-0203,42,CAP-0603-100nF,LOT-835917,1405/02/09 10:28:00,2500,21,2479,EMP-007
FLOG-002218,LINE-B,ORD-1405-0203,59,CAP-0201-10pF,LOT-866926,1405/02/09 10:28:00,10000,20,9980,EMP-007
FLOG-002219,LINE-B,ORD-1405-0203,19,CAP-0603-100pF,LOT-882764,1405/02/09 10:28:00,10000,19,9981,EMP-007
FLOG-002220,LINE-B,ORD-1405-0203,22,CAP-0603-10uF,LOT-864346,1405/02/09 10:28:00,5000,19,4981,EMP-007
FLOG-002221,LINE-B,ORD-1405-0203,29,RES-0402-22R,LOT-510144,1405/02/09 10:28:00,2500,20,2480,EMP-007
FLOG-002222,LINE-B,ORD-1405-0203,52,CAP-0603-1uF,LOT-191385,1405/02/09 10:28:00,10000,21,9979,EMP-007
FLOG-002223,LINE-B,ORD-1405-0203,28,CAP-0201-10pF,LOT-866725,1405/02/09 10:28:00,4000,20,3980,EMP-007
FLOG-002224,LINE-B,ORD-1405-0203,43,CAP-0603-22pF,LOT-384518,1405/02/09 10:28:00,4000,20,3980,EMP-007
FLOG-002225,LINE-B,ORD-1405-0203,36,CAP-0603-100pF,LOT-411909,1405/02/09 10:28:00,4000,19,3981,EMP-007
FLOG-002226,LINE-B,ORD-1405-0203,8,RES-0402-330R,LOT-542934,1405/02/09 10:28:00,10000,19,9981,EMP-007
FLOG-002227,LINE-B,ORD-1405-0203,37,RES-0402-100K,LOT-147205,1405/02/09 10:28:00,4000,19,3981,EMP-007
FLOG-002228,LINE-A,ORD-1405-0204,49,CAP-0603-4.7uF,LOT-449747,1405/02/09 14:05:00,2500,42,2458,EMP-001
FLOG-002229,LINE-A,ORD-1405-0204,28,RES-0402-4K7,LOT-199585,1405/02/09 14:05:00,10000,41,9959,EMP-001
FLOG-002230,LINE-A,ORD-1405-0204,17,DIO-1N4148,LOT-742580,1405/02/09 14:05:00,2500,41,2459,EMP-001
FLOG-002231,LINE-A,ORD-1405-0204,60,RES-0402-100K,LOT-240069,1405/02/09 14:05:00,2500,43,2457,EMP-001
FLOG-002232,LINE-A,ORD-1405-0204,7,RES-0201-1K,LOT-466557,1405/02/09 14:05:00,10000,43,9957,EMP-001
FLOG-002233,LINE-A,ORD-1405-0204,55,CAP-0603-22pF,LOT-850434,1405/02/09 14:05:00,10000,41,9959,EMP-001
FLOG-002234,LINE-A,ORD-1405-0204,11,RES-0402-330R,LOT-630446,1405/02/09 14:05:00,10000,38,9962,EMP-001
FLOG-002235,LINE-A,ORD-1405-0204,40,CAP-0201-10pF,LOT-796123,1405/02/09 14:05:00,10000,42,9958,EMP-001
FLOG-002236,LINE-A,ORD-1405-0204,23,DIO-LED-0603-RED,LOT-264180,1405/02/09 14:05:00,5000,43,4957,EMP-001
FLOG-002237,LINE-A,ORD-1405-0204,33,CAP-0603-100pF,LOT-457866,1405/02/09 14:05:00,10000,40,9960,EMP-001
FLOG-002238,LINE-A,ORD-1405-0204,27,CAP-0603-4.7uF,LOT-121029,1405/02/09 14:05:00,4000,43,3957,EMP-001
FLOG-002239,LINE-A,ORD-1405-0204,21,CAP-0603-4.7uF,LOT-405405,1405/02/09 14:05:00,10000,40,9960,EMP-001
FLOG-002240,LINE-A,ORD-1405-0204,22,IC-SOIC-OPAMP-DUAL,LOT-252606,1405/02/09 14:05:00,4000,38,3962,EMP-001
FLOG-002241,LINE-A,ORD-1405-0204,29,RES-0402-10K,LOT-191734,1405/02/09 14:05:00,4000,40,3960,EMP-001
FLOG-002242,LINE-A,ORD-1405-0204,19,CONN-USB-C,LOT-663332,1405/02/09 14:05:00,2500,38,2462,EMP-001
FLOG-002243,LINE-B,ORD-1405-0205,48,RES-0402-100R,LOT-777500,1405/02/08 11:42:00,10000,16,9984,EMP-008
FLOG-002244,LINE-B,ORD-1405-0205,46,RES-0402-100K,LOT-820022,1405/02/08 11:42:00,4000,15,3985,EMP-008
FLOG-002245,LINE-B,ORD-1405-0205,52,RES-0402-10R,LOT-686100,1405/02/08 11:42:00,4000,16,3984,EMP-008
FLOG-002246,LINE-B,ORD-1405-0205,45,DIO-LED-0603-RED,LOT-122511,1405/02/08 11:42:00,5000,15,4985,EMP-008
FLOG-002247,LINE-B,ORD-1405-0205,37,IC-SOIC-OPAMP-DUAL,LOT-267447,1405/02/08 11:42:00,2500,16,2484,EMP-008
FLOG-002248,LINE-B,ORD-1405-0205,16,CAP-0201-100nF,LOT-304153,1405/02/08 11:42:00,5000,17,4983,EMP-008
FLOG-002249,LINE-B,ORD-1405-0205,54,RES-0402-22R,LOT-827342,1405/02/08 11:42:00,10000,15,9985,EMP-008
FLOG-002250,LINE-B,ORD-1405-0205,32,CONN-USB-C,LOT-308963,1405/02/08 11:42:00,5000,16,4984,EMP-008
FLOG-002251,LINE-A,ORD-1405-0206,5,RES-0402-100K,LOT-163611,1405/02/09 10:45:00,10000,44,9956,EMP-002
FLOG-002252,LINE-A,ORD-1405-0206,2,DIO-SS14,LOT-263311,1405/02/09 10:45:00,10000,41,9959,EMP-002
FLOG-002253,LINE-A,ORD-1405-0206,31,RES-0402-22R,LOT-840991,1405/02/09 10:45:00,4000,45,3955,EMP-002
FLOG-002254,LINE-A,ORD-1405-0206,4,RES-0402-22R,LOT-336876,1405/02/09 10:45:00,5000,40,4960,EMP-002
FLOG-002255,LINE-A,ORD-1405-0206,12,CAP-0603-100pF,LOT-911245,1405/02/09 10:45:00,2500,41,2459,EMP-002
FLOG-002256,LINE-A,ORD-1405-0206,20,DIO-LED-0603-RED,LOT-943002,1405/02/09 10:45:00,2500,44,2456,EMP-002
FLOG-002257,LINE-A,ORD-1405-0206,47,IC-BGA-PMIC-MULTI,LOT-184508,1405/02/09 10:45:00,10000,44,9956,EMP-002
FLOG-002258,LINE-B,ORD-1405-0207,22,RES-0402-100K,LOT-984585,1405/02/10 11:15:00,10000,172,9828,EMP-009
FLOG-002259,LINE-B,ORD-1405-0207,33,DIO-LED-0603-GRN,LOT-738355,1405/02/10 11:15:00,5000,166,4834,EMP-009
FLOG-002260,LINE-B,ORD-1405-0207,12,DIO-1N4148,LOT-741029,1405/02/10 11:15:00,2500,169,2331,EMP-009
FLOG-002261,LINE-B,ORD-1405-0207,19,CAP-0603-100pF,LOT-452114,1405/02/10 11:15:00,2500,175,2325,EMP-009
FLOG-002262,LINE-B,ORD-1405-0207,31,RES-0402-10K,LOT-572493,1405/02/10 11:15:00,5000,169,4831,EMP-009
FLOG-002263,LINE-B,ORD-1405-0207,4,DIO-LED-0603-RED,LOT-503013,1405/02/10 11:15:00,4000,180,3820,EMP-009
FLOG-002264,LINE-B,ORD-1405-0208,45,CAP-0603-22pF,LOT-930675,1405/02/10 11:14:00,5000,27,4973,EMP-010
FLOG-002265,LINE-B,ORD-1405-0208,4,RES-0402-10R,LOT-859447,1405/02/10 11:14:00,10000,27,9973,EMP-010
FLOG-002266,LINE-B,ORD-1405-0208,27,RES-0201-100K,LOT-328456,1405/02/10 11:14:00,10000,27,9973,EMP-010
FLOG-002267,LINE-B,ORD-1405-0208,47,DIO-LED-0603-RED,LOT-909534,1405/02/10 11:14:00,5000,28,4972,EMP-010
FLOG-002268,LINE-B,ORD-1405-0208,8,DIO-LED-0603-GRN,LOT-281042,1405/02/10 11:14:00,5000,27,4973,EMP-010
FLOG-002269,LINE-B,ORD-1405-0208,37,CAP-0603-10uF,LOT-661467,1405/02/10 11:14:00,5000,26,4974,EMP-010
FLOG-002270,LINE-B,ORD-1405-0208,59,RES-0402-4K7,LOT-583832,1405/02/10 11:14:00,2500,25,2475,EMP-010
FLOG-002271,LINE-B,ORD-1405-0208,41,DIO-LED-0603-GRN,LOT-627344,1405/02/10 11:14:00,2500,26,2474,EMP-010
FLOG-002272,LINE-B,ORD-1405-0208,53,IC-SOIC-OPAMP-DUAL,LOT-293668,1405/02/10 11:14:00,2500,27,2473,EMP-010
FLOG-002273,LINE-B,ORD-1405-0208,44,CAP-0603-100pF,LOT-409716,1405/02/10 11:14:00,10000,27,9973,EMP-010
FLOG-002274,LINE-B,ORD-1405-0208,31,CAP-0603-10uF,LOT-631057,1405/02/10 11:14:00,5000,28,4972,EMP-010
FLOG-002275,LINE-B,ORD-1405-0208,19,CONN-HDR-4P,LOT-924229,1405/02/10 11:14:00,2500,26,2474,EMP-010
FLOG-002276,LINE-A,ORD-1405-0209,10,RES-0402-330R,LOT-497382,1405/02/12 07:00:00,4000,9,3991,EMP-005
FLOG-002277,LINE-A,ORD-1405-0209,41,CAP-0603-4.7uF,LOT-770068,1405/02/12 07:00:00,5000,9,4991,EMP-005
FLOG-002278,LINE-A,ORD-1405-0209,43,CAP-0603-100pF,LOT-545209,1405/02/12 07:00:00,2500,10,2490,EMP-005
FLOG-002279,LINE-A,ORD-1405-0209,21,RES-0201-100K,LOT-476640,1405/02/12 07:00:00,5000,9,4991,EMP-005
FLOG-002280,LINE-A,ORD-1405-0209,26,CAP-0603-10uF,LOT-430890,1405/02/12 07:00:00,5000,9,4991,EMP-005
FLOG-002281,LINE-A,ORD-1405-0209,33,IC-SOIC-MCU-ATMEGA328,LOT-408622,1405/02/12 07:00:00,4000,9,3991,EMP-005
FLOG-002282,LINE-A,ORD-1405-0209,52,RES-0402-22R,LOT-639605,1405/02/12 07:00:00,4000,9,3991,EMP-005
FLOG-002283,LINE-A,ORD-1405-0209,47,DIO-1N4148,LOT-741954,1405/02/12 07:00:00,10000,9,9991,EMP-005
FLOG-002284,LINE-B,ORD-1405-0210,59,DIO-1N4148,LOT-295417,1405/02/12 07:00:00,5000,98,4902,EMP-009
FLOG-002285,LINE-B,ORD-1405-0210,56,RES-0201-10K,LOT-478308,1405/02/12 07:00:00,10000,95,9905,EMP-009
FLOG-002286,LINE-B,ORD-1405-0210,21,CAP-0603-1uF,LOT-231063,1405/02/12 07:00:00,2500,102,2398,EMP-009
FLOG-002287,LINE-B,ORD-1405-0210,30,DIO-LED-0603-GRN,LOT-731905,1405/02/12 07:00:00,4000,102,3898,EMP-009
FLOG-002288,LINE-B,ORD-1405-0210,39,RES-0402-10R,LOT-498202,1405/02/12 07:00:00,10000,102,9898,EMP-009
FLOG-002289,LINE-B,ORD-1405-0210,18,RES-0201-47K,LOT-772410,1405/02/12 07:00:00,10000,94,9906,EMP-009
FLOG-002290,LINE-B,ORD-1405-0210,53,RES-0402-100R,LOT-456690,1405/02/12 07:00:00,5000,92,4908,EMP-009
FLOG-002291,LINE-B,ORD-1405-0210,41,CAP-0603-22pF,LOT-172107,1405/02/12 07:00:00,2500,94,2406,EMP-009
FLOG-002292,LINE-B,ORD-1405-0210,2,IC-SOIC-MCU-STM32F1,LOT-410862,1405/02/12 07:00:00,4000,103,3897,EMP-009
FLOG-002293,LINE-B,ORD-1405-0210,6,IC-SOIC-EEPROM-24C02,LOT-816426,1405/02/12 07:00:00,10000,102,9898,EMP-009
FLOG-002294,LINE-A,ORD-1405-0211,21,DIO-LED-0603-RED,LOT-544604,1405/02/10 08:01:00,10000,73,9927,EMP-001
FLOG-002295,LINE-A,ORD-1405-0211,40,RES-0201-1K,LOT-398488,1405/02/10 08:01:00,5000,65,4935,EMP-001
FLOG-002296,LINE-A,ORD-1405-0211,53,RES-0402-100K,LOT-565246,1405/02/10 08:01:00,4000,68,3932,EMP-001
FLOG-002297,LINE-A,ORD-1405-0211,36,DIO-SS14,LOT-834688,1405/02/10 08:01:00,2500,72,2428,EMP-001
FLOG-002298,LINE-A,ORD-1405-0211,19,RES-0402-22R,LOT-555692,1405/02/10 08:01:00,4000,67,3933,EMP-001
FLOG-002299,LINE-A,ORD-1405-0211,38,CAP-0603-100nF,LOT-508721,1405/02/10 08:01:00,2500,66,2434,EMP-001
FLOG-002300,LINE-A,ORD-1405-0211,54,IC-SOIC-EEPROM-24C02,LOT-127738,1405/02/10 08:01:00,2500,68,2432,EMP-001
FLOG-002301,LINE-A,ORD-1405-0211,17,DIO-LED-0603-GRN,LOT-306163,1405/02/10 08:01:00,5000,65,4935,EMP-001
FLOG-002302,LINE-A,ORD-1405-0211,45,CAP-0603-10uF,LOT-107761,1405/02/10 08:01:00,10000,70,9930,EMP-001
FLOG-002303,LINE-A,ORD-1405-0211,35,RES-0402-100R,LOT-330102,1405/02/10 08:01:00,5000,71,4929,EMP-001
FLOG-002304,LINE-B,ORD-1405-0212,30,CAP-0603-10uF,LOT-197000,1405/02/10 13:51:00,5000,109,4891,EMP-006
FLOG-002305,LINE-B,ORD-1405-0212,53,CAP-0603-1uF,LOT-461079,1405/02/10 13:51:00,10000,123,9877,EMP-006
FLOG-002306,LINE-B,ORD-1405-0212,29,IC-SOIC-PMIC-BUCK1A,LOT-671480,1405/02/10 13:51:00,2500,115,2385,EMP-006
FLOG-002307,LINE-B,ORD-1405-0212,42,DIO-LED-0603-RED,LOT-374223,1405/02/10 13:51:00,2500,113,2387,EMP-006
FLOG-002308,LINE-B,ORD-1405-0212,25,RES-0402-100R,LOT-857006,1405/02/10 13:51:00,2500,119,2381,EMP-006
FLOG-002309,LINE-B,ORD-1405-0212,3,CAP-0603-100pF,LOT-641574,1405/02/10 13:51:00,5000,120,4880,EMP-006
FLOG-002310,LINE-B,ORD-1405-0212,36,DIO-1N4148,LOT-673300,1405/02/10 13:51:00,10000,115,9885,EMP-006
FLOG-002311,LINE-B,ORD-1405-0212,15,IC-SOIC-MCU-ATMEGA328,LOT-358720,1405/02/10 13:51:00,10000,118,9882,EMP-006
FLOG-002312,LINE-B,ORD-1405-0212,59,CAP-0201-10pF,LOT-762310,1405/02/10 13:51:00,10000,120,9880,EMP-006
FLOG-002313,LINE-B,ORD-1405-0212,23,CONN-HDR-4P,LOT-503305,1405/02/10 13:51:00,5000,118,4882,EMP-006
FLOG-002314,LINE-B,ORD-1405-0213,13,IC-SOIC-MCU-ATMEGA328,LOT-199780,1405/02/10 13:47:00,5000,335,4665,EMP-010
FLOG-002315,LINE-B,ORD-1405-0213,40,CAP-0201-100nF,LOT-343439,1405/02/10 13:47:00,4000,371,3629,EMP-010
FLOG-002316,LINE-B,ORD-1405-0213,46,CAP-0201-10pF,LOT-118962,1405/02/10 13:47:00,2500,350,2150,EMP-010
FLOG-002317,LINE-B,ORD-1405-0213,38,RES-0402-1K,LOT-688425,1405/02/10 13:47:00,10000,350,9650,EMP-010
FLOG-002318,LINE-B,ORD-1405-0213,10,CAP-0201-100nF,LOT-362143,1405/02/10 13:47:00,5000,346,4654,EMP-010
FLOG-002319,LINE-B,ORD-1405-0213,32,CAP-0603-4.7uF,LOT-495458,1405/02/10 13:47:00,10000,355,9645,EMP-010
FLOG-002320,LINE-B,ORD-1405-0213,14,CAP-0603-100pF,LOT-832965,1405/02/10 13:47:00,5000,382,4618,EMP-010
FLOG-002321,LINE-B,ORD-1405-0213,36,CAP-0201-10pF,LOT-286054,1405/02/10 13:47:00,4000,382,3618,EMP-010
FLOG-002322,LINE-B,ORD-1405-0213,35,DIO-LED-0603-RED,LOT-491854,1405/02/10 13:47:00,10000,350,9650,EMP-010
FLOG-002323,LINE-B,ORD-1405-0213,53,CAP-0201-10pF,LOT-337490,1405/02/10 13:47:00,10000,372,9628,EMP-010
FLOG-002324,LINE-B,ORD-1405-0213,22,RES-0402-22R,LOT-984765,1405/02/10 13:47:00,10000,362,9638,EMP-010
FLOG-002325,LINE-B,ORD-1405-0213,27,RES-0402-10K,LOT-442224,1405/02/10 13:47:00,4000,340,3660,EMP-010
FLOG-002326,LINE-A,ORD-1405-0214,32,CAP-0603-100nF,LOT-169118,1405/02/12 07:00:00,10000,271,9729,EMP-004
FLOG-002327,LINE-A,ORD-1405-0214,49,CAP-0201-100nF,LOT-256747,1405/02/12 07:00:00,5000,299,4701,EMP-004
FLOG-002328,LINE-A,ORD-1405-0214,5,CAP-0603-100nF,LOT-254603,1405/02/12 07:00:00,2500,297,2203,EMP-004
FLOG-002329,LINE-A,ORD-1405-0214,6,CAP-0201-10pF,LOT-606149,1405/02/12 07:00:00,10000,288,9712,EMP-004
FLOG-002330,LINE-A,ORD-1405-0214,43,RES-0402-10R,LOT-840968,1405/02/12 07:00:00,4000,293,3707,EMP-004
FLOG-002331,LINE-A,ORD-1405-0214,40,CAP-0201-100nF,LOT-941357,1405/02/12 07:00:00,2500,301,2199,EMP-004
FLOG-002332,LINE-A,ORD-1405-0214,13,CAP-0603-22pF,LOT-884301,1405/02/12 07:00:00,5000,289,4711,EMP-004
FLOG-002333,LINE-A,ORD-1405-0214,4,CAP-0603-22pF,LOT-694563,1405/02/12 07:00:00,4000,303,3697,EMP-004
FLOG-002334,LINE-A,ORD-1405-0214,34,DIO-LED-0603-GRN,LOT-107972,1405/02/12 07:00:00,10000,276,9724,EMP-004
FLOG-002335,LINE-A,ORD-1405-0214,16,DIO-LED-0603-RED,LOT-632396,1405/02/12 07:00:00,2500,276,2224,EMP-004
FLOG-002336,LINE-B,ORD-1405-0215,42,RES-0402-1K,LOT-910315,1405/02/10 10:24:00,5000,102,4898,EMP-010
FLOG-002337,LINE-B,ORD-1405-0215,32,CAP-0201-100nF,LOT-656967,1405/02/10 10:24:00,10000,114,9886,EMP-010
FLOG-002338,LINE-B,ORD-1405-0215,36,IC-SOIC-MCU-ATMEGA328,LOT-680101,1405/02/10 10:24:00,4000,113,3887,EMP-010
FLOG-002339,LINE-B,ORD-1405-0215,29,IC-SOIC-PMIC-BUCK1A,LOT-519541,1405/02/10 10:24:00,5000,114,4886,EMP-010
FLOG-002340,LINE-B,ORD-1405-0215,52,IC-SOIC-TXRX-RS485,LOT-814169,1405/02/10 10:24:00,10000,101,9899,EMP-010
FLOG-002341,LINE-B,ORD-1405-0215,26,RES-0201-10K,LOT-980578,1405/02/10 10:24:00,4000,102,3898,EMP-010
FLOG-002342,LINE-B,ORD-1405-0215,33,DIO-1N4148,LOT-599060,1405/02/10 10:24:00,2500,100,2400,EMP-010
FLOG-002343,LINE-B,ORD-1405-0215,19,CAP-0603-1uF,LOT-332421,1405/02/10 10:24:00,4000,113,3887,EMP-010
FLOG-002344,LINE-B,ORD-1405-0215,24,DIO-1N4148,LOT-933725,1405/02/10 10:24:00,10000,102,9898,EMP-010
FLOG-002345,LINE-B,ORD-1405-0215,49,CAP-0201-100nF,LOT-101300,1405/02/10 10:24:00,10000,110,9890,EMP-010
FLOG-002346,LINE-B,ORD-1405-0215,30,RES-0201-1K,LOT-624120,1405/02/10 10:24:00,5000,103,4897,EMP-010
FLOG-002347,LINE-B,ORD-1405-0215,39,CONN-HDR-4P,LOT-438449,1405/02/10 10:24:00,4000,114,3886,EMP-010
FLOG-002348,LINE-B,ORD-1405-0216,53,RES-0402-10R,LOT-656746,1405/02/12 07:00:00,4000,23,3977,EMP-007
FLOG-002349,LINE-B,ORD-1405-0216,35,RES-0402-10R,LOT-696223,1405/02/12 07:00:00,2500,23,2477,EMP-007
FLOG-002350,LINE-B,ORD-1405-0216,57,CAP-0201-10pF,LOT-933163,1405/02/12 07:00:00,10000,24,9976,EMP-007
FLOG-002351,LINE-B,ORD-1405-0216,54,RES-0402-100K,LOT-237629,1405/02/12 07:00:00,2500,24,2476,EMP-007
FLOG-002352,LINE-B,ORD-1405-0216,37,RES-0402-1K,LOT-649232,1405/02/12 07:00:00,2500,23,2477,EMP-007
FLOG-002353,LINE-B,ORD-1405-0216,28,DIO-LED-0603-RED,LOT-201049,1405/02/12 07:00:00,4000,25,3975,EMP-007
FLOG-002354,LINE-B,ORD-1405-0216,19,CAP-0201-100nF,LOT-301513,1405/02/12 07:00:00,10000,23,9977,EMP-007
FLOG-002355,LINE-B,ORD-1405-0216,60,RES-0402-10K,LOT-667076,1405/02/12 07:00:00,10000,22,9978,EMP-007
FLOG-002356,LINE-B,ORD-1405-0216,1,DIO-1N4148,LOT-161692,1405/02/12 07:00:00,4000,24,3976,EMP-007
FLOG-002357,LINE-B,ORD-1405-0216,52,DIO-SS14,LOT-868034,1405/02/12 07:00:00,4000,24,3976,EMP-007
FLOG-002358,LINE-B,ORD-1405-0216,12,IC-SOIC-MCU-ATMEGA328,LOT-434052,1405/02/12 07:00:00,5000,23,4977,EMP-007
FLOG-002359,LINE-A,ORD-1405-0217,2,DIO-LED-0603-RED,LOT-711276,1405/02/13 07:01:00,4000,15,3985,EMP-002
FLOG-002360,LINE-A,ORD-1405-0217,51,CAP-0603-100nF,LOT-208330,1405/02/13 07:01:00,4000,15,3985,EMP-002
FLOG-002361,LINE-A,ORD-1405-0217,47,CAP-0201-100nF,LOT-191912,1405/02/13 07:01:00,5000,16,4984,EMP-002
FLOG-002362,LINE-A,ORD-1405-0217,22,RES-0201-10K,LOT-759041,1405/02/13 07:01:00,4000,16,3984,EMP-002
FLOG-002363,LINE-A,ORD-1405-0217,21,CAP-0201-100nF,LOT-300389,1405/02/13 07:01:00,10000,15,9985,EMP-002
FLOG-002364,LINE-A,ORD-1405-0217,16,RES-0402-100K,LOT-819677,1405/02/13 07:01:00,10000,15,9985,EMP-002
FLOG-002365,LINE-A,ORD-1405-0217,57,RES-0402-100R,LOT-315257,1405/02/13 07:01:00,5000,15,4985,EMP-002
FLOG-002366,LINE-A,ORD-1405-0217,52,CONN-USB-C,LOT-348786,1405/02/13 07:01:00,10000,17,9983,EMP-002
FLOG-002367,LINE-B,ORD-1405-0218,17,DIO-SS14,LOT-973534,1405/02/15 13:54:00,4000,33,3967,EMP-008
FLOG-002368,LINE-B,ORD-1405-0218,48,CAP-0603-4.7uF,LOT-978400,1405/02/15 13:54:00,5000,31,4969,EMP-008
FLOG-002369,LINE-B,ORD-1405-0218,33,CAP-0603-100nF,LOT-755266,1405/02/15 13:54:00,5000,33,4967,EMP-008
FLOG-002370,LINE-B,ORD-1405-0218,35,CAP-0603-4.7uF,LOT-815737,1405/02/15 13:54:00,4000,31,3969,EMP-008
FLOG-002371,LINE-B,ORD-1405-0218,32,DIO-1N4148,LOT-212551,1405/02/15 13:54:00,5000,30,4970,EMP-008
FLOG-002372,LINE-B,ORD-1405-0218,29,IC-SOIC-MCU-ATMEGA328,LOT-183617,1405/02/15 13:54:00,2500,33,2467,EMP-008
FLOG-002373,LINE-B,ORD-1405-0218,38,RES-0201-100K,LOT-109706,1405/02/15 13:54:00,2500,31,2469,EMP-008
FLOG-002374,LINE-B,ORD-1405-0218,21,IC-BGA-DDR3-2G,LOT-428870,1405/02/15 13:54:00,5000,30,4970,EMP-008
FLOG-002375,LINE-B,ORD-1405-0218,55,RES-0402-22R,LOT-297986,1405/02/15 13:54:00,2500,30,2470,EMP-008
FLOG-002376,LINE-B,ORD-1405-0219,6,CAP-0201-10pF,LOT-841476,1405/02/15 10:25:00,5000,70,4930,EMP-008
FLOG-002377,LINE-B,ORD-1405-0219,8,DIO-1N4148,LOT-122940,1405/02/15 10:25:00,4000,70,3930,EMP-008
FLOG-002378,LINE-B,ORD-1405-0219,23,CAP-0603-22pF,LOT-596637,1405/02/15 10:25:00,5000,68,4932,EMP-008
FLOG-002379,LINE-B,ORD-1405-0219,47,RES-0402-100R,LOT-651839,1405/02/15 10:25:00,2500,67,2433,EMP-008
FLOG-002380,LINE-B,ORD-1405-0219,57,DIO-LED-0603-RED,LOT-477639,1405/02/15 10:25:00,4000,72,3928,EMP-008
FLOG-002381,LINE-B,ORD-1405-0219,9,CAP-0603-4.7uF,LOT-595874,1405/02/15 10:25:00,2500,71,2429,EMP-008
FLOG-002382,LINE-B,ORD-1405-0219,55,CAP-0603-4.7uF,LOT-229510,1405/02/15 10:25:00,4000,68,3932,EMP-008
FLOG-002383,LINE-B,ORD-1405-0219,16,RES-0201-10K,LOT-422135,1405/02/15 10:25:00,10000,72,9928,EMP-008
FLOG-002384,LINE-B,ORD-1405-0219,26,CAP-0201-10pF,LOT-779055,1405/02/15 10:25:00,10000,66,9934,EMP-008
FLOG-002385,LINE-B,ORD-1405-0219,20,DIO-LED-0603-RED,LOT-182710,1405/02/15 10:25:00,10000,69,9931,EMP-008
FLOG-002386,LINE-B,ORD-1405-0219,30,IC-SOIC-MCU-STM32F1,LOT-337105,1405/02/15 10:25:00,2500,69,2431,EMP-008
FLOG-002387,LINE-B,ORD-1405-0219,18,RES-0402-100R,LOT-411738,1405/02/15 10:25:00,5000,65,4935,EMP-008
FLOG-002388,LINE-B,ORD-1405-0219,46,DIO-SS14,LOT-782374,1405/02/15 10:25:00,10000,71,9929,EMP-008
FLOG-002389,LINE-B,ORD-1405-0219,52,IC-BGA-DDR3-2G,LOT-651929,1405/02/15 10:25:00,2500,69,2431,EMP-008
FLOG-002390,LINE-B,ORD-1405-0219,15,RES-0402-100K,LOT-422992,1405/02/15 10:25:00,5000,72,4928,EMP-008
FLOG-002391,LINE-B,ORD-1405-0219,28,CONN-USB-C,LOT-853926,1405/02/15 10:25:00,10000,64,9936,EMP-008
FLOG-002392,LINE-B,ORD-1405-0220,44,RES-0402-1K,LOT-825077,1405/02/15 14:42:00,10000,33,9967,EMP-010
FLOG-002393,LINE-B,ORD-1405-0220,52,CAP-0603-10uF,LOT-707496,1405/02/15 14:42:00,10000,33,9967,EMP-010
FLOG-002394,LINE-B,ORD-1405-0220,27,RES-0201-1K,LOT-876475,1405/02/15 14:42:00,4000,31,3969,EMP-010
FLOG-002395,LINE-B,ORD-1405-0220,40,RES-0201-10K,LOT-130548,1405/02/15 14:42:00,4000,34,3966,EMP-010
FLOG-002396,LINE-B,ORD-1405-0220,24,RES-0402-10R,LOT-859408,1405/02/15 14:42:00,10000,30,9970,EMP-010
FLOG-002397,LINE-B,ORD-1405-0220,2,DIO-1N4148,LOT-234956,1405/02/15 14:42:00,5000,33,4967,EMP-010
FLOG-002398,LINE-B,ORD-1405-0220,3,DIO-SS14,LOT-689439,1405/02/15 14:42:00,4000,32,3968,EMP-010
FLOG-002399,LINE-B,ORD-1405-0220,6,DIO-LED-0603-RED,LOT-226842,1405/02/15 14:42:00,4000,32,3968,EMP-010
FLOG-002400,LINE-B,ORD-1405-0220,35,RES-0402-100R,LOT-524148,1405/02/15 14:42:00,5000,34,4966,EMP-010
FLOG-002401,LINE-B,ORD-1405-0220,25,IC-SOIC-EEPROM-24C02,LOT-218293,1405/02/15 14:42:00,2500,30,2470,EMP-010
FLOG-002402,LINE-B,ORD-1405-0220,50,IC-SOIC-MCU-STM32F1,LOT-575041,1405/02/15 14:42:00,4000,31,3969,EMP-010
FLOG-002403,LINE-B,ORD-1405-0220,36,DIO-1N4148,LOT-115147,1405/02/15 14:42:00,5000,32,4968,EMP-010
FLOG-002404,LINE-B,ORD-1405-0220,13,RES-0201-100K,LOT-565624,1405/02/15 14:42:00,2500,34,2466,EMP-010
FLOG-002405,LINE-B,ORD-1405-0220,42,DIO-SS14,LOT-541295,1405/02/15 14:42:00,4000,32,3968,EMP-010
FLOG-002406,LINE-B,ORD-1405-0220,33,CONN-USB-C,LOT-590031,1405/02/15 14:42:00,10000,31,9969,EMP-010
FLOG-002407,LINE-B,ORD-1405-0221,42,DIO-1N4148,LOT-693463,1405/02/16 12:48:00,4000,54,3946,EMP-010
FLOG-002408,LINE-B,ORD-1405-0221,12,IC-SOIC-MCU-ATMEGA328,LOT-129647,1405/02/16 12:48:00,10000,49,9951,EMP-010
FLOG-002409,LINE-B,ORD-1405-0221,8,DIO-LED-0603-GRN,LOT-440881,1405/02/16 12:48:00,4000,54,3946,EMP-010
FLOG-002410,LINE-B,ORD-1405-0221,4,RES-0402-4K7,LOT-545594,1405/02/16 12:48:00,5000,53,4947,EMP-010
FLOG-002411,LINE-B,ORD-1405-0221,49,RES-0402-330R,LOT-432886,1405/02/16 12:48:00,5000,51,4949,EMP-010
FLOG-002412,LINE-B,ORD-1405-0221,37,RES-0402-10R,LOT-463840,1405/02/16 12:48:00,5000,51,4949,EMP-010
FLOG-002413,LINE-B,ORD-1405-0221,55,DIO-1N4148,LOT-710261,1405/02/16 12:48:00,5000,49,4951,EMP-010
FLOG-002414,LINE-B,ORD-1405-0221,31,RES-0402-10R,LOT-952066,1405/02/16 12:48:00,10000,51,9949,EMP-010
FLOG-002415,LINE-B,ORD-1405-0221,1,IC-SOIC-EEPROM-24C02,LOT-951230,1405/02/16 12:48:00,5000,55,4945,EMP-010
FLOG-002416,LINE-B,ORD-1405-0221,39,RES-0201-100K,LOT-229220,1405/02/16 12:48:00,10000,52,9948,EMP-010
FLOG-002417,LINE-B,ORD-1405-0221,59,CAP-0603-100nF,LOT-273946,1405/02/16 12:48:00,4000,55,3945,EMP-010
FLOG-002418,LINE-B,ORD-1405-0221,11,CONN-TERM-BLOCK-3P,LOT-875292,1405/02/16 12:48:00,5000,53,4947,EMP-010
FLOG-002419,LINE-A,ORD-1405-0222,11,RES-0402-1K,LOT-478192,1405/02/15 11:07:00,2500,84,2416,EMP-001
FLOG-002420,LINE-A,ORD-1405-0222,29,CAP-0603-100pF,LOT-194324,1405/02/15 11:07:00,5000,89,4911,EMP-001
FLOG-002421,LINE-A,ORD-1405-0222,33,DIO-1N4148,LOT-723482,1405/02/15 11:07:00,4000,84,3916,EMP-001
FLOG-002422,LINE-A,ORD-1405-0222,18,CAP-0603-4.7uF,LOT-668446,1405/02/15 11:07:00,2500,92,2408,EMP-001
FLOG-002423,LINE-A,ORD-1405-0222,59,RES-0201-10K,LOT-258824,1405/02/15 11:07:00,2500,89,2411,EMP-001
FLOG-002424,LINE-A,ORD-1405-0222,55,CAP-0201-10pF,LOT-721809,1405/02/15 11:07:00,10000,82,9918,EMP-001
FLOG-002425,LINE-A,ORD-1405-0222,56,RES-0402-1K,LOT-729000,1405/02/15 11:07:00,2500,84,2416,EMP-001
FLOG-002426,LINE-A,ORD-1405-0222,14,DIO-1N4148,LOT-831403,1405/02/15 11:07:00,5000,86,4914,EMP-001
FLOG-002427,LINE-A,ORD-1405-0222,7,CAP-0603-4.7uF,LOT-785773,1405/02/15 11:07:00,2500,86,2414,EMP-001
FLOG-002428,LINE-A,ORD-1405-0222,6,IC-SOIC-TXRX-RS485,LOT-486124,1405/02/15 11:07:00,5000,82,4918,EMP-001
FLOG-002429,LINE-A,ORD-1405-0222,23,RES-0402-4K7,LOT-772301,1405/02/15 11:07:00,2500,91,2409,EMP-001
FLOG-002430,LINE-A,ORD-1405-0222,37,IC-BGA-DDR3-2G,LOT-522303,1405/02/15 11:07:00,4000,83,3917,EMP-001
FLOG-002431,LINE-A,ORD-1405-0222,10,RES-0402-1K,LOT-147029,1405/02/15 11:07:00,2500,90,2410,EMP-001
FLOG-002432,LINE-A,ORD-1405-0222,3,CONN-HDR-4P,LOT-393257,1405/02/15 11:07:00,4000,92,3908,EMP-001
FLOG-002433,LINE-B,ORD-1405-0223,57,RES-0201-47K,LOT-731771,1405/02/14 13:55:00,5000,91,4909,EMP-008
FLOG-002434,LINE-B,ORD-1405-0223,29,DIO-1N4148,LOT-381402,1405/02/14 13:55:00,4000,89,3911,EMP-008
FLOG-002435,LINE-B,ORD-1405-0223,27,RES-0201-100K,LOT-228918,1405/02/14 13:55:00,4000,91,3909,EMP-008
FLOG-002436,LINE-B,ORD-1405-0223,7,RES-0402-4K7,LOT-128937,1405/02/14 13:55:00,2500,93,2407,EMP-008
FLOG-002437,LINE-B,ORD-1405-0223,11,CAP-0603-1uF,LOT-995317,1405/02/14 13:55:00,2500,85,2415,EMP-008
FLOG-002438,LINE-B,ORD-1405-0223,50,CAP-0603-4.7uF,LOT-244394,1405/02/14 13:55:00,10000,86,9914,EMP-008
FLOG-002439,LINE-B,ORD-1405-0223,13,DIO-SS14,LOT-411474,1405/02/14 13:55:00,4000,94,3906,EMP-008
FLOG-002440,LINE-B,ORD-1405-0224,51,CAP-0603-4.7uF,LOT-367394,1405/02/17 12:22:00,4000,328,3672,EMP-007
FLOG-002441,LINE-B,ORD-1405-0224,13,RES-0201-10K,LOT-493320,1405/02/17 12:22:00,5000,325,4675,EMP-007
FLOG-002442,LINE-B,ORD-1405-0224,47,IC-SOIC-MCU-STM32F1,LOT-731263,1405/02/17 12:22:00,2500,323,2177,EMP-007
FLOG-002443,LINE-B,ORD-1405-0224,24,CAP-0603-100nF,LOT-740530,1405/02/17 12:22:00,10000,323,9677,EMP-007
FLOG-002444,LINE-B,ORD-1405-0224,12,CAP-0603-100nF,LOT-736431,1405/02/17 12:22:00,4000,368,3632,EMP-007
FLOG-002445,LINE-B,ORD-1405-0224,31,RES-0402-4K7,LOT-993754,1405/02/17 12:22:00,5000,368,4632,EMP-007
FLOG-002446,LINE-B,ORD-1405-0224,27,CAP-0603-22pF,LOT-304652,1405/02/17 12:22:00,2500,351,2149,EMP-007
FLOG-002447,LINE-B,ORD-1405-0224,32,CAP-0603-4.7uF,LOT-924038,1405/02/17 12:22:00,5000,330,4670,EMP-007
FLOG-002448,LINE-B,ORD-1405-0224,37,RES-0402-1K,LOT-235994,1405/02/17 12:22:00,10000,355,9645,EMP-007
FLOG-002449,LINE-B,ORD-1405-0224,9,IC-SOIC-EEPROM-24C02,LOT-511225,1405/02/17 12:22:00,4000,332,3668,EMP-007
FLOG-002450,LINE-B,ORD-1405-0224,56,IC-SOIC-MCU-STM32F1,LOT-413584,1405/02/17 12:22:00,4000,339,3661,EMP-007
FLOG-002451,LINE-B,ORD-1405-0224,54,RES-0402-22R,LOT-456164,1405/02/17 12:22:00,5000,365,4635,EMP-007
FLOG-002452,LINE-B,ORD-1405-0224,30,RES-0402-10K,LOT-414521,1405/02/17 12:22:00,2500,347,2153,EMP-007
FLOG-002453,LINE-B,ORD-1405-0224,52,CAP-0603-1uF,LOT-371292,1405/02/17 12:22:00,10000,321,9679,EMP-007
FLOG-002454,LINE-B,ORD-1405-0224,49,RES-0402-100K,LOT-837016,1405/02/17 12:22:00,10000,341,9659,EMP-007
FLOG-002455,LINE-B,ORD-1405-0225,3,RES-0402-330R,LOT-385881,1405/02/15 14:08:00,10000,114,9886,EMP-009
FLOG-002456,LINE-B,ORD-1405-0225,48,CAP-0603-22pF,LOT-499148,1405/02/15 14:08:00,5000,117,4883,EMP-009
FLOG-002457,LINE-B,ORD-1405-0225,20,RES-0402-10K,LOT-982733,1405/02/15 14:08:00,2500,129,2371,EMP-009
FLOG-002458,LINE-B,ORD-1405-0225,53,CAP-0603-4.7uF,LOT-773340,1405/02/15 14:08:00,4000,119,3881,EMP-009
FLOG-002459,LINE-B,ORD-1405-0225,33,CAP-0603-22pF,LOT-838985,1405/02/15 14:08:00,5000,127,4873,EMP-009
FLOG-002460,LINE-B,ORD-1405-0225,1,RES-0402-10R,LOT-546544,1405/02/15 14:08:00,5000,119,4881,EMP-009
FLOG-002461,LINE-B,ORD-1405-0225,43,RES-0201-100K,LOT-299647,1405/02/15 14:08:00,5000,128,4872,EMP-009
FLOG-002462,LINE-A,ORD-1405-0226,12,IC-SOIC-TXRX-RS485,LOT-503975,1405/02/16 07:05:00,2500,143,2357,EMP-004
FLOG-002463,LINE-A,ORD-1405-0226,35,DIO-1N4148,LOT-547122,1405/02/16 07:05:00,5000,140,4860,EMP-004
FLOG-002464,LINE-A,ORD-1405-0226,41,RES-0402-100K,LOT-476102,1405/02/16 07:05:00,10000,134,9866,EMP-004
FLOG-002465,LINE-A,ORD-1405-0226,31,RES-0402-4K7,LOT-931681,1405/02/16 07:05:00,5000,141,4859,EMP-004
FLOG-002466,LINE-A,ORD-1405-0226,40,RES-0402-100K,LOT-299249,1405/02/16 07:05:00,4000,142,3858,EMP-004
FLOG-002467,LINE-A,ORD-1405-0226,33,RES-0201-10K,LOT-394547,1405/02/16 07:05:00,4000,140,3860,EMP-004
FLOG-002468,LINE-A,ORD-1405-0226,11,IC-SOIC-TXRX-RS485,LOT-453415,1405/02/16 07:05:00,5000,150,4850,EMP-004
FLOG-002469,LINE-A,ORD-1405-0226,4,RES-0402-100K,LOT-842488,1405/02/16 07:05:00,2500,140,2360,EMP-004
FLOG-002470,LINE-A,ORD-1405-0226,20,RES-0201-1K,LOT-316451,1405/02/16 07:05:00,2500,149,2351,EMP-004
FLOG-002471,LINE-A,ORD-1405-0226,28,IC-SOIC-EEPROM-24C02,LOT-372841,1405/02/16 07:05:00,10000,139,9861,EMP-004
FLOG-002472,LINE-A,ORD-1405-0226,53,IC-SOIC-PMIC-BUCK1A,LOT-278145,1405/02/16 07:05:00,2500,139,2361,EMP-004
FLOG-002473,LINE-A,ORD-1405-0226,54,RES-0201-1K,LOT-396602,1405/02/16 07:05:00,10000,150,9850,EMP-004
FLOG-002474,LINE-A,ORD-1405-0226,51,CONN-HDR-4P,LOT-788715,1405/02/16 07:05:00,2500,152,2348,EMP-004
FLOG-002475,LINE-A,ORD-1405-0227,20,IC-SOIC-EEPROM-24C02,LOT-782296,1405/02/16 11:55:00,5000,44,4956,EMP-003
FLOG-002476,LINE-A,ORD-1405-0227,41,CAP-0603-100nF,LOT-105332,1405/02/16 11:55:00,5000,44,4956,EMP-003
FLOG-002477,LINE-A,ORD-1405-0227,50,IC-SOIC-TXRX-RS485,LOT-414053,1405/02/16 11:55:00,4000,45,3955,EMP-003
FLOG-002478,LINE-A,ORD-1405-0227,36,RES-0402-330R,LOT-520097,1405/02/16 11:55:00,10000,45,9955,EMP-003
FLOG-002479,LINE-A,ORD-1405-0227,40,RES-0402-4K7,LOT-374588,1405/02/16 11:55:00,5000,43,4957,EMP-003
FLOG-002480,LINE-A,ORD-1405-0227,2,IC-SOIC-OPAMP-DUAL,LOT-210468,1405/02/16 11:55:00,5000,47,4953,EMP-003
FLOG-002481,LINE-A,ORD-1405-0227,19,IC-SOIC-PMIC-BUCK1A,LOT-334080,1405/02/16 11:55:00,5000,46,4954,EMP-003
FLOG-002482,LINE-A,ORD-1405-0227,35,RES-0402-100K,LOT-381343,1405/02/16 11:55:00,4000,44,3956,EMP-003
FLOG-002483,LINE-A,ORD-1405-0227,38,RES-0201-100K,LOT-100477,1405/02/16 11:55:00,5000,46,4954,EMP-003
FLOG-002484,LINE-A,ORD-1405-0227,31,RES-0201-1K,LOT-219237,1405/02/16 11:55:00,10000,45,9955,EMP-003
FLOG-002485,LINE-A,ORD-1405-0227,11,RES-0402-4K7,LOT-151665,1405/02/16 11:55:00,2500,47,2453,EMP-003
FLOG-002486,LINE-A,ORD-1405-0227,46,RES-0402-4K7,LOT-129544,1405/02/16 11:55:00,4000,46,3954,EMP-003
FLOG-002487,LINE-A,ORD-1405-0227,58,IC-SOIC-MCU-STM32F1,LOT-931256,1405/02/16 11:55:00,4000,47,3953,EMP-003
FLOG-002488,LINE-A,ORD-1405-0227,32,RES-0402-4K7,LOT-768663,1405/02/16 11:55:00,5000,45,4955,EMP-003
FLOG-002489,LINE-A,ORD-1405-0227,45,IC-BGA-FPGA-XC7,LOT-731386,1405/02/16 11:55:00,4000,48,3952,EMP-003
FLOG-002490,LINE-A,ORD-1405-0227,18,RES-0402-1K,LOT-191544,1405/02/16 11:55:00,10000,46,9954,EMP-003
FLOG-002491,LINE-A,ORD-1405-0227,28,CONN-HDR-2P,LOT-316773,1405/02/16 11:55:00,2500,45,2455,EMP-003
FLOG-002492,LINE-A,ORD-1405-0228,13,IC-SOIC-MCU-STM32F1,LOT-373191,1405/02/19 07:00:00,5000,104,4896,EMP-003
FLOG-002493,LINE-A,ORD-1405-0228,46,CAP-0201-10pF,LOT-833359,1405/02/19 07:00:00,5000,106,4894,EMP-003
FLOG-002494,LINE-A,ORD-1405-0228,35,DIO-SS14,LOT-552130,1405/02/19 07:00:00,2500,111,2389,EMP-003
FLOG-002495,LINE-A,ORD-1405-0228,32,RES-0201-10K,LOT-533778,1405/02/19 07:00:00,4000,106,3894,EMP-003
FLOG-002496,LINE-A,ORD-1405-0228,58,RES-0201-10K,LOT-742598,1405/02/19 07:00:00,10000,106,9894,EMP-003
FLOG-002497,LINE-A,ORD-1405-0228,39,RES-0201-100K,LOT-165444,1405/02/19 07:00:00,2500,113,2387,EMP-003
FLOG-002498,LINE-A,ORD-1405-0228,43,CONN-HDR-4P,LOT-769345,1405/02/19 07:00:00,2500,101,2399,EMP-003
FLOG-002499,LINE-A,ORD-1405-0229,59,RES-0201-10K,LOT-474001,1405/02/17 10:00:00,10000,57,9943,EMP-005
FLOG-002500,LINE-A,ORD-1405-0229,45,RES-0201-10K,LOT-490711,1405/02/17 10:00:00,4000,54,3946,EMP-005
FLOG-002501,LINE-A,ORD-1405-0229,34,RES-0402-330R,LOT-518659,1405/02/17 10:00:00,5000,56,4944,EMP-005
FLOG-002502,LINE-A,ORD-1405-0229,8,IC-SOIC-MCU-ATMEGA328,LOT-417698,1405/02/17 10:00:00,5000,57,4943,EMP-005
FLOG-002503,LINE-A,ORD-1405-0229,16,CAP-0201-10pF,LOT-576535,1405/02/17 10:00:00,10000,55,9945,EMP-005
FLOG-002504,LINE-A,ORD-1405-0229,5,CAP-0603-1uF,LOT-183274,1405/02/17 10:00:00,4000,59,3941,EMP-005
FLOG-002505,LINE-A,ORD-1405-0229,31,CAP-0603-10uF,LOT-751413,1405/02/17 10:00:00,2500,58,2442,EMP-005
FLOG-002506,LINE-A,ORD-1405-0229,2,CAP-0603-1uF,LOT-941145,1405/02/17 10:00:00,2500,55,2445,EMP-005
FLOG-002507,LINE-A,ORD-1405-0229,56,RES-0402-4K7,LOT-494304,1405/02/17 10:00:00,4000,55,3945,EMP-005
FLOG-002508,LINE-A,ORD-1405-0229,48,RES-0201-10K,LOT-683077,1405/02/17 10:00:00,2500,61,2439,EMP-005
FLOG-002509,LINE-A,ORD-1405-0229,35,IC-SOIC-EEPROM-24C02,LOT-281107,1405/02/17 10:00:00,2500,56,2444,EMP-005
FLOG-002510,LINE-A,ORD-1405-0229,27,IC-SOIC-EEPROM-24C02,LOT-140034,1405/02/17 10:00:00,5000,60,4940,EMP-005
FLOG-002511,LINE-A,ORD-1405-0229,29,CONN-HDR-4P,LOT-927264,1405/02/17 10:00:00,2500,60,2440,EMP-005
FLOG-002512,LINE-B,ORD-1405-0230,23,CAP-0201-100nF,LOT-700777,1405/02/19 09:26:00,10000,7,9993,EMP-010
FLOG-002513,LINE-B,ORD-1405-0230,4,RES-0402-100R,LOT-514389,1405/02/19 09:26:00,10000,7,9993,EMP-010
FLOG-002514,LINE-B,ORD-1405-0230,30,RES-0402-330R,LOT-602203,1405/02/19 09:26:00,2500,8,2492,EMP-010
FLOG-002515,LINE-B,ORD-1405-0230,41,IC-SOIC-MCU-STM32F1,LOT-622376,1405/02/19 09:26:00,10000,7,9993,EMP-010
FLOG-002516,LINE-B,ORD-1405-0230,16,IC-SOIC-PMIC-BUCK1A,LOT-699831,1405/02/19 09:26:00,5000,7,4993,EMP-010
FLOG-002517,LINE-B,ORD-1405-0230,37,RES-0201-10K,LOT-953694,1405/02/19 09:26:00,5000,7,4993,EMP-010
FLOG-002518,LINE-B,ORD-1405-0230,11,RES-0201-47K,LOT-238518,1405/02/19 09:26:00,5000,7,4993,EMP-010
FLOG-002519,LINE-B,ORD-1405-0230,17,CAP-0603-1uF,LOT-908894,1405/02/19 09:26:00,5000,7,4993,EMP-010
FLOG-002520,LINE-B,ORD-1405-0230,45,CONN-USB-C,LOT-632933,1405/02/19 09:26:00,10000,7,9993,EMP-010
FLOG-002521,LINE-B,ORD-1405-0231,9,DIO-1N4148,LOT-909000,1405/02/17 12:02:00,2500,15,2485,EMP-008
FLOG-002522,LINE-B,ORD-1405-0231,13,CAP-0603-100nF,LOT-835665,1405/02/17 12:02:00,4000,14,3986,EMP-008
FLOG-002523,LINE-B,ORD-1405-0231,8,IC-SOIC-MCU-STM32F1,LOT-448454,1405/02/17 12:02:00,4000,14,3986,EMP-008
FLOG-002524,LINE-B,ORD-1405-0231,29,RES-0201-10K,LOT-903260,1405/02/17 12:02:00,2500,15,2485,EMP-008
FLOG-002525,LINE-B,ORD-1405-0231,32,DIO-LED-0603-RED,LOT-489013,1405/02/17 12:02:00,5000,15,4985,EMP-008
FLOG-002526,LINE-B,ORD-1405-0231,10,RES-0402-100K,LOT-317789,1405/02/17 12:02:00,4000,15,3985,EMP-008
FLOG-002527,LINE-B,ORD-1405-0231,4,RES-0201-47K,LOT-983366,1405/02/17 12:02:00,10000,15,9985,EMP-008
FLOG-002528,LINE-B,ORD-1405-0231,15,IC-SOIC-OPAMP-DUAL,LOT-911982,1405/02/17 12:02:00,10000,14,9986,EMP-008
FLOG-002529,LINE-B,ORD-1405-0231,50,CAP-0603-10uF,LOT-273571,1405/02/17 12:02:00,10000,14,9986,EMP-008
FLOG-002530,LINE-B,ORD-1405-0231,19,IC-SOIC-MCU-STM32F1,LOT-872294,1405/02/17 12:02:00,5000,15,4985,EMP-008
FLOG-002531,LINE-B,ORD-1405-0231,51,IC-SOIC-OPAMP-DUAL,LOT-626911,1405/02/17 12:02:00,2500,14,2486,EMP-008
FLOG-002532,LINE-B,ORD-1405-0231,26,CAP-0603-100nF,LOT-968579,1405/02/17 12:02:00,5000,14,4986,EMP-008
FLOG-002533,LINE-B,ORD-1405-0231,55,CONN-USB-C,LOT-173942,1405/02/17 12:02:00,10000,15,9985,EMP-008
FLOG-002534,LINE-A,ORD-1405-0232,12,DIO-LED-0603-RED,LOT-216836,1405/02/19 14:46:00,10000,136,9864,EMP-003
FLOG-002535,LINE-A,ORD-1405-0232,54,CAP-0603-1uF,LOT-804334,1405/02/19 14:46:00,2500,135,2365,EMP-003
FLOG-002536,LINE-A,ORD-1405-0232,5,IC-SOIC-PMIC-BUCK1A,LOT-752462,1405/02/19 14:46:00,10000,136,9864,EMP-003
FLOG-002537,LINE-A,ORD-1405-0232,35,RES-0201-1K,LOT-405087,1405/02/19 14:46:00,4000,135,3865,EMP-003
FLOG-002538,LINE-A,ORD-1405-0232,56,IC-SOIC-TXRX-RS485,LOT-794087,1405/02/19 14:46:00,4000,132,3868,EMP-003
FLOG-002539,LINE-A,ORD-1405-0232,19,RES-0201-1K,LOT-700485,1405/02/19 14:46:00,5000,127,4873,EMP-003
FLOG-002540,LINE-A,ORD-1405-0232,51,IC-SOIC-OPAMP-DUAL,LOT-528783,1405/02/19 14:46:00,5000,138,4862,EMP-003
FLOG-002541,LINE-A,ORD-1405-0232,26,IC-SOIC-OPAMP-DUAL,LOT-921554,1405/02/19 14:46:00,4000,123,3877,EMP-003
FLOG-002542,LINE-A,ORD-1405-0232,42,RES-0402-100R,LOT-719130,1405/02/19 14:46:00,4000,134,3866,EMP-003
FLOG-002543,LINE-A,ORD-1405-0232,43,CONN-HDR-4P,LOT-647677,1405/02/19 14:46:00,10000,122,9878,EMP-003
FLOG-002544,LINE-B,ORD-1405-0233,10,CAP-0201-10pF,LOT-658103,1405/02/22 14:44:00,2500,149,2351,EMP-008
FLOG-002545,LINE-B,ORD-1405-0233,50,IC-SOIC-MCU-STM32F1,LOT-779106,1405/02/22 14:44:00,2500,149,2351,EMP-008
FLOG-002546,LINE-B,ORD-1405-0233,54,DIO-LED-0603-GRN,LOT-511892,1405/02/22 14:44:00,4000,152,3848,EMP-008
FLOG-002547,LINE-B,ORD-1405-0233,17,IC-SOIC-EEPROM-24C02,LOT-653521,1405/02/22 14:44:00,10000,154,9846,EMP-008
FLOG-002548,LINE-B,ORD-1405-0233,60,CAP-0603-100nF,LOT-997626,1405/02/22 14:44:00,10000,150,9850,EMP-008
FLOG-002549,LINE-B,ORD-1405-0233,37,CAP-0603-22pF,LOT-113874,1405/02/22 14:44:00,2500,163,2337,EMP-008
FLOG-002550,LINE-B,ORD-1405-0233,52,RES-0201-100K,LOT-418728,1405/02/22 14:44:00,2500,159,2341,EMP-008
FLOG-002551,LINE-B,ORD-1405-0233,40,DIO-1N4148,LOT-643673,1405/02/22 14:44:00,5000,156,4844,EMP-008
FLOG-002552,LINE-B,ORD-1405-0233,30,CAP-0603-100pF,LOT-515432,1405/02/22 14:44:00,5000,163,4837,EMP-008
FLOG-002553,LINE-B,ORD-1405-0233,51,RES-0201-10K,LOT-573464,1405/02/22 14:44:00,4000,159,3841,EMP-008
FLOG-002554,LINE-B,ORD-1405-0233,32,CAP-0603-4.7uF,LOT-195086,1405/02/22 14:44:00,2500,150,2350,EMP-008
FLOG-002555,LINE-A,ORD-1405-0234,42,CAP-0603-22pF,LOT-196292,1405/02/22 13:03:00,2500,105,2395,EMP-002
FLOG-002556,LINE-A,ORD-1405-0234,8,IC-SOIC-PMIC-BUCK1A,LOT-762275,1405/02/22 13:03:00,4000,101,3899,EMP-002
FLOG-002557,LINE-A,ORD-1405-0234,57,CAP-0603-10uF,LOT-135457,1405/02/22 13:03:00,2500,100,2400,EMP-002
FLOG-002558,LINE-A,ORD-1405-0234,20,DIO-LED-0603-RED,LOT-459198,1405/02/22 13:03:00,5000,104,4896,EMP-002
FLOG-002559,LINE-A,ORD-1405-0234,50,CAP-0603-22pF,LOT-333012,1405/02/22 13:03:00,4000,104,3896,EMP-002
FLOG-002560,LINE-A,ORD-1405-0234,33,RES-0201-100K,LOT-931800,1405/02/22 13:03:00,2500,109,2391,EMP-002
FLOG-002561,LINE-A,ORD-1405-0234,47,CAP-0603-100nF,LOT-327499,1405/02/22 13:03:00,5000,110,4890,EMP-002
FLOG-002562,LINE-A,ORD-1405-0234,28,CAP-0201-100nF,LOT-789184,1405/02/22 13:03:00,2500,105,2395,EMP-002
FLOG-002563,LINE-B,ORD-1405-0235,59,RES-0402-100R,LOT-878987,1405/02/22 07:35:00,10000,33,9967,EMP-009
FLOG-002564,LINE-B,ORD-1405-0235,42,RES-0402-10K,LOT-816440,1405/02/22 07:35:00,4000,32,3968,EMP-009
FLOG-002565,LINE-B,ORD-1405-0235,10,RES-0402-330R,LOT-900371,1405/02/22 07:35:00,5000,32,4968,EMP-009
FLOG-002566,LINE-B,ORD-1405-0235,17,IC-SOIC-EEPROM-24C02,LOT-888791,1405/02/22 07:35:00,4000,34,3966,EMP-009
FLOG-002567,LINE-B,ORD-1405-0235,38,CAP-0201-100nF,LOT-963011,1405/02/22 07:35:00,2500,33,2467,EMP-009
FLOG-002568,LINE-B,ORD-1405-0235,24,RES-0402-10R,LOT-702703,1405/02/22 07:35:00,2500,31,2469,EMP-009
FLOG-002569,LINE-B,ORD-1405-0235,2,DIO-LED-0603-GRN,LOT-259746,1405/02/22 07:35:00,2500,33,2467,EMP-009
FLOG-002570,LINE-B,ORD-1405-0235,14,RES-0402-330R,LOT-329743,1405/02/22 07:35:00,10000,34,9966,EMP-009
FLOG-002571,LINE-B,ORD-1405-0235,32,RES-0402-100R,LOT-868810,1405/02/22 07:35:00,10000,31,9969,EMP-009
FLOG-002572,LINE-B,ORD-1405-0235,25,RES-0402-100K,LOT-302449,1405/02/22 07:35:00,4000,32,3968,EMP-009
FLOG-002573,LINE-B,ORD-1405-0235,22,RES-0402-330R,LOT-175582,1405/02/22 07:35:00,5000,33,4967,EMP-009
FLOG-002574,LINE-B,ORD-1405-0235,28,CAP-0603-100pF,LOT-143482,1405/02/22 07:35:00,4000,32,3968,EMP-009
FLOG-002575,LINE-B,ORD-1405-0235,5,CONN-HDR-4P,LOT-522302,1405/02/22 07:35:00,4000,32,3968,EMP-009
FLOG-002576,LINE-A,ORD-1405-0236,60,RES-0201-10K,LOT-723144,1405/02/23 14:18:00,5000,12,4988,EMP-001
FLOG-002577,LINE-A,ORD-1405-0236,55,DIO-LED-0603-RED,LOT-344247,1405/02/23 14:18:00,10000,12,9988,EMP-001
FLOG-002578,LINE-A,ORD-1405-0236,35,RES-0201-10K,LOT-764260,1405/02/23 14:18:00,10000,11,9989,EMP-001
FLOG-002579,LINE-A,ORD-1405-0236,24,IC-SOIC-TXRX-RS485,LOT-773729,1405/02/23 14:18:00,5000,11,4989,EMP-001
FLOG-002580,LINE-A,ORD-1405-0236,19,RES-0402-100K,LOT-147351,1405/02/23 14:18:00,10000,11,9989,EMP-001
FLOG-002581,LINE-A,ORD-1405-0236,53,IC-SOIC-MCU-ATMEGA328,LOT-582381,1405/02/23 14:18:00,10000,12,9988,EMP-001
FLOG-002582,LINE-A,ORD-1405-0236,56,DIO-SS14,LOT-203202,1405/02/23 14:18:00,10000,12,9988,EMP-001
FLOG-002583,LINE-A,ORD-1405-0236,42,RES-0402-100K,LOT-892852,1405/02/23 14:18:00,2500,11,2489,EMP-001
FLOG-002584,LINE-A,ORD-1405-0236,25,RES-0402-22R,LOT-148526,1405/02/23 14:18:00,4000,12,3988,EMP-001
FLOG-002585,LINE-A,ORD-1405-0236,31,RES-0402-1K,LOT-454906,1405/02/23 14:18:00,4000,12,3988,EMP-001
FLOG-002586,LINE-B,ORD-1405-0237,59,CAP-0201-100nF,LOT-654616,1405/02/21 14:34:00,2500,125,2375,EMP-010
FLOG-002587,LINE-B,ORD-1405-0237,56,CAP-0603-10uF,LOT-226562,1405/02/21 14:34:00,4000,118,3882,EMP-010
FLOG-002588,LINE-B,ORD-1405-0237,2,IC-SOIC-MCU-ATMEGA328,LOT-132665,1405/02/21 14:34:00,2500,124,2376,EMP-010
FLOG-002589,LINE-B,ORD-1405-0237,31,CAP-0603-10uF,LOT-132588,1405/02/21 14:34:00,5000,116,4884,EMP-010
FLOG-002590,LINE-B,ORD-1405-0237,35,RES-0402-4K7,LOT-238143,1405/02/21 14:34:00,4000,125,3875,EMP-010
FLOG-002591,LINE-B,ORD-1405-0237,46,RES-0402-22R,LOT-305692,1405/02/21 14:34:00,5000,127,4873,EMP-010
FLOG-002592,LINE-B,ORD-1405-0237,55,CAP-0603-1uF,LOT-825604,1405/02/21 14:34:00,10000,123,9877,EMP-010
FLOG-002593,LINE-B,ORD-1405-0237,17,RES-0201-1K,LOT-493880,1405/02/21 14:34:00,5000,124,4876,EMP-010
FLOG-002594,LINE-B,ORD-1405-0237,13,DIO-SS14,LOT-302165,1405/02/21 14:34:00,5000,132,4868,EMP-010
FLOG-002595,LINE-B,ORD-1405-0237,26,RES-0201-47K,LOT-893470,1405/02/21 14:34:00,2500,124,2376,EMP-010
FLOG-002596,LINE-B,ORD-1405-0237,20,CAP-0201-100nF,LOT-872165,1405/02/21 14:34:00,2500,132,2368,EMP-010
FLOG-002597,LINE-B,ORD-1405-0237,32,CONN-TERM-BLOCK-3P,LOT-923137,1405/02/21 14:34:00,2500,130,2370,EMP-010
FLOG-002598,LINE-B,ORD-1405-0238,23,RES-0201-10K,LOT-318706,1405/02/22 07:15:00,10000,57,9943,EMP-008
FLOG-002599,LINE-B,ORD-1405-0238,4,CAP-0201-10pF,LOT-826767,1405/02/22 07:15:00,10000,50,9950,EMP-008
FLOG-002600,LINE-B,ORD-1405-0238,6,CAP-0603-10uF,LOT-261692,1405/02/22 07:15:00,4000,53,3947,EMP-008
FLOG-002601,LINE-B,ORD-1405-0238,47,RES-0402-10R,LOT-200335,1405/02/22 07:15:00,10000,57,9943,EMP-008
FLOG-002602,LINE-B,ORD-1405-0238,48,RES-0201-1K,LOT-423960,1405/02/22 07:15:00,2500,50,2450,EMP-008
FLOG-002603,LINE-B,ORD-1405-0238,26,IC-SOIC-MCU-ATMEGA328,LOT-187594,1405/02/22 07:15:00,10000,56,9944,EMP-008
FLOG-002604,LINE-B,ORD-1405-0238,45,IC-SOIC-MCU-ATMEGA328,LOT-525791,1405/02/22 07:15:00,2500,57,2443,EMP-008
FLOG-002605,LINE-B,ORD-1405-0238,32,CAP-0201-100nF,LOT-940422,1405/02/22 07:15:00,10000,50,9950,EMP-008
FLOG-002606,LINE-B,ORD-1405-0238,15,IC-SOIC-TXRX-RS485,LOT-889680,1405/02/22 07:15:00,4000,50,3950,EMP-008
FLOG-002607,LINE-B,ORD-1405-0238,16,RES-0402-100R,LOT-251258,1405/02/22 07:15:00,5000,50,4950,EMP-008
FLOG-002608,LINE-B,ORD-1405-0238,53,DIO-1N4148,LOT-603313,1405/02/22 07:15:00,10000,54,9946,EMP-008
FLOG-002609,LINE-B,ORD-1405-0238,7,DIO-SS14,LOT-297097,1405/02/22 07:15:00,2500,56,2444,EMP-008
FLOG-002610,LINE-B,ORD-1405-0238,40,CONN-HDR-4P,LOT-141103,1405/02/22 07:15:00,4000,52,3948,EMP-008
FLOG-002611,LINE-A,ORD-1405-0239,11,RES-0201-100K,LOT-241982,1405/02/21 14:39:00,4000,176,3824,EMP-003
FLOG-002612,LINE-A,ORD-1405-0239,56,IC-SOIC-MCU-ATMEGA328,LOT-988785,1405/02/21 14:39:00,4000,172,3828,EMP-003
FLOG-002613,LINE-A,ORD-1405-0239,21,CAP-0201-10pF,LOT-521980,1405/02/21 14:39:00,5000,161,4839,EMP-003
FLOG-002614,LINE-A,ORD-1405-0239,57,IC-SOIC-EEPROM-24C02,LOT-198748,1405/02/21 14:39:00,5000,166,4834,EMP-003
FLOG-002615,LINE-A,ORD-1405-0239,1,RES-0402-100K,LOT-564390,1405/02/21 14:39:00,2500,168,2332,EMP-003
FLOG-002616,LINE-A,ORD-1405-0239,6,DIO-SS14,LOT-695228,1405/02/21 14:39:00,10000,174,9826,EMP-003
FLOG-002617,LINE-A,ORD-1405-0239,26,CAP-0201-10pF,LOT-465955,1405/02/21 14:39:00,2500,165,2335,EMP-003
FLOG-002618,LINE-A,ORD-1405-0239,17,RES-0402-100K,LOT-632402,1405/02/21 14:39:00,4000,160,3840,EMP-003
FLOG-002619,LINE-A,ORD-1405-0239,38,RES-0402-22R,LOT-201165,1405/02/21 14:39:00,5000,161,4839,EMP-003
FLOG-002620,LINE-A,ORD-1405-0239,54,RES-0402-10K,LOT-535734,1405/02/21 14:39:00,2500,172,2328,EMP-003
FLOG-002621,LINE-A,ORD-1405-0239,18,CAP-0201-100nF,LOT-752448,1405/02/21 14:39:00,2500,163,2337,EMP-003
FLOG-002622,LINE-A,ORD-1405-0239,22,IC-SOIC-TXRX-RS485,LOT-954999,1405/02/21 14:39:00,4000,163,3837,EMP-003
FLOG-002623,LINE-A,ORD-1405-0239,58,RES-0201-100K,LOT-552708,1405/02/21 14:39:00,5000,173,4827,EMP-003
FLOG-002624,LINE-A,ORD-1405-0239,9,IC-SOIC-MCU-STM32F1,LOT-803157,1405/02/21 14:39:00,10000,173,9827,EMP-003
FLOG-002625,LINE-A,ORD-1405-0239,23,IC-BGA-FPGA-XC7,LOT-297160,1405/02/21 14:39:00,4000,154,3846,EMP-003
FLOG-002626,LINE-A,ORD-1405-0239,30,RES-0402-100R,LOT-776876,1405/02/21 14:39:00,10000,165,9835,EMP-003
FLOG-002627,LINE-A,ORD-1405-0239,48,CONN-USB-C,LOT-900885,1405/02/21 14:39:00,2500,154,2346,EMP-003
FLOG-002628,LINE-A,ORD-1405-0240,39,RES-0402-330R,LOT-266566,1405/02/23 07:20:00,5000,91,4909,EMP-003
FLOG-002629,LINE-A,ORD-1405-0240,3,IC-SOIC-OPAMP-DUAL,LOT-858625,1405/02/23 07:20:00,4000,98,3902,EMP-003
FLOG-002630,LINE-A,ORD-1405-0240,11,RES-0201-1K,LOT-451936,1405/02/23 07:20:00,4000,97,3903,EMP-003
FLOG-002631,LINE-A,ORD-1405-0240,16,RES-0402-22R,LOT-703120,1405/02/23 07:20:00,4000,92,3908,EMP-003
FLOG-002632,LINE-A,ORD-1405-0240,6,CAP-0201-100nF,LOT-660875,1405/02/23 07:20:00,10000,98,9902,EMP-003
FLOG-002633,LINE-A,ORD-1405-0240,25,CAP-0603-22pF,LOT-105635,1405/02/23 07:20:00,5000,95,4905,EMP-003
FLOG-002634,LINE-A,ORD-1405-0240,34,DIO-SS14,LOT-159544,1405/02/23 07:20:00,2500,96,2404,EMP-003
FLOG-002635,LINE-A,ORD-1405-0240,23,CAP-0603-100pF,LOT-754003,1405/02/23 07:20:00,4000,92,3908,EMP-003
FLOG-002636,LINE-A,ORD-1405-0240,43,RES-0402-22R,LOT-967668,1405/02/23 07:20:00,4000,90,3910,EMP-003
FLOG-002637,LINE-A,ORD-1405-0240,46,RES-0402-100K,LOT-808321,1405/02/23 07:20:00,2500,97,2403,EMP-003
FLOG-002638,LINE-A,ORD-1405-0240,1,RES-0402-330R,LOT-925397,1405/02/23 07:20:00,10000,103,9897,EMP-003
FLOG-002639,LINE-A,ORD-1405-0240,47,CAP-0603-100nF,LOT-651012,1405/02/23 07:20:00,10000,90,9910,EMP-003
FLOG-002640,LINE-A,ORD-1405-0240,55,CAP-0603-22pF,LOT-369764,1405/02/23 07:20:00,5000,94,4906,EMP-003
FLOG-002641,LINE-A,ORD-1405-0240,29,CAP-0603-100nF,LOT-209337,1405/02/23 07:20:00,2500,101,2399,EMP-003
FLOG-002642,LINE-A,ORD-1405-0240,36,RES-0201-100K,LOT-617239,1405/02/23 07:20:00,5000,96,4904,EMP-003
FLOG-002643,LINE-A,ORD-1405-0240,40,CONN-HDR-4P,LOT-295101,1405/02/23 07:20:00,2500,90,2410,EMP-003
FLOG-002644,LINE-B,ORD-1405-0241,36,RES-0402-22R,LOT-455003,1405/02/22 13:19:00,5000,35,4965,EMP-010
FLOG-002645,LINE-B,ORD-1405-0241,25,RES-0402-100K,LOT-153386,1405/02/22 13:19:00,4000,31,3969,EMP-010
FLOG-002646,LINE-B,ORD-1405-0241,18,DIO-LED-0603-GRN,LOT-241892,1405/02/22 13:19:00,4000,34,3966,EMP-010
FLOG-002647,LINE-B,ORD-1405-0241,16,DIO-SS14,LOT-244227,1405/02/22 13:19:00,2500,35,2465,EMP-010
FLOG-002648,LINE-B,ORD-1405-0241,38,RES-0201-47K,LOT-422427,1405/02/22 13:19:00,4000,31,3969,EMP-010
FLOG-002649,LINE-B,ORD-1405-0241,55,IC-SOIC-OPAMP-DUAL,LOT-957384,1405/02/22 13:19:00,10000,34,9966,EMP-010
FLOG-002650,LINE-B,ORD-1405-0241,7,CONN-TERM-BLOCK-3P,LOT-720835,1405/02/22 13:19:00,5000,33,4967,EMP-010
FLOG-002651,LINE-B,ORD-1405-0242,2,RES-0402-100R,LOT-232680,1405/02/26 11:18:00,2500,419,2081,EMP-006
FLOG-002652,LINE-B,ORD-1405-0242,23,IC-SOIC-TXRX-RS485,LOT-546879,1405/02/26 11:18:00,2500,419,2081,EMP-006
FLOG-002653,LINE-B,ORD-1405-0242,43,RES-0201-10K,LOT-431709,1405/02/26 11:18:00,4000,431,3569,EMP-006
FLOG-002654,LINE-B,ORD-1405-0242,11,DIO-LED-0603-RED,LOT-738563,1405/02/26 11:18:00,10000,411,9589,EMP-006
FLOG-002655,LINE-B,ORD-1405-0242,56,CAP-0201-10pF,LOT-851892,1405/02/26 11:18:00,10000,420,9580,EMP-006
FLOG-002656,LINE-B,ORD-1405-0242,29,RES-0402-1K,LOT-875511,1405/02/26 11:18:00,2500,455,2045,EMP-006
FLOG-002657,LINE-B,ORD-1405-0242,40,IC-SOIC-TXRX-RS485,LOT-529822,1405/02/26 11:18:00,4000,433,3567,EMP-006
FLOG-002658,LINE-B,ORD-1405-0242,16,IC-SOIC-MCU-STM32F1,LOT-599726,1405/02/26 11:18:00,4000,417,3583,EMP-006
FLOG-002659,LINE-B,ORD-1405-0242,55,IC-SOIC-MCU-STM32F1,LOT-465202,1405/02/26 11:18:00,5000,452,4548,EMP-006
FLOG-002660,LINE-B,ORD-1405-0242,14,DIO-LED-0603-GRN,LOT-876324,1405/02/26 11:18:00,10000,438,9562,EMP-006
FLOG-002661,LINE-B,ORD-1405-0242,15,IC-SOIC-EEPROM-24C02,LOT-194899,1405/02/26 11:18:00,4000,416,3584,EMP-006
FLOG-002662,LINE-B,ORD-1405-0242,47,RES-0402-100K,LOT-144313,1405/02/26 11:18:00,10000,416,9584,EMP-006
FLOG-002663,LINE-B,ORD-1405-0242,54,IC-SOIC-EEPROM-24C02,LOT-651101,1405/02/26 11:18:00,10000,434,9566,EMP-006
FLOG-002664,LINE-B,ORD-1405-0242,20,CAP-0603-4.7uF,LOT-517106,1405/02/26 11:18:00,4000,445,3555,EMP-006
FLOG-002665,LINE-A,ORD-1405-0243,12,CAP-0603-100pF,LOT-202846,1405/02/26 07:00:00,2500,59,2441,EMP-005
FLOG-002666,LINE-A,ORD-1405-0243,32,RES-0402-10K,LOT-121987,1405/02/26 07:00:00,5000,63,4937,EMP-005
FLOG-002667,LINE-A,ORD-1405-0243,56,CAP-0603-4.7uF,LOT-141056,1405/02/26 07:00:00,2500,64,2436,EMP-005
FLOG-002668,LINE-A,ORD-1405-0243,38,DIO-LED-0603-GRN,LOT-126138,1405/02/26 07:00:00,2500,62,2438,EMP-005
FLOG-002669,LINE-A,ORD-1405-0243,37,DIO-SS14,LOT-539636,1405/02/26 07:00:00,4000,60,3940,EMP-005
FLOG-002670,LINE-A,ORD-1405-0243,14,CAP-0603-1uF,LOT-912740,1405/02/26 07:00:00,10000,59,9941,EMP-005
FLOG-002671,LINE-A,ORD-1405-0243,4,RES-0201-47K,LOT-765653,1405/02/26 07:00:00,4000,63,3937,EMP-005
FLOG-002672,LINE-A,ORD-1405-0243,57,RES-0402-10R,LOT-434938,1405/02/26 07:00:00,2500,59,2441,EMP-005
FLOG-002673,LINE-A,ORD-1405-0243,39,CONN-USB-C,LOT-898027,1405/02/26 07:00:00,2500,63,2437,EMP-005
FLOG-002674,LINE-B,ORD-1405-0244,21,RES-0201-10K,LOT-740960,1405/02/26 13:51:00,4000,44,3956,EMP-010
FLOG-002675,LINE-B,ORD-1405-0244,53,RES-0402-100K,LOT-322006,1405/02/26 13:51:00,10000,46,9954,EMP-010
FLOG-002676,LINE-B,ORD-1405-0244,49,IC-SOIC-PMIC-BUCK1A,LOT-188158,1405/02/26 13:51:00,2500,47,2453,EMP-010
FLOG-002677,LINE-B,ORD-1405-0244,29,IC-SOIC-MCU-ATMEGA328,LOT-658918,1405/02/26 13:51:00,5000,43,4957,EMP-010
FLOG-002678,LINE-B,ORD-1405-0244,27,RES-0402-100R,LOT-631460,1405/02/26 13:51:00,2500,49,2451,EMP-010
FLOG-002679,LINE-B,ORD-1405-0244,4,DIO-LED-0603-GRN,LOT-176301,1405/02/26 13:51:00,10000,47,9953,EMP-010
FLOG-002680,LINE-B,ORD-1405-0244,17,RES-0402-10R,LOT-810018,1405/02/26 13:51:00,10000,45,9955,EMP-010
FLOG-002681,LINE-B,ORD-1405-0244,24,CAP-0201-10pF,LOT-963660,1405/02/26 13:51:00,10000,48,9952,EMP-010
FLOG-002682,LINE-B,ORD-1405-0244,14,CAP-0201-10pF,LOT-303248,1405/02/26 13:51:00,2500,44,2456,EMP-010
FLOG-002683,LINE-B,ORD-1405-0244,9,CAP-0603-4.7uF,LOT-301677,1405/02/26 13:51:00,10000,43,9957,EMP-010
FLOG-002684,LINE-B,ORD-1405-0245,4,CAP-0603-22pF,LOT-612822,1405/02/27 11:25:00,10000,65,9935,EMP-009
FLOG-002685,LINE-B,ORD-1405-0245,16,RES-0201-100K,LOT-927562,1405/02/27 11:25:00,10000,66,9934,EMP-009
FLOG-002686,LINE-B,ORD-1405-0245,60,DIO-1N4148,LOT-683174,1405/02/27 11:25:00,4000,66,3934,EMP-009
FLOG-002687,LINE-B,ORD-1405-0245,51,IC-SOIC-EEPROM-24C02,LOT-462763,1405/02/27 11:25:00,10000,66,9934,EMP-009
FLOG-002688,LINE-B,ORD-1405-0245,31,DIO-LED-0603-GRN,LOT-380984,1405/02/27 11:25:00,4000,70,3930,EMP-009
FLOG-002689,LINE-B,ORD-1405-0245,14,RES-0402-4K7,LOT-655525,1405/02/27 11:25:00,10000,67,9933,EMP-009
FLOG-002690,LINE-B,ORD-1405-0245,18,RES-0201-1K,LOT-958194,1405/02/27 11:25:00,2500,61,2439,EMP-009
FLOG-002691,LINE-B,ORD-1405-0245,58,RES-0402-4K7,LOT-195099,1405/02/27 11:25:00,10000,66,9934,EMP-009
FLOG-002692,LINE-B,ORD-1405-0245,42,CAP-0603-100nF,LOT-314542,1405/02/27 11:25:00,4000,68,3932,EMP-009
FLOG-002693,LINE-B,ORD-1405-0245,48,RES-0201-10K,LOT-859375,1405/02/27 11:25:00,2500,65,2435,EMP-009
FLOG-002694,LINE-B,ORD-1405-0245,34,CAP-0603-10uF,LOT-348312,1405/02/27 11:25:00,4000,68,3932,EMP-009
FLOG-002695,LINE-B,ORD-1405-0245,59,IC-SOIC-EEPROM-24C02,LOT-574678,1405/02/27 11:25:00,5000,69,4931,EMP-009
FLOG-002696,LINE-B,ORD-1405-0245,9,IC-BGA-SOC-IMX6,LOT-968836,1405/02/27 11:25:00,2500,67,2433,EMP-009
FLOG-002697,LINE-B,ORD-1405-0245,24,CONN-TERM-BLOCK-3P,LOT-236269,1405/02/27 11:25:00,4000,67,3933,EMP-009
FLOG-002698,LINE-A,ORD-1405-0246,38,RES-0402-1K,LOT-517704,1405/02/24 13:47:00,4000,39,3961,EMP-002
FLOG-002699,LINE-A,ORD-1405-0246,31,CAP-0603-22pF,LOT-830713,1405/02/24 13:47:00,10000,38,9962,EMP-002
FLOG-002700,LINE-A,ORD-1405-0246,35,RES-0402-10K,LOT-625932,1405/02/24 13:47:00,2500,38,2462,EMP-002
FLOG-002701,LINE-A,ORD-1405-0246,34,RES-0402-100R,LOT-164609,1405/02/24 13:47:00,10000,38,9962,EMP-002
FLOG-002702,LINE-A,ORD-1405-0246,41,CAP-0201-100nF,LOT-140734,1405/02/24 13:47:00,5000,38,4962,EMP-002
FLOG-002703,LINE-A,ORD-1405-0246,47,DIO-SS14,LOT-351651,1405/02/24 13:47:00,10000,42,9958,EMP-002
FLOG-002704,LINE-A,ORD-1405-0246,6,RES-0201-47K,LOT-916457,1405/02/24 13:47:00,2500,40,2460,EMP-002
FLOG-002705,LINE-A,ORD-1405-0246,58,RES-0402-100K,LOT-848212,1405/02/24 13:47:00,5000,41,4959,EMP-002
FLOG-002706,LINE-A,ORD-1405-0246,51,CAP-0603-1uF,LOT-666292,1405/02/24 13:47:00,4000,42,3958,EMP-002
FLOG-002707,LINE-A,ORD-1405-0246,32,RES-0402-330R,LOT-497116,1405/02/24 13:47:00,4000,39,3961,EMP-002
FLOG-002708,LINE-A,ORD-1405-0246,40,CONN-HDR-4P,LOT-269602,1405/02/24 13:47:00,4000,40,3960,EMP-002
FLOG-002709,LINE-A,ORD-1405-0247,28,CAP-0201-100nF,LOT-521573,1405/02/26 13:59:00,2500,58,2442,EMP-005
FLOG-002710,LINE-A,ORD-1405-0247,43,CAP-0603-10uF,LOT-742518,1405/02/26 13:59:00,5000,61,4939,EMP-005
FLOG-002711,LINE-A,ORD-1405-0247,8,RES-0402-100K,LOT-899247,1405/02/26 13:59:00,5000,58,4942,EMP-005
FLOG-002712,LINE-A,ORD-1405-0247,52,DIO-LED-0603-RED,LOT-793145,1405/02/26 13:59:00,2500,63,2437,EMP-005
FLOG-002713,LINE-A,ORD-1405-0247,39,DIO-LED-0603-RED,LOT-817875,1405/02/26 13:59:00,4000,58,3942,EMP-005
FLOG-002714,LINE-A,ORD-1405-0247,58,RES-0402-1K,LOT-237729,1405/02/26 13:59:00,2500,59,2441,EMP-005
FLOG-002715,LINE-A,ORD-1405-0247,22,RES-0402-1K,LOT-845484,1405/02/26 13:59:00,5000,58,4942,EMP-005
FLOG-002716,LINE-B,ORD-1405-0248,5,IC-SOIC-OPAMP-DUAL,LOT-297173,1405/02/27 10:47:00,4000,5,3995,EMP-006
FLOG-002717,LINE-B,ORD-1405-0248,42,RES-0201-10K,LOT-291358,1405/02/27 10:47:00,2500,5,2495,EMP-006
FLOG-002718,LINE-B,ORD-1405-0248,12,CAP-0603-22pF,LOT-546866,1405/02/27 10:47:00,4000,5,3995,EMP-006
FLOG-002719,LINE-B,ORD-1405-0248,35,RES-0402-330R,LOT-120346,1405/02/27 10:47:00,2500,5,2495,EMP-006
FLOG-002720,LINE-B,ORD-1405-0248,21,IC-SOIC-PMIC-BUCK1A,LOT-735308,1405/02/27 10:47:00,5000,5,4995,EMP-006
FLOG-002721,LINE-B,ORD-1405-0248,18,RES-0402-330R,LOT-176740,1405/02/27 10:47:00,2500,5,2495,EMP-006
FLOG-002722,LINE-B,ORD-1405-0248,27,CAP-0603-100nF,LOT-507915,1405/02/27 10:47:00,10000,5,9995,EMP-006
FLOG-002723,LINE-B,ORD-1405-0248,4,DIO-LED-0603-GRN,LOT-690559,1405/02/27 10:47:00,10000,5,9995,EMP-006
FLOG-002724,LINE-B,ORD-1405-0248,47,DIO-LED-0603-GRN,LOT-858444,1405/02/27 10:47:00,5000,5,4995,EMP-006
FLOG-002725,LINE-B,ORD-1405-0248,44,CAP-0201-10pF,LOT-358595,1405/02/27 10:47:00,2500,5,2495,EMP-006
FLOG-002726,LINE-B,ORD-1405-0248,26,CONN-TERM-BLOCK-3P,LOT-101630,1405/02/27 10:47:00,2500,5,2495,EMP-006
FLOG-002727,LINE-B,ORD-1405-0249,50,DIO-LED-0603-RED,LOT-701959,1405/02/30 11:39:00,4000,28,3972,EMP-009
FLOG-002728,LINE-B,ORD-1405-0249,42,CAP-0603-4.7uF,LOT-874826,1405/02/30 11:39:00,10000,26,9974,EMP-009
FLOG-002729,LINE-B,ORD-1405-0249,7,CAP-0201-100nF,LOT-106879,1405/02/30 11:39:00,10000,28,9972,EMP-009
FLOG-002730,LINE-B,ORD-1405-0249,21,RES-0402-100K,LOT-180200,1405/02/30 11:39:00,4000,25,3975,EMP-009
FLOG-002731,LINE-B,ORD-1405-0249,5,CAP-0603-100pF,LOT-791201,1405/02/30 11:39:00,5000,25,4975,EMP-009
FLOG-002732,LINE-B,ORD-1405-0249,11,CAP-0603-10uF,LOT-704779,1405/02/30 11:39:00,2500,26,2474,EMP-009
FLOG-002733,LINE-B,ORD-1405-0249,38,RES-0402-100K,LOT-565825,1405/02/30 11:39:00,5000,26,4974,EMP-009
FLOG-002734,LINE-B,ORD-1405-0249,1,CAP-0603-1uF,LOT-302897,1405/02/30 11:39:00,10000,25,9975,EMP-009
FLOG-002735,LINE-B,ORD-1405-0249,37,IC-SOIC-TXRX-RS485,LOT-772044,1405/02/30 11:39:00,2500,25,2475,EMP-009
FLOG-002736,LINE-B,ORD-1405-0249,2,RES-0402-100K,LOT-442701,1405/02/30 11:39:00,4000,27,3973,EMP-009
FLOG-002737,LINE-B,ORD-1405-0249,18,IC-SOIC-TXRX-RS485,LOT-893173,1405/02/30 11:39:00,5000,25,4975,EMP-009
FLOG-002738,LINE-B,ORD-1405-0249,46,RES-0201-10K,LOT-769275,1405/02/30 11:39:00,4000,28,3972,EMP-009
FLOG-002739,LINE-A,ORD-1405-0250,55,IC-SOIC-EEPROM-24C02,LOT-154502,1405/02/29 07:05:00,5000,54,4946,EMP-002
FLOG-002740,LINE-A,ORD-1405-0250,36,CAP-0603-100nF,LOT-447044,1405/02/29 07:05:00,2500,57,2443,EMP-002
FLOG-002741,LINE-A,ORD-1405-0250,35,RES-0201-10K,LOT-642139,1405/02/29 07:05:00,4000,56,3944,EMP-002
FLOG-002742,LINE-A,ORD-1405-0250,43,DIO-LED-0603-RED,LOT-942335,1405/02/29 07:05:00,10000,57,9943,EMP-002
FLOG-002743,LINE-A,ORD-1405-0250,38,RES-0402-330R,LOT-678885,1405/02/29 07:05:00,10000,58,9942,EMP-002
FLOG-002744,LINE-A,ORD-1405-0250,49,CAP-0603-4.7uF,LOT-223583,1405/02/29 07:05:00,4000,59,3941,EMP-002
FLOG-002745,LINE-A,ORD-1405-0250,4,RES-0402-10K,LOT-625380,1405/02/29 07:05:00,10000,53,9947,EMP-002
FLOG-002746,LINE-A,ORD-1405-0250,45,DIO-LED-0603-GRN,LOT-239936,1405/02/29 07:05:00,10000,53,9947,EMP-002
FLOG-002747,LINE-A,ORD-1405-0250,14,IC-SOIC-MCU-STM32F1,LOT-218902,1405/02/29 07:05:00,10000,55,9945,EMP-002
FLOG-002748,LINE-A,ORD-1405-0250,24,IC-SOIC-OPAMP-DUAL,LOT-256042,1405/02/29 07:05:00,4000,55,3945,EMP-002
FLOG-002749,LINE-A,ORD-1405-0250,28,CAP-0603-100pF,LOT-880623,1405/02/29 07:05:00,5000,56,4944,EMP-002
FLOG-002750,LINE-B,ORD-1405-0251,46,CAP-0603-1uF,LOT-945041,1405/02/29 13:28:00,2500,207,2293,EMP-006
FLOG-002751,LINE-B,ORD-1405-0251,37,RES-0402-100R,LOT-661037,1405/02/29 13:28:00,2500,233,2267,EMP-006
FLOG-002752,LINE-B,ORD-1405-0251,7,DIO-LED-0603-GRN,LOT-918499,1405/02/29 13:28:00,2500,228,2272,EMP-006
FLOG-002753,LINE-B,ORD-1405-0251,41,DIO-LED-0603-RED,LOT-575759,1405/02/29 13:28:00,2500,230,2270,EMP-006
FLOG-002754,LINE-B,ORD-1405-0251,2,DIO-1N4148,LOT-882697,1405/02/29 13:28:00,5000,233,4767,EMP-006
FLOG-002755,LINE-B,ORD-1405-0251,23,CAP-0603-4.7uF,LOT-957416,1405/02/29 13:28:00,4000,207,3793,EMP-006
FLOG-002756,LINE-B,ORD-1405-0251,19,RES-0402-22R,LOT-231469,1405/02/29 13:28:00,2500,222,2278,EMP-006
FLOG-002757,LINE-B,ORD-1405-0251,12,RES-0402-10K,LOT-163382,1405/02/29 13:28:00,4000,233,3767,EMP-006
FLOG-002758,LINE-B,ORD-1405-0251,43,RES-0402-10R,LOT-931082,1405/02/29 13:28:00,4000,205,3795,EMP-006
FLOG-002759,LINE-B,ORD-1405-0251,16,CAP-0603-4.7uF,LOT-237627,1405/02/29 13:28:00,10000,234,9766,EMP-006
FLOG-002760,LINE-B,ORD-1405-0251,58,CAP-0201-10pF,LOT-893861,1405/02/29 13:28:00,2500,217,2283,EMP-006
FLOG-002761,LINE-B,ORD-1405-0251,39,CONN-HDR-4P,LOT-943257,1405/02/29 13:28:00,4000,225,3775,EMP-006
FLOG-002762,LINE-B,ORD-1405-0252,55,RES-0201-10K,LOT-924442,1405/02/31 14:57:00,10000,6,9994,EMP-010
FLOG-002763,LINE-B,ORD-1405-0252,53,CAP-0603-100pF,LOT-701296,1405/02/31 14:57:00,5000,6,4994,EMP-010
FLOG-002764,LINE-B,ORD-1405-0252,51,DIO-SS14,LOT-890825,1405/02/31 14:57:00,5000,6,4994,EMP-010
FLOG-002765,LINE-B,ORD-1405-0252,48,RES-0201-47K,LOT-130122,1405/02/31 14:57:00,2500,6,2494,EMP-010
FLOG-002766,LINE-B,ORD-1405-0252,39,RES-0402-10R,LOT-382159,1405/02/31 14:57:00,2500,6,2494,EMP-010
FLOG-002767,LINE-B,ORD-1405-0252,16,RES-0201-10K,LOT-223852,1405/02/31 14:57:00,5000,6,4994,EMP-010
FLOG-002768,LINE-B,ORD-1405-0252,23,DIO-LED-0603-GRN,LOT-769441,1405/02/31 14:57:00,4000,6,3994,EMP-010
FLOG-002769,LINE-B,ORD-1405-0252,37,CAP-0201-10pF,LOT-491925,1405/02/31 14:57:00,4000,6,3994,EMP-010
FLOG-002770,LINE-B,ORD-1405-0252,34,IC-SOIC-TXRX-RS485,LOT-566299,1405/02/31 14:57:00,4000,6,3994,EMP-010
FLOG-002771,LINE-B,ORD-1405-0252,60,RES-0402-4K7,LOT-576240,1405/02/31 14:57:00,10000,6,9994,EMP-010
FLOG-002772,LINE-B,ORD-1405-0252,43,IC-BGA-PMIC-MULTI,LOT-931925,1405/02/31 14:57:00,5000,6,4994,EMP-010
FLOG-002773,LINE-B,ORD-1405-0252,8,CONN-HDR-2P,LOT-887073,1405/02/31 14:57:00,2500,6,2494,EMP-010
FLOG-002774,LINE-B,ORD-1405-0253,19,DIO-SS14,LOT-695860,1405/02/31 07:39:00,5000,19,4981,EMP-006
FLOG-002775,LINE-B,ORD-1405-0253,45,RES-0402-330R,LOT-531205,1405/02/31 07:39:00,2500,19,2481,EMP-006
FLOG-002776,LINE-B,ORD-1405-0253,25,RES-0201-10K,LOT-177363,1405/02/31 07:39:00,2500,19,2481,EMP-006
FLOG-002777,LINE-B,ORD-1405-0253,56,IC-SOIC-TXRX-RS485,LOT-370292,1405/02/31 07:39:00,4000,21,3979,EMP-006
FLOG-002778,LINE-B,ORD-1405-0253,37,DIO-LED-0603-GRN,LOT-608241,1405/02/31 07:39:00,10000,20,9980,EMP-006
FLOG-002779,LINE-B,ORD-1405-0253,48,RES-0201-1K,LOT-524386,1405/02/31 07:39:00,10000,20,9980,EMP-006
FLOG-002780,LINE-B,ORD-1405-0253,34,CAP-0603-4.7uF,LOT-640820,1405/02/31 07:39:00,4000,20,3980,EMP-006
FLOG-002781,LINE-B,ORD-1405-0253,3,IC-SOIC-TXRX-RS485,LOT-175884,1405/02/31 07:39:00,5000,21,4979,EMP-006
FLOG-002782,LINE-B,ORD-1405-0253,5,RES-0402-10K,LOT-424375,1405/02/31 07:39:00,2500,21,2479,EMP-006
FLOG-002783,LINE-B,ORD-1405-0253,20,DIO-LED-0603-GRN,LOT-778904,1405/02/31 07:39:00,5000,20,4980,EMP-006
FLOG-002784,LINE-B,ORD-1405-0253,41,CAP-0603-10uF,LOT-656821,1405/02/31 07:39:00,4000,20,3980,EMP-006
FLOG-002785,LINE-B,ORD-1405-0253,1,CAP-0603-10uF,LOT-896789,1405/02/31 07:39:00,5000,19,4981,EMP-006
FLOG-002786,LINE-B,ORD-1405-0253,50,RES-0402-4K7,LOT-496990,1405/02/31 07:39:00,2500,20,2480,EMP-006
FLOG-002787,LINE-B,ORD-1405-0253,6,CAP-0603-4.7uF,LOT-664948,1405/02/31 07:39:00,10000,19,9981,EMP-006
FLOG-002788,LINE-B,ORD-1405-0253,59,CONN-USB-C,LOT-204388,1405/02/31 07:39:00,10000,19,9981,EMP-006
FLOG-002789,LINE-A,ORD-1405-0254,51,CAP-0201-100nF,LOT-877672,1405/02/30 09:54:00,5000,85,4915,EMP-004
FLOG-002790,LINE-A,ORD-1405-0254,48,RES-0201-1K,LOT-337558,1405/02/30 09:54:00,5000,86,4914,EMP-004
FLOG-002791,LINE-A,ORD-1405-0254,21,RES-0402-4K7,LOT-179136,1405/02/30 09:54:00,4000,88,3912,EMP-004
FLOG-002792,LINE-A,ORD-1405-0254,50,RES-0402-100K,LOT-272506,1405/02/30 09:54:00,5000,81,4919,EMP-004
FLOG-002793,LINE-A,ORD-1405-0254,40,RES-0402-10R,LOT-401196,1405/02/30 09:54:00,10000,80,9920,EMP-004
FLOG-002794,LINE-A,ORD-1405-0254,55,CAP-0603-4.7uF,LOT-556152,1405/02/30 09:54:00,4000,85,3915,EMP-004
FLOG-002795,LINE-A,ORD-1405-0254,23,IC-SOIC-TXRX-RS485,LOT-851959,1405/02/30 09:54:00,2500,78,2422,EMP-004
FLOG-002796,LINE-A,ORD-1405-0254,36,DIO-1N4148,LOT-948733,1405/02/30 09:54:00,10000,78,9922,EMP-004
FLOG-002797,LINE-A,ORD-1405-0254,43,DIO-LED-0603-GRN,LOT-809738,1405/02/30 09:54:00,4000,79,3921,EMP-004
FLOG-002798,LINE-A,ORD-1405-0254,4,RES-0402-330R,LOT-645544,1405/02/30 09:54:00,4000,85,3915,EMP-004
FLOG-002799,LINE-A,ORD-1405-0254,17,RES-0201-1K,LOT-652501,1405/02/30 09:54:00,5000,82,4918,EMP-004
FLOG-002800,LINE-A,ORD-1405-0255,6,IC-SOIC-MCU-ATMEGA328,LOT-862342,1405/03/02 07:00:00,10000,192,9808,EMP-002
FLOG-002801,LINE-A,ORD-1405-0255,14,DIO-LED-0603-RED,LOT-929121,1405/03/02 07:00:00,10000,208,9792,EMP-002
FLOG-002802,LINE-A,ORD-1405-0255,50,RES-0402-330R,LOT-597135,1405/03/02 07:00:00,2500,198,2302,EMP-002
FLOG-002803,LINE-A,ORD-1405-0255,30,CAP-0603-100nF,LOT-610952,1405/03/02 07:00:00,4000,208,3792,EMP-002
FLOG-002804,LINE-A,ORD-1405-0255,32,RES-0402-22R,LOT-598849,1405/03/02 07:00:00,5000,208,4792,EMP-002
FLOG-002805,LINE-A,ORD-1405-0255,34,DIO-SS14,LOT-263286,1405/03/02 07:00:00,5000,211,4789,EMP-002
FLOG-002806,LINE-A,ORD-1405-0255,19,RES-0402-10R,LOT-320247,1405/03/02 07:00:00,10000,204,9796,EMP-002
FLOG-002807,LINE-A,ORD-1405-0255,1,CONN-TERM-BLOCK-3P,LOT-875159,1405/03/02 07:00:00,10000,200,9800,EMP-002
FLOG-002808,LINE-B,ORD-1405-0256,53,IC-SOIC-PMIC-BUCK1A,LOT-640874,1405/02/31 12:22:00,2500,12,2488,EMP-007
FLOG-002809,LINE-B,ORD-1405-0256,2,RES-0402-22R,LOT-711378,1405/02/31 12:22:00,2500,12,2488,EMP-007
FLOG-002810,LINE-B,ORD-1405-0256,45,RES-0201-100K,LOT-733853,1405/02/31 12:22:00,4000,13,3987,EMP-007
FLOG-002811,LINE-B,ORD-1405-0256,3,DIO-LED-0603-GRN,LOT-282510,1405/02/31 12:22:00,10000,13,9987,EMP-007
FLOG-002812,LINE-B,ORD-1405-0256,43,IC-SOIC-PMIC-BUCK1A,LOT-526933,1405/02/31 12:22:00,2500,13,2487,EMP-007
FLOG-002813,LINE-B,ORD-1405-0256,27,IC-SOIC-MCU-ATMEGA328,LOT-477316,1405/02/31 12:22:00,10000,13,9987,EMP-007
FLOG-002814,LINE-B,ORD-1405-0256,40,CAP-0603-1uF,LOT-644417,1405/02/31 12:22:00,2500,12,2488,EMP-007
FLOG-002815,LINE-B,ORD-1405-0256,26,IC-SOIC-PMIC-BUCK1A,LOT-761130,1405/02/31 12:22:00,5000,12,4988,EMP-007
FLOG-002816,LINE-B,ORD-1405-0256,47,RES-0402-4K7,LOT-259484,1405/02/31 12:22:00,10000,12,9988,EMP-007
FLOG-002817,LINE-B,ORD-1405-0256,52,IC-SOIC-OPAMP-DUAL,LOT-298455,1405/02/31 12:22:00,5000,13,4987,EMP-007
FLOG-002818,LINE-A,ORD-1405-0257,31,IC-SOIC-PMIC-BUCK1A,LOT-893141,1405/03/02 08:09:00,10000,296,9704,EMP-003
FLOG-002819,LINE-A,ORD-1405-0257,16,CAP-0603-22pF,LOT-284899,1405/03/02 08:09:00,5000,294,4706,EMP-003
FLOG-002820,LINE-A,ORD-1405-0257,3,RES-0402-100R,LOT-707529,1405/03/02 08:09:00,10000,291,9709,EMP-003
FLOG-002821,LINE-A,ORD-1405-0257,8,RES-0201-47K,LOT-885562,1405/03/02 08:09:00,4000,266,3734,EMP-003
FLOG-002822,LINE-A,ORD-1405-0257,50,CAP-0603-22pF,LOT-138078,1405/03/02 08:09:00,2500,272,2228,EMP-003
FLOG-002823,LINE-A,ORD-1405-0257,35,CAP-0603-100pF,LOT-322364,1405/03/02 08:09:00,10000,279,9721,EMP-003
FLOG-002824,LINE-A,ORD-1405-0257,20,CONN-TERM-BLOCK-3P,LOT-524085,1405/03/02 08:09:00,5000,264,4736,EMP-003
FLOG-002825,LINE-A,ORD-1405-0258,11,IC-SOIC-EEPROM-24C02,LOT-745941,1405/03/02 07:00:00,5000,57,4943,EMP-002
FLOG-002826,LINE-A,ORD-1405-0258,5,IC-SOIC-TXRX-RS485,LOT-366336,1405/03/02 07:00:00,4000,52,3948,EMP-002
FLOG-002827,LINE-A,ORD-1405-0258,25,DIO-1N4148,LOT-802032,1405/03/02 07:00:00,2500,57,2443,EMP-002
FLOG-002828,LINE-A,ORD-1405-0258,23,DIO-LED-0603-GRN,LOT-756577,1405/03/02 07:00:00,4000,53,3947,EMP-002
FLOG-002829,LINE-A,ORD-1405-0258,41,DIO-1N4148,LOT-769601,1405/03/02 07:00:00,4000,53,3947,EMP-002
FLOG-002830,LINE-A,ORD-1405-0258,36,RES-0402-22R,LOT-253282,1405/03/02 07:00:00,4000,51,3949,EMP-002
FLOG-002831,LINE-A,ORD-1405-0258,27,DIO-1N4148,LOT-806664,1405/03/02 07:00:00,2500,57,2443,EMP-002
FLOG-002832,LINE-A,ORD-1405-0258,18,IC-SOIC-PMIC-BUCK1A,LOT-938608,1405/03/02 07:00:00,5000,53,4947,EMP-002
FLOG-002833,LINE-A,ORD-1405-0258,1,RES-0402-100K,LOT-707374,1405/03/02 07:00:00,2500,55,2445,EMP-002
FLOG-002834,LINE-A,ORD-1405-0258,39,CONN-USB-C,LOT-976423,1405/03/02 07:00:00,2500,53,2447,EMP-002
FLOG-002835,LINE-A,ORD-1405-0259,55,DIO-1N4148,LOT-312614,1405/03/02 07:00:00,5000,26,4974,EMP-001
FLOG-002836,LINE-A,ORD-1405-0259,48,RES-0402-1K,LOT-532779,1405/03/02 07:00:00,2500,26,2474,EMP-001
FLOG-002837,LINE-A,ORD-1405-0259,3,DIO-SS14,LOT-531189,1405/03/02 07:00:00,2500,27,2473,EMP-001
FLOG-002838,LINE-A,ORD-1405-0259,33,RES-0402-4K7,LOT-434987,1405/03/02 07:00:00,4000,27,3973,EMP-001
FLOG-002839,LINE-A,ORD-1405-0259,54,CAP-0603-4.7uF,LOT-849523,1405/03/02 07:00:00,5000,27,4973,EMP-001
FLOG-002840,LINE-A,ORD-1405-0259,51,RES-0201-47K,LOT-297101,1405/03/02 07:00:00,4000,29,3971,EMP-001
FLOG-002841,LINE-A,ORD-1405-0259,59,IC-BGA-DDR3-2G,LOT-344235,1405/03/02 07:00:00,5000,29,4971,EMP-001
FLOG-002842,LINE-A,ORD-1405-0259,50,CONN-USB-C,LOT-464581,1405/03/02 07:00:00,4000,26,3974,EMP-001
FLOG-002843,LINE-B,ORD-1405-0260,29,DIO-LED-0603-RED,LOT-501196,1405/03/02 07:00:00,4000,22,3978,EMP-010
FLOG-002844,LINE-B,ORD-1405-0260,42,RES-0402-100R,LOT-431252,1405/03/02 07:00:00,10000,24,9976,EMP-010
FLOG-002845,LINE-B,ORD-1405-0260,37,CAP-0201-10pF,LOT-194556,1405/03/02 07:00:00,5000,24,4976,EMP-010
FLOG-002846,LINE-B,ORD-1405-0260,23,DIO-LED-0603-GRN,LOT-634509,1405/03/02 07:00:00,10000,25,9975,EMP-010
FLOG-002847,LINE-B,ORD-1405-0260,17,RES-0402-100R,LOT-634041,1405/03/02 07:00:00,5000,22,4978,EMP-010
FLOG-002848,LINE-B,ORD-1405-0260,52,RES-0402-330R,LOT-147028,1405/03/02 07:00:00,4000,24,3976,EMP-010
FLOG-002849,LINE-B,ORD-1405-0260,26,RES-0402-100R,LOT-218504,1405/03/02 07:00:00,2500,24,2476,EMP-010
FLOG-002850,LINE-B,ORD-1405-0260,35,IC-SOIC-MCU-ATMEGA328,LOT-613751,1405/03/02 07:00:00,5000,23,4977,EMP-010
FLOG-002851,LINE-B,ORD-1405-0260,34,RES-0402-100R,LOT-406113,1405/03/02 07:00:00,2500,22,2478,EMP-010
FLOG-002852,LINE-A,ORD-1405-0261,8,CAP-0603-22pF,LOT-300167,1405/02/31 07:01:00,4000,117,3883,EMP-002
FLOG-002853,LINE-A,ORD-1405-0261,33,CAP-0603-1uF,LOT-795362,1405/02/31 07:01:00,2500,130,2370,EMP-002
FLOG-002854,LINE-A,ORD-1405-0261,27,CAP-0603-1uF,LOT-437304,1405/02/31 07:01:00,10000,127,9873,EMP-002
FLOG-002855,LINE-A,ORD-1405-0261,26,DIO-LED-0603-GRN,LOT-475812,1405/02/31 07:01:00,2500,121,2379,EMP-002
FLOG-002856,LINE-A,ORD-1405-0261,17,CAP-0201-10pF,LOT-115773,1405/02/31 07:01:00,4000,115,3885,EMP-002
FLOG-002857,LINE-A,ORD-1405-0261,23,CAP-0201-100nF,LOT-632626,1405/02/31 07:01:00,4000,118,3882,EMP-002
FLOG-002858,LINE-A,ORD-1405-0261,22,IC-SOIC-TXRX-RS485,LOT-706421,1405/02/31 07:01:00,5000,116,4884,EMP-002
FLOG-002859,LINE-A,ORD-1405-0261,45,IC-SOIC-MCU-STM32F1,LOT-816769,1405/02/31 07:01:00,2500,129,2371,EMP-002
FLOG-002860,LINE-A,ORD-1405-0261,13,RES-0201-47K,LOT-732118,1405/02/31 07:01:00,4000,118,3882,EMP-002
FLOG-002861,LINE-A,ORD-1405-0261,42,RES-0402-100K,LOT-427331,1405/02/31 07:01:00,10000,125,9875,EMP-002
FLOG-002862,LINE-A,ORD-1405-0261,16,CONN-HDR-4P,LOT-613908,1405/02/31 07:01:00,5000,120,4880,EMP-002
FLOG-002863,LINE-A,ORD-1405-0262,52,IC-SOIC-OPAMP-DUAL,LOT-184315,1405/03/02 09:05:00,5000,32,4968,EMP-001
FLOG-002864,LINE-A,ORD-1405-0262,13,RES-0402-22R,LOT-127272,1405/03/02 09:05:00,10000,36,9964,EMP-001
FLOG-002865,LINE-A,ORD-1405-0262,8,RES-0402-100R,LOT-645874,1405/03/02 09:05:00,10000,32,9968,EMP-001
FLOG-002866,LINE-A,ORD-1405-0262,3,CAP-0603-22pF,LOT-334789,1405/03/02 09:05:00,5000,36,4964,EMP-001
FLOG-002867,LINE-A,ORD-1405-0262,57,RES-0402-4K7,LOT-736786,1405/03/02 09:05:00,5000,34,4966,EMP-001
FLOG-002868,LINE-A,ORD-1405-0262,16,RES-0201-10K,LOT-229905,1405/03/02 09:05:00,4000,35,3965,EMP-001
FLOG-002869,LINE-A,ORD-1405-0262,9,CAP-0201-100nF,LOT-640294,1405/03/02 09:05:00,5000,36,4964,EMP-001
FLOG-002870,LINE-A,ORD-1405-0262,39,CAP-0603-4.7uF,LOT-917651,1405/03/02 09:05:00,5000,35,4965,EMP-001
FLOG-002871,LINE-A,ORD-1405-0262,18,RES-0201-1K,LOT-969833,1405/03/02 09:05:00,10000,35,9965,EMP-001
FLOG-002872,LINE-A,ORD-1405-0262,32,IC-SOIC-PMIC-BUCK1A,LOT-154612,1405/03/02 09:05:00,4000,35,3965,EMP-001
FLOG-002873,LINE-A,ORD-1405-0262,54,IC-SOIC-TXRX-RS485,LOT-112469,1405/03/02 09:05:00,2500,33,2467,EMP-001
FLOG-002874,LINE-A,ORD-1405-0262,6,IC-BGA-DDR3-2G,LOT-821500,1405/03/02 09:05:00,5000,36,4964,EMP-001
FLOG-002875,LINE-A,ORD-1405-0262,56,RES-0402-100R,LOT-204901,1405/03/02 09:05:00,4000,33,3967,EMP-001
FLOG-002876,LINE-A,ORD-1405-0262,20,CONN-TERM-BLOCK-3P,LOT-786627,1405/03/02 09:05:00,10000,36,9964,EMP-001
FLOG-002877,LINE-B,ORD-1405-0263,15,DIO-LED-0603-RED,LOT-995268,1405/03/03 09:02:00,5000,22,4978,EMP-009
FLOG-002878,LINE-B,ORD-1405-0263,43,IC-SOIC-OPAMP-DUAL,LOT-782460,1405/03/03 09:02:00,4000,20,3980,EMP-009
FLOG-002879,LINE-B,ORD-1405-0263,34,IC-SOIC-OPAMP-DUAL,LOT-285032,1405/03/03 09:02:00,2500,20,2480,EMP-009
FLOG-002880,LINE-B,ORD-1405-0263,46,DIO-LED-0603-RED,LOT-470223,1405/03/03 09:02:00,4000,20,3980,EMP-009
FLOG-002881,LINE-B,ORD-1405-0263,48,RES-0402-1K,LOT-636305,1405/03/03 09:02:00,10000,21,9979,EMP-009
FLOG-002882,LINE-B,ORD-1405-0263,29,RES-0201-1K,LOT-289918,1405/03/03 09:02:00,5000,20,4980,EMP-009
FLOG-002883,LINE-B,ORD-1405-0263,33,DIO-LED-0603-GRN,LOT-790589,1405/03/03 09:02:00,4000,21,3979,EMP-009
FLOG-002884,LINE-B,ORD-1405-0263,18,RES-0402-330R,LOT-829989,1405/03/03 09:02:00,10000,22,9978,EMP-009
FLOG-002885,LINE-B,ORD-1405-0263,53,CONN-HDR-4P,LOT-530209,1405/03/03 09:02:00,4000,22,3978,EMP-009
FLOG-002886,LINE-B,ORD-1405-0264,30,CAP-0603-1uF,LOT-698485,1405/03/05 10:51:00,10000,145,9855,EMP-010
FLOG-002887,LINE-B,ORD-1405-0264,4,DIO-LED-0603-GRN,LOT-408921,1405/03/05 10:51:00,10000,140,9860,EMP-010
FLOG-002888,LINE-B,ORD-1405-0264,28,DIO-SS14,LOT-154559,1405/03/05 10:51:00,4000,156,3844,EMP-010
FLOG-002889,LINE-B,ORD-1405-0264,48,IC-SOIC-TXRX-RS485,LOT-567534,1405/03/05 10:51:00,5000,139,4861,EMP-010
FLOG-002890,LINE-B,ORD-1405-0264,44,RES-0402-10K,LOT-932653,1405/03/05 10:51:00,4000,140,3860,EMP-010
FLOG-002891,LINE-B,ORD-1405-0264,53,RES-0402-22R,LOT-435013,1405/03/05 10:51:00,5000,146,4854,EMP-010
FLOG-002892,LINE-B,ORD-1405-0264,31,CAP-0603-10uF,LOT-470366,1405/03/05 10:51:00,2500,157,2343,EMP-010
FLOG-002893,LINE-B,ORD-1405-0264,39,CONN-HDR-4P,LOT-544157,1405/03/05 10:51:00,4000,149,3851,EMP-010
FLOG-002894,LINE-B,ORD-1405-0265,44,CAP-0603-1uF,LOT-881751,1405/03/05 10:57:00,4000,12,3988,EMP-010
FLOG-002895,LINE-B,ORD-1405-0265,24,DIO-SS14,LOT-246309,1405/03/05 10:57:00,5000,11,4989,EMP-010
FLOG-002896,LINE-B,ORD-1405-0265,10,DIO-LED-0603-RED,LOT-289744,1405/03/05 10:57:00,10000,12,9988,EMP-010
FLOG-002897,LINE-B,ORD-1405-0265,23,RES-0201-10K,LOT-122821,1405/03/05 10:57:00,4000,11,3989,EMP-010
FLOG-002898,LINE-B,ORD-1405-0265,47,RES-0201-10K,LOT-538706,1405/03/05 10:57:00,2500,12,2488,EMP-010
FLOG-002899,LINE-B,ORD-1405-0265,32,RES-0402-330R,LOT-531879,1405/03/05 10:57:00,2500,12,2488,EMP-010
FLOG-002900,LINE-B,ORD-1405-0265,30,IC-SOIC-EEPROM-24C02,LOT-546735,1405/03/05 10:57:00,10000,11,9989,EMP-010
FLOG-002901,LINE-B,ORD-1405-0265,34,IC-SOIC-MCU-STM32F1,LOT-432725,1405/03/05 10:57:00,4000,11,3989,EMP-010
FLOG-002902,LINE-B,ORD-1405-0265,29,RES-0201-100K,LOT-129196,1405/03/05 10:57:00,10000,11,9989,EMP-010
FLOG-002903,LINE-B,ORD-1405-0265,20,RES-0402-1K,LOT-988194,1405/03/05 10:57:00,2500,12,2488,EMP-010
FLOG-002904,LINE-B,ORD-1405-0265,58,RES-0402-4K7,LOT-682685,1405/03/05 10:57:00,10000,12,9988,EMP-010
FLOG-002905,LINE-B,ORD-1405-0265,31,CONN-HDR-4P,LOT-775708,1405/03/05 10:57:00,4000,12,3988,EMP-010
FLOG-002906,LINE-A,ORD-1405-0266,29,RES-0402-330R,LOT-270758,1405/03/06 12:43:00,5000,181,4819,EMP-002
FLOG-002907,LINE-A,ORD-1405-0266,35,CAP-0603-22pF,LOT-195320,1405/03/06 12:43:00,5000,195,4805,EMP-002
FLOG-002908,LINE-A,ORD-1405-0266,10,IC-SOIC-TXRX-RS485,LOT-411410,1405/03/06 12:43:00,5000,190,4810,EMP-002
FLOG-002909,LINE-A,ORD-1405-0266,30,IC-SOIC-PMIC-BUCK1A,LOT-809217,1405/03/06 12:43:00,4000,190,3810,EMP-002
FLOG-002910,LINE-A,ORD-1405-0266,3,IC-SOIC-MCU-STM32F1,LOT-844499,1405/03/06 12:43:00,4000,208,3792,EMP-002
FLOG-002911,LINE-A,ORD-1405-0266,11,RES-0201-100K,LOT-640986,1405/03/06 12:43:00,5000,200,4800,EMP-002
FLOG-002912,LINE-A,ORD-1405-0266,41,CAP-0201-100nF,LOT-860864,1405/03/06 12:43:00,5000,189,4811,EMP-002
FLOG-002913,LINE-A,ORD-1405-0266,18,RES-0402-330R,LOT-971822,1405/03/06 12:43:00,5000,198,4802,EMP-002
FLOG-002914,LINE-A,ORD-1405-0266,12,CAP-0603-1uF,LOT-100964,1405/03/06 12:43:00,5000,196,4804,EMP-002
FLOG-002915,LINE-A,ORD-1405-0266,44,IC-SOIC-MCU-ATMEGA328,LOT-323124,1405/03/06 12:43:00,5000,191,4809,EMP-002
FLOG-002916,LINE-A,ORD-1405-0266,53,CAP-0603-1uF,LOT-863831,1405/03/06 12:43:00,5000,197,4803,EMP-002
FLOG-002917,LINE-A,ORD-1405-0266,34,RES-0402-330R,LOT-535604,1405/03/06 12:43:00,10000,184,9816,EMP-002
FLOG-002918,LINE-A,ORD-1405-0266,23,DIO-1N4148,LOT-710700,1405/03/06 12:43:00,4000,184,3816,EMP-002
FLOG-002919,LINE-A,ORD-1405-0266,7,RES-0402-100R,LOT-384581,1405/03/06 12:43:00,2500,194,2306,EMP-002
FLOG-002920,LINE-A,ORD-1405-0266,19,CONN-TERM-BLOCK-3P,LOT-224242,1405/03/06 12:43:00,2500,199,2301,EMP-002
FLOG-002921,LINE-B,ORD-1405-0267,54,IC-SOIC-MCU-STM32F1,LOT-120445,1405/03/09 08:25:00,10000,37,9963,EMP-008
FLOG-002922,LINE-B,ORD-1405-0267,47,RES-0402-1K,LOT-318221,1405/03/09 08:25:00,10000,34,9966,EMP-008
FLOG-002923,LINE-B,ORD-1405-0267,42,CAP-0603-100nF,LOT-984448,1405/03/09 08:25:00,10000,37,9963,EMP-008
FLOG-002924,LINE-B,ORD-1405-0267,12,CAP-0201-100nF,LOT-447600,1405/03/09 08:25:00,4000,36,3964,EMP-008
FLOG-002925,LINE-B,ORD-1405-0267,23,CAP-0603-10uF,LOT-768579,1405/03/09 08:25:00,2500,34,2466,EMP-008
FLOG-002926,LINE-B,ORD-1405-0267,48,RES-0201-1K,LOT-326847,1405/03/09 08:25:00,10000,36,9964,EMP-008
FLOG-002927,LINE-B,ORD-1405-0267,11,IC-SOIC-OPAMP-DUAL,LOT-928143,1405/03/09 08:25:00,2500,33,2467,EMP-008
FLOG-002928,LINE-B,ORD-1405-0267,27,RES-0402-22R,LOT-205545,1405/03/09 08:25:00,5000,33,4967,EMP-008
FLOG-002929,LINE-B,ORD-1405-0267,41,CONN-HDR-4P,LOT-357508,1405/03/09 08:25:00,5000,36,4964,EMP-008
FLOG-002930,LINE-A,ORD-1405-0268,25,CAP-0603-100nF,LOT-477672,1405/03/09 11:43:00,5000,46,4954,EMP-004
FLOG-002931,LINE-A,ORD-1405-0268,37,CAP-0603-100pF,LOT-162589,1405/03/09 11:43:00,5000,42,4958,EMP-004
FLOG-002932,LINE-A,ORD-1405-0268,24,DIO-SS14,LOT-694058,1405/03/09 11:43:00,5000,46,4954,EMP-004
FLOG-002933,LINE-A,ORD-1405-0268,3,RES-0402-330R,LOT-939391,1405/03/09 11:43:00,10000,42,9958,EMP-004
FLOG-002934,LINE-A,ORD-1405-0268,13,RES-0402-4K7,LOT-168472,1405/03/09 11:43:00,5000,42,4958,EMP-004
FLOG-002935,LINE-A,ORD-1405-0268,23,RES-0201-100K,LOT-846310,1405/03/09 11:43:00,2500,44,2456,EMP-004
FLOG-002936,LINE-A,ORD-1405-0268,54,RES-0402-22R,LOT-952768,1405/03/09 11:43:00,10000,44,9956,EMP-004
FLOG-002937,LINE-A,ORD-1405-0268,17,RES-0201-100K,LOT-993337,1405/03/09 11:43:00,2500,43,2457,EMP-004
FLOG-002938,LINE-A,ORD-1405-0268,31,DIO-SS14,LOT-246986,1405/03/09 11:43:00,5000,46,4954,EMP-004
FLOG-002939,LINE-A,ORD-1405-0268,50,RES-0402-100R,LOT-587784,1405/03/09 11:43:00,10000,41,9959,EMP-004
FLOG-002940,LINE-A,ORD-1405-0268,1,RES-0201-1K,LOT-378474,1405/03/09 11:43:00,5000,43,4957,EMP-004
FLOG-002941,LINE-A,ORD-1405-0268,2,RES-0402-100R,LOT-900306,1405/03/09 11:43:00,4000,46,3954,EMP-004
FLOG-002942,LINE-A,ORD-1405-0268,18,CONN-USB-C,LOT-292504,1405/03/09 11:43:00,2500,46,2454,EMP-004
FLOG-002943,LINE-A,ORD-1405-0269,35,DIO-1N4148,LOT-317477,1405/03/06 12:44:00,5000,12,4988,EMP-004
FLOG-002944,LINE-A,ORD-1405-0269,1,CAP-0603-10uF,LOT-545215,1405/03/06 12:44:00,2500,12,2488,EMP-004
FLOG-002945,LINE-A,ORD-1405-0269,33,IC-SOIC-OPAMP-DUAL,LOT-393041,1405/03/06 12:44:00,4000,11,3989,EMP-004
FLOG-002946,LINE-A,ORD-1405-0269,36,DIO-LED-0603-RED,LOT-395589,1405/03/06 12:44:00,5000,11,4989,EMP-004
FLOG-002947,LINE-A,ORD-1405-0269,32,CAP-0201-100nF,LOT-915937,1405/03/06 12:44:00,4000,11,3989,EMP-004
FLOG-002948,LINE-A,ORD-1405-0269,40,RES-0201-1K,LOT-160731,1405/03/06 12:44:00,2500,11,2489,EMP-004
FLOG-002949,LINE-A,ORD-1405-0269,23,RES-0201-1K,LOT-652211,1405/03/06 12:44:00,5000,11,4989,EMP-004
FLOG-002950,LINE-A,ORD-1405-0269,13,IC-SOIC-OPAMP-DUAL,LOT-992483,1405/03/06 12:44:00,5000,11,4989,EMP-004
FLOG-002951,LINE-A,ORD-1405-0269,11,CAP-0201-10pF,LOT-341017,1405/03/06 12:44:00,4000,12,3988,EMP-004
FLOG-002952,LINE-A,ORD-1405-0269,8,CAP-0603-4.7uF,LOT-854572,1405/03/06 12:44:00,4000,12,3988,EMP-004
FLOG-002953,LINE-A,ORD-1405-0269,17,CAP-0603-4.7uF,LOT-423180,1405/03/06 12:44:00,4000,11,3989,EMP-004
FLOG-002954,LINE-A,ORD-1405-0269,41,RES-0201-10K,LOT-904130,1405/03/06 12:44:00,2500,11,2489,EMP-004
FLOG-002955,LINE-A,ORD-1405-0269,48,RES-0402-10K,LOT-905553,1405/03/06 12:44:00,2500,11,2489,EMP-004
FLOG-002956,LINE-A,ORD-1405-0269,28,CONN-HDR-4P,LOT-398772,1405/03/06 12:44:00,5000,11,4989,EMP-004
FLOG-002957,LINE-B,ORD-1405-0270,8,RES-0402-330R,LOT-177609,1405/03/12 10:06:00,2500,330,2170,EMP-010
FLOG-002958,LINE-B,ORD-1405-0270,58,CAP-0603-10uF,LOT-756516,1405/03/12 10:06:00,2500,343,2157,EMP-010
FLOG-002959,LINE-B,ORD-1405-0270,1,CAP-0603-22pF,LOT-513983,1405/03/12 10:06:00,5000,321,4679,EMP-010
FLOG-002960,LINE-B,ORD-1405-0270,16,DIO-SS14,LOT-829052,1405/03/12 10:06:00,5000,357,4643,EMP-010
FLOG-002961,LINE-B,ORD-1405-0270,33,DIO-1N4148,LOT-825114,1405/03/12 10:06:00,2500,334,2166,EMP-010
FLOG-002962,LINE-B,ORD-1405-0270,23,RES-0402-10R,LOT-652070,1405/03/12 10:06:00,10000,348,9652,EMP-010
FLOG-002963,LINE-B,ORD-1405-0270,20,RES-0201-100K,LOT-541933,1405/03/12 10:06:00,10000,359,9641,EMP-010
FLOG-002964,LINE-B,ORD-1405-0270,52,RES-0402-330R,LOT-487114,1405/03/12 10:06:00,4000,358,3642,EMP-010
FLOG-002965,LINE-B,ORD-1405-0270,35,CONN-HDR-2P,LOT-828949,1405/03/12 10:06:00,2500,344,2156,EMP-010
FLOG-002966,LINE-B,ORD-1405-0271,29,RES-0402-100K,LOT-937019,1405/03/12 07:45:00,5000,42,4958,EMP-009
FLOG-002967,LINE-B,ORD-1405-0271,16,RES-0201-1K,LOT-560140,1405/03/12 07:45:00,4000,39,3961,EMP-009
FLOG-002968,LINE-B,ORD-1405-0271,36,RES-0201-100K,LOT-132499,1405/03/12 07:45:00,5000,41,4959,EMP-009
FLOG-002969,LINE-B,ORD-1405-0271,31,CAP-0603-4.7uF,LOT-198976,1405/03/12 07:45:00,4000,42,3958,EMP-009
FLOG-002970,LINE-B,ORD-1405-0271,4,CAP-0603-100nF,LOT-207655,1405/03/12 07:45:00,10000,39,9961,EMP-009
FLOG-002971,LINE-B,ORD-1405-0271,22,IC-SOIC-MCU-STM32F1,LOT-912165,1405/03/12 07:45:00,10000,42,9958,EMP-009
FLOG-002972,LINE-B,ORD-1405-0271,10,CAP-0603-22pF,LOT-202171,1405/03/12 07:45:00,5000,39,4961,EMP-009
FLOG-002973,LINE-A,ORD-1405-0272,59,RES-0201-100K,LOT-757472,1405/03/11 10:22:00,10000,43,9957,EMP-005
FLOG-002974,LINE-A,ORD-1405-0272,48,CAP-0603-100nF,LOT-245410,1405/03/11 10:22:00,4000,45,3955,EMP-005
FLOG-002975,LINE-A,ORD-1405-0272,41,RES-0402-10K,LOT-424255,1405/03/11 10:22:00,4000,42,3958,EMP-005
FLOG-002976,LINE-A,ORD-1405-0272,12,IC-SOIC-MCU-ATMEGA328,LOT-913516,1405/03/11 10:22:00,2500,41,2459,EMP-005
FLOG-002977,LINE-A,ORD-1405-0272,5,RES-0201-100K,LOT-556980,1405/03/11 10:22:00,5000,45,4955,EMP-005
FLOG-002978,LINE-A,ORD-1405-0272,27,IC-SOIC-MCU-STM32F1,LOT-951823,1405/03/11 10:22:00,2500,46,2454,EMP-005
FLOG-002979,LINE-A,ORD-1405-0272,44,RES-0402-100R,LOT-842440,1405/03/11 10:22:00,2500,43,2457,EMP-005
FLOG-002980,LINE-A,ORD-1405-0272,3,RES-0201-1K,LOT-905420,1405/03/11 10:22:00,10000,42,9958,EMP-005
FLOG-002981,LINE-A,ORD-1405-0272,19,DIO-LED-0603-GRN,LOT-968821,1405/03/11 10:22:00,4000,46,3954,EMP-005
FLOG-002982,LINE-A,ORD-1405-0272,32,CAP-0603-4.7uF,LOT-883325,1405/03/11 10:22:00,10000,43,9957,EMP-005
FLOG-002983,LINE-A,ORD-1405-0273,38,IC-SOIC-EEPROM-24C02,LOT-754863,1405/03/11 12:05:00,10000,160,9840,EMP-005
FLOG-002984,LINE-A,ORD-1405-0273,5,CAP-0603-22pF,LOT-451056,1405/03/11 12:05:00,5000,173,4827,EMP-005
FLOG-002985,LINE-A,ORD-1405-0273,7,CAP-0201-100nF,LOT-604634,1405/03/11 12:05:00,10000,168,9832,EMP-005
FLOG-002986,LINE-A,ORD-1405-0273,1,RES-0402-10K,LOT-892045,1405/03/11 12:05:00,2500,158,2342,EMP-005
FLOG-002987,LINE-A,ORD-1405-0273,29,RES-0402-100K,LOT-442084,1405/03/11 12:05:00,2500,158,2342,EMP-005
FLOG-002988,LINE-A,ORD-1405-0273,22,IC-SOIC-EEPROM-24C02,LOT-565060,1405/03/11 12:05:00,2500,178,2322,EMP-005
FLOG-002989,LINE-A,ORD-1405-0273,23,RES-0402-100R,LOT-250824,1405/03/11 12:05:00,5000,171,4829,EMP-005
FLOG-002990,LINE-B,ORD-1405-0274,38,IC-SOIC-MCU-STM32F1,LOT-730440,1405/03/10 08:30:00,4000,48,3952,EMP-008
FLOG-002991,LINE-B,ORD-1405-0274,36,IC-SOIC-MCU-ATMEGA328,LOT-842687,1405/03/10 08:30:00,2500,42,2458,EMP-008
FLOG-002992,LINE-B,ORD-1405-0274,58,RES-0402-100K,LOT-252402,1405/03/10 08:30:00,5000,45,4955,EMP-008
FLOG-002993,LINE-B,ORD-1405-0274,48,DIO-LED-0603-GRN,LOT-911819,1405/03/10 08:30:00,2500,44,2456,EMP-008
FLOG-002994,LINE-B,ORD-1405-0274,60,DIO-LED-0603-RED,LOT-752378,1405/03/10 08:30:00,10000,42,9958,EMP-008
FLOG-002995,LINE-B,ORD-1405-0274,54,RES-0402-4K7,LOT-150002,1405/03/10 08:30:00,5000,48,4952,EMP-008
FLOG-002996,LINE-B,ORD-1405-0274,12,DIO-LED-0603-RED,LOT-832179,1405/03/10 08:30:00,4000,47,3953,EMP-008
FLOG-002997,LINE-B,ORD-1405-0274,3,RES-0402-10R,LOT-203568,1405/03/10 08:30:00,10000,48,9952,EMP-008
FLOG-002998,LINE-B,ORD-1405-0275,9,CAP-0201-100nF,LOT-114754,1405/03/12 11:52:00,5000,32,4968,EMP-010
FLOG-002999,LINE-B,ORD-1405-0275,41,RES-0402-100K,LOT-147788,1405/03/12 11:52:00,5000,30,4970,EMP-010
FLOG-003000,LINE-B,ORD-1405-0275,45,RES-0402-10R,LOT-739919,1405/03/12 11:52:00,4000,34,3966,EMP-010
FLOG-003001,LINE-B,ORD-1405-0275,30,CAP-0603-22pF,LOT-265156,1405/03/12 11:52:00,10000,31,9969,EMP-010
FLOG-003002,LINE-B,ORD-1405-0275,29,RES-0402-100R,LOT-304619,1405/03/12 11:52:00,10000,34,9966,EMP-010
FLOG-003003,LINE-B,ORD-1405-0275,22,RES-0201-100K,LOT-719493,1405/03/12 11:52:00,4000,31,3969,EMP-010
FLOG-003004,LINE-B,ORD-1405-0275,47,RES-0201-100K,LOT-527403,1405/03/12 11:52:00,5000,30,4970,EMP-010
FLOG-003005,LINE-B,ORD-1405-0275,3,RES-0402-100K,LOT-594945,1405/03/12 11:52:00,2500,34,2466,EMP-010
FLOG-003006,LINE-B,ORD-1405-0275,54,RES-0402-330R,LOT-347399,1405/03/12 11:52:00,4000,31,3969,EMP-010
FLOG-003007,LINE-B,ORD-1405-0275,49,RES-0201-1K,LOT-543161,1405/03/12 11:52:00,5000,31,4969,EMP-010
FLOG-003008,LINE-B,ORD-1405-0275,20,CONN-HDR-4P,LOT-233739,1405/03/12 11:52:00,4000,30,3970,EMP-010
FLOG-003009,LINE-B,ORD-1405-0276,7,IC-SOIC-MCU-ATMEGA328,LOT-925665,1405/03/10 14:14:00,4000,28,3972,EMP-009
FLOG-003010,LINE-B,ORD-1405-0276,52,CAP-0603-1uF,LOT-778576,1405/03/10 14:14:00,2500,27,2473,EMP-009
FLOG-003011,LINE-B,ORD-1405-0276,31,IC-SOIC-PMIC-BUCK1A,LOT-760338,1405/03/10 14:14:00,2500,28,2472,EMP-009
FLOG-003012,LINE-B,ORD-1405-0276,29,CAP-0603-22pF,LOT-344541,1405/03/10 14:14:00,4000,29,3971,EMP-009
FLOG-003013,LINE-B,ORD-1405-0276,3,RES-0201-100K,LOT-618798,1405/03/10 14:14:00,2500,28,2472,EMP-009
FLOG-003014,LINE-B,ORD-1405-0276,41,DIO-LED-0603-GRN,LOT-904368,1405/03/10 14:14:00,5000,30,4970,EMP-009
FLOG-003015,LINE-B,ORD-1405-0276,47,RES-0402-100R,LOT-731901,1405/03/10 14:14:00,2500,30,2470,EMP-009
FLOG-003016,LINE-B,ORD-1405-0276,45,IC-SOIC-MCU-ATMEGA328,LOT-281406,1405/03/10 14:14:00,2500,28,2472,EMP-009
FLOG-003017,LINE-B,ORD-1405-0276,36,CAP-0603-4.7uF,LOT-509856,1405/03/10 14:14:00,5000,28,4972,EMP-009
FLOG-003018,LINE-B,ORD-1405-0276,6,DIO-1N4148,LOT-402402,1405/03/10 14:14:00,4000,28,3972,EMP-009
FLOG-003019,LINE-B,ORD-1405-0276,32,RES-0402-1K,LOT-115638,1405/03/10 14:14:00,5000,30,4970,EMP-009
FLOG-003020,LINE-B,ORD-1405-0276,49,IC-SOIC-OPAMP-DUAL,LOT-823484,1405/03/10 14:14:00,10000,27,9973,EMP-009
FLOG-003021,LINE-B,ORD-1405-0276,35,CONN-TERM-BLOCK-3P,LOT-128158,1405/03/10 14:14:00,10000,28,9972,EMP-009
FLOG-003022,LINE-A,ORD-1405-0277,16,RES-0402-4K7,LOT-574993,1405/03/12 09:24:00,5000,71,4929,EMP-001
FLOG-003023,LINE-A,ORD-1405-0277,43,RES-0201-100K,LOT-131565,1405/03/12 09:24:00,2500,63,2437,EMP-001
FLOG-003024,LINE-A,ORD-1405-0277,60,IC-SOIC-MCU-ATMEGA328,LOT-216916,1405/03/12 09:24:00,5000,68,4932,EMP-001
FLOG-003025,LINE-A,ORD-1405-0277,10,CAP-0603-100nF,LOT-273482,1405/03/12 09:24:00,5000,63,4937,EMP-001
FLOG-003026,LINE-A,ORD-1405-0277,53,CAP-0603-100pF,LOT-885228,1405/03/12 09:24:00,2500,68,2432,EMP-001
FLOG-003027,LINE-A,ORD-1405-0277,36,IC-SOIC-PMIC-BUCK1A,LOT-634895,1405/03/12 09:24:00,5000,66,4934,EMP-001
FLOG-003028,LINE-A,ORD-1405-0277,48,RES-0402-10K,LOT-748126,1405/03/12 09:24:00,2500,65,2435,EMP-001
FLOG-003029,LINE-A,ORD-1405-0277,49,RES-0402-4K7,LOT-417549,1405/03/12 09:24:00,10000,70,9930,EMP-001
FLOG-003030,LINE-A,ORD-1405-0277,40,IC-SOIC-PMIC-BUCK1A,LOT-540418,1405/03/12 09:24:00,2500,70,2430,EMP-001
FLOG-003031,LINE-A,ORD-1405-0277,44,DIO-1N4148,LOT-104520,1405/03/12 09:24:00,5000,64,4936,EMP-001
FLOG-003032,LINE-A,ORD-1405-0278,23,RES-0201-100K,LOT-108449,1405/03/13 12:06:00,4000,32,3968,EMP-005
FLOG-003033,LINE-A,ORD-1405-0278,28,RES-0402-330R,LOT-337558,1405/03/13 12:06:00,2500,33,2467,EMP-005
FLOG-003034,LINE-A,ORD-1405-0278,21,RES-0201-100K,LOT-285045,1405/03/13 12:06:00,10000,29,9971,EMP-005
FLOG-003035,LINE-A,ORD-1405-0278,60,IC-SOIC-TXRX-RS485,LOT-314850,1405/03/13 12:06:00,10000,33,9967,EMP-005
FLOG-003036,LINE-A,ORD-1405-0278,14,RES-0201-10K,LOT-576842,1405/03/13 12:06:00,4000,31,3969,EMP-005
FLOG-003037,LINE-A,ORD-1405-0278,20,RES-0402-10R,LOT-424877,1405/03/13 12:06:00,2500,33,2467,EMP-005
FLOG-003038,LINE-A,ORD-1405-0278,9,CAP-0603-4.7uF,LOT-869284,1405/03/13 12:06:00,4000,30,3970,EMP-005
FLOG-003039,LINE-A,ORD-1405-0278,49,CAP-0603-4.7uF,LOT-463802,1405/03/13 12:06:00,10000,33,9967,EMP-005
FLOG-003040,LINE-A,ORD-1405-0278,55,IC-SOIC-EEPROM-24C02,LOT-615239,1405/03/13 12:06:00,5000,31,4969,EMP-005
FLOG-003041,LINE-A,ORD-1405-0278,35,RES-0402-330R,LOT-135705,1405/03/13 12:06:00,2500,32,2468,EMP-005
FLOG-003042,LINE-A,ORD-1405-0278,15,DIO-1N4148,LOT-269547,1405/03/13 12:06:00,5000,30,4970,EMP-005
FLOG-003043,LINE-A,ORD-1405-0278,16,IC-SOIC-OPAMP-DUAL,LOT-879133,1405/03/13 12:06:00,10000,33,9967,EMP-005
FLOG-003044,LINE-A,ORD-1405-0278,19,RES-0402-100R,LOT-756092,1405/03/13 12:06:00,4000,31,3969,EMP-005
FLOG-003045,LINE-A,ORD-1405-0278,41,DIO-LED-0603-RED,LOT-675558,1405/03/13 12:06:00,10000,33,9967,EMP-005
FLOG-003046,LINE-A,ORD-1405-0278,12,RES-0402-330R,LOT-150993,1405/03/13 12:06:00,5000,30,4970,EMP-005
FLOG-003047,LINE-B,ORD-1405-0279,39,CAP-0603-4.7uF,LOT-874286,1405/03/14 09:38:00,2500,17,2483,EMP-010
FLOG-003048,LINE-B,ORD-1405-0279,53,IC-SOIC-TXRX-RS485,LOT-613654,1405/03/14 09:38:00,2500,18,2482,EMP-010
FLOG-003049,LINE-B,ORD-1405-0279,55,CAP-0201-100nF,LOT-814273,1405/03/14 09:38:00,4000,17,3983,EMP-010
FLOG-003050,LINE-B,ORD-1405-0279,47,DIO-1N4148,LOT-600879,1405/03/14 09:38:00,4000,18,3982,EMP-010
FLOG-003051,LINE-B,ORD-1405-0279,11,RES-0402-100R,LOT-991626,1405/03/14 09:38:00,10000,18,9982,EMP-010
FLOG-003052,LINE-B,ORD-1405-0279,29,IC-SOIC-MCU-ATMEGA328,LOT-186284,1405/03/14 09:38:00,5000,17,4983,EMP-010
FLOG-003053,LINE-B,ORD-1405-0279,35,RES-0402-10R,LOT-348755,1405/03/14 09:38:00,10000,18,9982,EMP-010
FLOG-003054,LINE-B,ORD-1405-0279,24,IC-SOIC-OPAMP-DUAL,LOT-845195,1405/03/14 09:38:00,2500,17,2483,EMP-010
FLOG-003055,LINE-B,ORD-1405-0279,25,RES-0402-10R,LOT-961340,1405/03/14 09:38:00,4000,18,3982,EMP-010
FLOG-003056,LINE-B,ORD-1405-0279,17,CAP-0201-100nF,LOT-880280,1405/03/14 09:38:00,4000,18,3982,EMP-010
FLOG-003057,LINE-B,ORD-1405-0279,14,CAP-0201-10pF,LOT-367244,1405/03/14 09:38:00,10000,17,9983,EMP-010
FLOG-003058,LINE-B,ORD-1405-0280,27,RES-0402-10R,LOT-578041,1405/03/13 13:44:00,5000,35,4965,EMP-008
FLOG-003059,LINE-B,ORD-1405-0280,18,CAP-0603-10uF,LOT-891744,1405/03/13 13:44:00,5000,36,4964,EMP-008
FLOG-003060,LINE-B,ORD-1405-0280,21,DIO-1N4148,LOT-320274,1405/03/13 13:44:00,5000,34,4966,EMP-008
FLOG-003061,LINE-B,ORD-1405-0280,39,RES-0201-1K,LOT-992067,1405/03/13 13:44:00,5000,34,4966,EMP-008
FLOG-003062,LINE-B,ORD-1405-0280,20,CAP-0603-22pF,LOT-952208,1405/03/13 13:44:00,4000,38,3962,EMP-008
FLOG-003063,LINE-B,ORD-1405-0280,60,CAP-0201-100nF,LOT-880981,1405/03/13 13:44:00,2500,38,2462,EMP-008
FLOG-003064,LINE-B,ORD-1405-0280,44,DIO-1N4148,LOT-387321,1405/03/13 13:44:00,4000,38,3962,EMP-008
FLOG-003065,LINE-B,ORD-1405-0280,54,CAP-0603-22pF,LOT-855658,1405/03/13 13:44:00,10000,35,9965,EMP-008
FLOG-003066,LINE-B,ORD-1405-0280,59,RES-0402-100R,LOT-641791,1405/03/13 13:44:00,4000,36,3964,EMP-008
FLOG-003067,LINE-B,ORD-1405-0280,24,CAP-0603-100nF,LOT-205354,1405/03/13 13:44:00,2500,37,2463,EMP-008
FLOG-003068,LINE-B,ORD-1405-0280,43,RES-0402-4K7,LOT-571397,1405/03/13 13:44:00,10000,38,9962,EMP-008
FLOG-003069,LINE-B,ORD-1405-0280,55,CONN-USB-C,LOT-229940,1405/03/13 13:44:00,2500,37,2463,EMP-008
FLOG-003070,LINE-B,ORD-1405-0281,1,IC-SOIC-MCU-STM32F1,LOT-944719,1405/03/11 09:17:00,4000,93,3907,EMP-006
FLOG-003071,LINE-B,ORD-1405-0281,29,RES-0402-10K,LOT-922342,1405/03/11 09:17:00,2500,95,2405,EMP-006
FLOG-003072,LINE-B,ORD-1405-0281,7,RES-0201-100K,LOT-616686,1405/03/11 09:17:00,5000,88,4912,EMP-006
FLOG-003073,LINE-B,ORD-1405-0281,34,DIO-LED-0603-RED,LOT-665794,1405/03/11 09:17:00,5000,87,4913,EMP-006
FLOG-003074,LINE-B,ORD-1405-0281,54,IC-SOIC-PMIC-BUCK1A,LOT-229806,1405/03/11 09:17:00,10000,91,9909,EMP-006
FLOG-003075,LINE-B,ORD-1405-0281,35,RES-0201-100K,LOT-599511,1405/03/11 09:17:00,10000,88,9912,EMP-006
FLOG-003076,LINE-B,ORD-1405-0281,42,RES-0201-47K,LOT-706538,1405/03/11 09:17:00,2500,94,2406,EMP-006
FLOG-003077,LINE-B,ORD-1405-0281,33,RES-0402-10K,LOT-911910,1405/03/11 09:17:00,5000,97,4903,EMP-006
FLOG-003078,LINE-A,ORD-1405-0282,19,RES-0402-1K,LOT-966255,1405/03/14 07:11:00,4000,38,3962,EMP-002
FLOG-003079,LINE-A,ORD-1405-0282,60,RES-0201-1K,LOT-429979,1405/03/14 07:11:00,2500,34,2466,EMP-002
FLOG-003080,LINE-A,ORD-1405-0282,2,CAP-0603-10uF,LOT-816200,1405/03/14 07:11:00,4000,36,3964,EMP-002
FLOG-003081,LINE-A,ORD-1405-0282,52,DIO-LED-0603-RED,LOT-937669,1405/03/14 07:11:00,2500,39,2461,EMP-002
FLOG-003082,LINE-A,ORD-1405-0282,54,DIO-1N4148,LOT-768029,1405/03/14 07:11:00,10000,39,9961,EMP-002
FLOG-003083,LINE-A,ORD-1405-0282,37,CAP-0603-10uF,LOT-465558,1405/03/14 07:11:00,4000,36,3964,EMP-002
FLOG-003084,LINE-A,ORD-1405-0282,23,RES-0402-22R,LOT-265760,1405/03/14 07:11:00,4000,38,3962,EMP-002
FLOG-003085,LINE-A,ORD-1405-0282,58,RES-0402-22R,LOT-869313,1405/03/14 07:11:00,2500,34,2466,EMP-002
FLOG-003086,LINE-A,ORD-1405-0282,56,RES-0201-10K,LOT-467679,1405/03/14 07:11:00,5000,36,4964,EMP-002
FLOG-003087,LINE-A,ORD-1405-0282,30,CAP-0603-1uF,LOT-266406,1405/03/14 07:11:00,4000,37,3963,EMP-002
FLOG-003088,LINE-A,ORD-1405-0282,1,IC-SOIC-TXRX-RS485,LOT-100049,1405/03/14 07:11:00,2500,37,2463,EMP-002
FLOG-003089,LINE-A,ORD-1405-0282,4,DIO-SS14,LOT-920886,1405/03/14 07:11:00,10000,37,9963,EMP-002
FLOG-003090,LINE-A,ORD-1405-0282,24,RES-0402-100K,LOT-492298,1405/03/14 07:11:00,2500,34,2466,EMP-002
FLOG-003091,LINE-A,ORD-1405-0282,41,RES-0201-100K,LOT-222023,1405/03/14 07:11:00,4000,37,3963,EMP-002
FLOG-003092,LINE-A,ORD-1405-0282,59,CONN-HDR-2P,LOT-327274,1405/03/14 07:11:00,10000,37,9963,EMP-002
FLOG-003093,LINE-B,ORD-1405-0283,57,RES-0402-10R,LOT-826222,1405/03/17 07:06:00,10000,119,9881,EMP-008
FLOG-003094,LINE-B,ORD-1405-0283,7,CAP-0603-22pF,LOT-150109,1405/03/17 07:06:00,4000,119,3881,EMP-008
FLOG-003095,LINE-B,ORD-1405-0283,31,DIO-LED-0603-RED,LOT-120253,1405/03/17 07:06:00,10000,121,9879,EMP-008
FLOG-003096,LINE-B,ORD-1405-0283,6,RES-0402-10K,LOT-587990,1405/03/17 07:06:00,2500,117,2383,EMP-008
FLOG-003097,LINE-B,ORD-1405-0283,36,RES-0402-10K,LOT-778348,1405/03/17 07:06:00,5000,113,4887,EMP-008
FLOG-003098,LINE-B,ORD-1405-0283,54,DIO-SS14,LOT-973102,1405/03/17 07:06:00,10000,115,9885,EMP-008
FLOG-003099,LINE-B,ORD-1405-0283,56,IC-BGA-FPGA-XC7,LOT-974815,1405/03/17 07:06:00,2500,113,2387,EMP-008
FLOG-003100,LINE-A,ORD-1405-0284,40,RES-0402-100K,LOT-697079,1405/03/16 07:00:00,10000,87,9913,EMP-001
FLOG-003101,LINE-A,ORD-1405-0284,60,CAP-0201-10pF,LOT-176875,1405/03/16 07:00:00,10000,85,9915,EMP-001
FLOG-003102,LINE-A,ORD-1405-0284,38,IC-SOIC-EEPROM-24C02,LOT-260803,1405/03/16 07:00:00,10000,88,9912,EMP-001
FLOG-003103,LINE-A,ORD-1405-0284,44,RES-0402-1K,LOT-700433,1405/03/16 07:00:00,5000,88,4912,EMP-001
FLOG-003104,LINE-A,ORD-1405-0284,26,IC-SOIC-PMIC-BUCK1A,LOT-476909,1405/03/16 07:00:00,5000,85,4915,EMP-001
FLOG-003105,LINE-A,ORD-1405-0284,20,RES-0201-100K,LOT-956056,1405/03/16 07:00:00,2500,89,2411,EMP-001
FLOG-003106,LINE-A,ORD-1405-0284,18,IC-SOIC-PMIC-BUCK1A,LOT-505032,1405/03/16 07:00:00,2500,82,2418,EMP-001
FLOG-003107,LINE-A,ORD-1405-0284,57,RES-0402-330R,LOT-361351,1405/03/16 07:00:00,2500,84,2416,EMP-001
FLOG-003108,LINE-A,ORD-1405-0285,22,IC-SOIC-MCU-ATMEGA328,LOT-508226,1405/03/19 14:18:00,4000,48,3952,EMP-002
FLOG-003109,LINE-A,ORD-1405-0285,2,IC-SOIC-TXRX-RS485,LOT-126109,1405/03/19 14:18:00,10000,46,9954,EMP-002
FLOG-003110,LINE-A,ORD-1405-0285,15,RES-0402-4K7,LOT-853720,1405/03/19 14:18:00,4000,49,3951,EMP-002
FLOG-003111,LINE-A,ORD-1405-0285,4,CAP-0603-100nF,LOT-167535,1405/03/19 14:18:00,5000,49,4951,EMP-002
FLOG-003112,LINE-A,ORD-1405-0285,6,RES-0402-10R,LOT-573955,1405/03/19 14:18:00,4000,48,3952,EMP-002
FLOG-003113,LINE-A,ORD-1405-0285,26,DIO-LED-0603-RED,LOT-809841,1405/03/19 14:18:00,2500,49,2451,EMP-002
FLOG-003114,LINE-A,ORD-1405-0285,51,RES-0402-10K,LOT-549151,1405/03/19 14:18:00,4000,51,3949,EMP-002
FLOG-003115,LINE-A,ORD-1405-0285,49,CAP-0603-4.7uF,LOT-914645,1405/03/19 14:18:00,2500,51,2449,EMP-002
FLOG-003116,LINE-A,ORD-1405-0285,53,RES-0402-4K7,LOT-156316,1405/03/19 14:18:00,2500,47,2453,EMP-002
FLOG-003117,LINE-A,ORD-1405-0285,32,DIO-1N4148,LOT-849507,1405/03/19 14:18:00,10000,50,9950,EMP-002
FLOG-003118,LINE-A,ORD-1405-0285,20,CAP-0603-1uF,LOT-465965,1405/03/19 14:18:00,10000,48,9952,EMP-002
FLOG-003119,LINE-A,ORD-1405-0285,23,DIO-1N4148,LOT-983062,1405/03/19 14:18:00,2500,48,2452,EMP-002
FLOG-003120,LINE-A,ORD-1405-0285,36,IC-SOIC-EEPROM-24C02,LOT-708412,1405/03/19 14:18:00,10000,51,9949,EMP-002
FLOG-003121,LINE-A,ORD-1405-0285,12,RES-0402-4K7,LOT-622618,1405/03/19 14:18:00,4000,46,3954,EMP-002
FLOG-003122,LINE-A,ORD-1405-0285,16,CONN-HDR-4P,LOT-663208,1405/03/19 14:18:00,4000,50,3950,EMP-002
FLOG-003123,LINE-A,ORD-1405-0286,7,CAP-0603-10uF,LOT-329926,1405/03/18 07:58:00,4000,52,3948,EMP-001
FLOG-003124,LINE-A,ORD-1405-0286,22,RES-0402-22R,LOT-495680,1405/03/18 07:58:00,10000,56,9944,EMP-001
FLOG-003125,LINE-A,ORD-1405-0286,21,IC-SOIC-TXRX-RS485,LOT-238383,1405/03/18 07:58:00,4000,50,3950,EMP-001
FLOG-003126,LINE-A,ORD-1405-0286,42,CAP-0201-100nF,LOT-340051,1405/03/18 07:58:00,2500,54,2446,EMP-001
FLOG-003127,LINE-A,ORD-1405-0286,6,RES-0201-47K,LOT-735352,1405/03/18 07:58:00,5000,54,4946,EMP-001
FLOG-003128,LINE-A,ORD-1405-0286,45,CAP-0603-4.7uF,LOT-186751,1405/03/18 07:58:00,5000,55,4945,EMP-001
FLOG-003129,LINE-A,ORD-1405-0287,18,RES-0402-1K,LOT-754203,1405/03/16 08:27:00,10000,53,9947,EMP-005
FLOG-003130,LINE-A,ORD-1405-0287,4,IC-SOIC-OPAMP-DUAL,LOT-155296,1405/03/16 08:27:00,5000,50,4950,EMP-005
FLOG-003131,LINE-A,ORD-1405-0287,39,RES-0402-10R,LOT-509900,1405/03/16 08:27:00,10000,54,9946,EMP-005
FLOG-003132,LINE-A,ORD-1405-0287,42,CAP-0603-4.7uF,LOT-949480,1405/03/16 08:27:00,5000,55,4945,EMP-005
FLOG-003133,LINE-A,ORD-1405-0287,17,DIO-SS14,LOT-781514,1405/03/16 08:27:00,10000,49,9951,EMP-005
FLOG-003134,LINE-A,ORD-1405-0287,15,RES-0402-100K,LOT-566206,1405/03/16 08:27:00,5000,49,4951,EMP-005
FLOG-003135,LINE-A,ORD-1405-0287,48,CAP-0603-100nF,LOT-339976,1405/03/16 08:27:00,5000,48,4952,EMP-005
FLOG-003136,LINE-A,ORD-1405-0287,14,RES-0402-10R,LOT-297668,1405/03/16 08:27:00,2500,53,2447,EMP-005
FLOG-003137,LINE-A,ORD-1405-0287,25,CONN-HDR-4P,LOT-607021,1405/03/16 08:27:00,5000,54,4946,EMP-005
FLOG-003138,LINE-A,ORD-1405-0288,34,IC-SOIC-EEPROM-24C02,LOT-748319,1405/03/17 12:35:00,2500,51,2449,EMP-001
FLOG-003139,LINE-A,ORD-1405-0288,49,IC-SOIC-PMIC-BUCK1A,LOT-561681,1405/03/17 12:35:00,2500,50,2450,EMP-001
FLOG-003140,LINE-A,ORD-1405-0288,4,IC-SOIC-TXRX-RS485,LOT-853145,1405/03/17 12:35:00,4000,53,3947,EMP-001
FLOG-003141,LINE-A,ORD-1405-0288,22,IC-SOIC-OPAMP-DUAL,LOT-840202,1405/03/17 12:35:00,10000,51,9949,EMP-001
FLOG-003142,LINE-A,ORD-1405-0288,28,CAP-0603-1uF,LOT-172835,1405/03/17 12:35:00,2500,50,2450,EMP-001
FLOG-003143,LINE-A,ORD-1405-0288,27,RES-0402-330R,LOT-213824,1405/03/17 12:35:00,2500,53,2447,EMP-001
FLOG-003144,LINE-A,ORD-1405-0288,47,RES-0402-100K,LOT-295495,1405/03/17 12:35:00,10000,55,9945,EMP-001
FLOG-003145,LINE-A,ORD-1405-0288,53,CONN-HDR-2P,LOT-249383,1405/03/17 12:35:00,5000,53,4947,EMP-001
FLOG-003146,LINE-A,ORD-1405-0289,11,RES-0402-330R,LOT-673121,1405/03/17 12:32:00,2500,73,2427,EMP-003
FLOG-003147,LINE-A,ORD-1405-0289,27,DIO-LED-0603-GRN,LOT-444491,1405/03/17 12:32:00,2500,72,2428,EMP-003
FLOG-003148,LINE-A,ORD-1405-0289,1,DIO-SS14,LOT-843249,1405/03/17 12:32:00,4000,76,3924,EMP-003
FLOG-003149,LINE-A,ORD-1405-0289,40,RES-0201-10K,LOT-510894,1405/03/17 12:32:00,10000,68,9932,EMP-003
FLOG-003150,LINE-A,ORD-1405-0289,48,CAP-0603-1uF,LOT-534277,1405/03/17 12:32:00,2500,75,2425,EMP-003
FLOG-003151,LINE-A,ORD-1405-0289,5,RES-0402-100R,LOT-145227,1405/03/17 12:32:00,4000,74,3926,EMP-003
FLOG-003152,LINE-A,ORD-1405-0290,7,RES-0402-330R,LOT-664621,1405/03/18 12:31:00,5000,25,4975,EMP-004
FLOG-003153,LINE-A,ORD-1405-0290,56,RES-0201-10K,LOT-611834,1405/03/18 12:31:00,2500,23,2477,EMP-004
FLOG-003154,LINE-A,ORD-1405-0290,22,IC-SOIC-TXRX-RS485,LOT-874810,1405/03/18 12:31:00,5000,24,4976,EMP-004
FLOG-003155,LINE-A,ORD-1405-0290,26,DIO-1N4148,LOT-831889,1405/03/18 12:31:00,4000,22,3978,EMP-004
FLOG-003156,LINE-A,ORD-1405-0290,21,IC-SOIC-OPAMP-DUAL,LOT-144152,1405/03/18 12:31:00,10000,24,9976,EMP-004
FLOG-003157,LINE-A,ORD-1405-0290,27,IC-SOIC-EEPROM-24C02,LOT-832340,1405/03/18 12:31:00,5000,23,4977,EMP-004
FLOG-003158,LINE-A,ORD-1405-0290,45,RES-0402-4K7,LOT-379928,1405/03/18 12:31:00,10000,22,9978,EMP-004
FLOG-003159,LINE-A,ORD-1405-0290,10,CONN-USB-C,LOT-903848,1405/03/18 12:31:00,5000,22,4978,EMP-004
FLOG-003160,LINE-A,ORD-1405-0291,10,CAP-0201-100nF,LOT-644110,1405/03/20 14:02:00,10000,6,9994,EMP-003
FLOG-003161,LINE-A,ORD-1405-0291,2,RES-0402-10R,LOT-980610,1405/03/20 14:02:00,10000,6,9994,EMP-003
FLOG-003162,LINE-A,ORD-1405-0291,45,RES-0201-10K,LOT-343124,1405/03/20 14:02:00,5000,6,4994,EMP-003
FLOG-003163,LINE-A,ORD-1405-0291,1,IC-SOIC-OPAMP-DUAL,LOT-149125,1405/03/20 14:02:00,10000,6,9994,EMP-003
FLOG-003164,LINE-A,ORD-1405-0291,58,CAP-0603-1uF,LOT-629664,1405/03/20 14:02:00,4000,6,3994,EMP-003
FLOG-003165,LINE-A,ORD-1405-0291,14,IC-SOIC-OPAMP-DUAL,LOT-470040,1405/03/20 14:02:00,5000,6,4994,EMP-003
FLOG-003166,LINE-A,ORD-1405-0291,26,RES-0201-47K,LOT-948767,1405/03/20 14:02:00,4000,6,3994,EMP-003
FLOG-003167,LINE-A,ORD-1405-0291,29,RES-0201-1K,LOT-173937,1405/03/20 14:02:00,2500,6,2494,EMP-003
FLOG-003168,LINE-A,ORD-1405-0291,8,CAP-0201-10pF,LOT-771765,1405/03/20 14:02:00,10000,6,9994,EMP-003
FLOG-003169,LINE-A,ORD-1405-0291,33,CAP-0603-100nF,LOT-554122,1405/03/20 14:02:00,10000,6,9994,EMP-003
FLOG-003170,LINE-A,ORD-1405-0291,49,IC-SOIC-PMIC-BUCK1A,LOT-751326,1405/03/20 14:02:00,4000,6,3994,EMP-003
FLOG-003171,LINE-A,ORD-1405-0291,19,CAP-0603-1uF,LOT-328200,1405/03/20 14:02:00,4000,6,3994,EMP-003
FLOG-003172,LINE-A,ORD-1405-0291,42,RES-0402-4K7,LOT-827237,1405/03/20 14:02:00,2500,6,2494,EMP-003
FLOG-003173,LINE-A,ORD-1405-0291,30,CAP-0201-100nF,LOT-702792,1405/03/20 14:02:00,5000,6,4994,EMP-003
FLOG-003174,LINE-A,ORD-1405-0291,37,IC-BGA-PMIC-MULTI,LOT-928207,1405/03/20 14:02:00,4000,6,3994,EMP-003
FLOG-003175,LINE-A,ORD-1405-0291,17,CONN-USB-C,LOT-349881,1405/03/20 14:02:00,2500,6,2494,EMP-003
FLOG-003176,LINE-B,ORD-1405-0292,54,RES-0402-100R,LOT-971422,1405/03/20 10:10:00,10000,28,9972,EMP-007
FLOG-003177,LINE-B,ORD-1405-0292,12,RES-0402-22R,LOT-979588,1405/03/20 10:10:00,10000,30,9970,EMP-007
FLOG-003178,LINE-B,ORD-1405-0292,2,DIO-LED-0603-RED,LOT-494618,1405/03/20 10:10:00,5000,28,4972,EMP-007
FLOG-003179,LINE-B,ORD-1405-0292,55,RES-0402-1K,LOT-407698,1405/03/20 10:10:00,4000,27,3973,EMP-007
FLOG-003180,LINE-B,ORD-1405-0292,13,RES-0201-47K,LOT-763354,1405/03/20 10:10:00,2500,27,2473,EMP-007
FLOG-003181,LINE-B,ORD-1405-0292,30,CAP-0603-100pF,LOT-427545,1405/03/20 10:10:00,4000,30,3970,EMP-007
FLOG-003182,LINE-B,ORD-1405-0292,21,CAP-0603-1uF,LOT-157816,1405/03/20 10:10:00,5000,29,4971,EMP-007
FLOG-003183,LINE-B,ORD-1405-0292,5,IC-SOIC-TXRX-RS485,LOT-888030,1405/03/20 10:10:00,5000,29,4971,EMP-007
FLOG-003184,LINE-B,ORD-1405-0292,29,RES-0402-22R,LOT-615271,1405/03/20 10:10:00,2500,28,2472,EMP-007
FLOG-003185,LINE-B,ORD-1405-0292,57,DIO-1N4148,LOT-777093,1405/03/20 10:10:00,10000,30,9970,EMP-007
FLOG-003186,LINE-B,ORD-1405-0292,16,RES-0201-1K,LOT-273799,1405/03/20 10:10:00,5000,27,4973,EMP-007
FLOG-003187,LINE-B,ORD-1405-0292,17,IC-BGA-DDR3-2G,LOT-371325,1405/03/20 10:10:00,5000,28,4972,EMP-007
FLOG-003188,LINE-B,ORD-1405-0292,37,RES-0402-10K,LOT-482367,1405/03/20 10:10:00,2500,29,2471,EMP-007
FLOG-003189,LINE-A,ORD-1405-0293,37,RES-0402-22R,LOT-976457,1405/03/19 07:14:00,5000,69,4931,EMP-005
FLOG-003190,LINE-A,ORD-1405-0293,10,IC-SOIC-MCU-ATMEGA328,LOT-144781,1405/03/19 07:14:00,5000,69,4931,EMP-005
FLOG-003191,LINE-A,ORD-1405-0293,22,CAP-0603-4.7uF,LOT-885839,1405/03/19 07:14:00,4000,66,3934,EMP-005
FLOG-003192,LINE-A,ORD-1405-0293,13,IC-SOIC-MCU-STM32F1,LOT-803534,1405/03/19 07:14:00,10000,75,9925,EMP-005
FLOG-003193,LINE-A,ORD-1405-0293,18,CAP-0603-10uF,LOT-730762,1405/03/19 07:14:00,10000,75,9925,EMP-005
FLOG-003194,LINE-A,ORD-1405-0293,42,RES-0201-1K,LOT-767900,1405/03/19 07:14:00,4000,72,3928,EMP-005
FLOG-003195,LINE-A,ORD-1405-0293,33,RES-0201-1K,LOT-672257,1405/03/19 07:14:00,10000,67,9933,EMP-005
FLOG-003196,LINE-A,ORD-1405-0293,51,RES-0201-100K,LOT-971002,1405/03/19 07:14:00,5000,68,4932,EMP-005
FLOG-003197,LINE-A,ORD-1405-0293,46,CAP-0201-10pF,LOT-591177,1405/03/19 07:14:00,5000,72,4928,EMP-005
FLOG-003198,LINE-A,ORD-1405-0293,45,CONN-HDR-4P,LOT-299804,1405/03/19 07:14:00,5000,66,4934,EMP-005
FLOG-003199,LINE-A,ORD-1405-0294,58,IC-SOIC-MCU-STM32F1,LOT-134913,1405/03/21 08:24:00,5000,10,4990,EMP-001
FLOG-003200,LINE-A,ORD-1405-0294,22,RES-0201-100K,LOT-789494,1405/03/21 08:24:00,5000,10,4990,EMP-001
FLOG-003201,LINE-A,ORD-1405-0294,20,DIO-LED-0603-RED,LOT-348987,1405/03/21 08:24:00,4000,10,3990,EMP-001
FLOG-003202,LINE-A,ORD-1405-0294,14,DIO-SS14,LOT-267532,1405/03/21 08:24:00,4000,10,3990,EMP-001
FLOG-003203,LINE-A,ORD-1405-0294,46,RES-0201-1K,LOT-962137,1405/03/21 08:24:00,10000,10,9990,EMP-001
FLOG-003204,LINE-A,ORD-1405-0294,39,DIO-1N4148,LOT-235350,1405/03/21 08:24:00,4000,10,3990,EMP-001
FLOG-003205,LINE-A,ORD-1405-0294,2,IC-SOIC-OPAMP-DUAL,LOT-954146,1405/03/21 08:24:00,5000,10,4990,EMP-001
FLOG-003206,LINE-A,ORD-1405-0294,24,RES-0402-4K7,LOT-552397,1405/03/21 08:24:00,4000,11,3989,EMP-001
FLOG-003207,LINE-B,ORD-1405-0295,7,RES-0201-100K,LOT-808213,1405/03/21 09:56:00,10000,38,9962,EMP-007
FLOG-003208,LINE-B,ORD-1405-0295,33,DIO-LED-0603-GRN,LOT-800224,1405/03/21 09:56:00,2500,38,2462,EMP-007
FLOG-003209,LINE-B,ORD-1405-0295,55,RES-0201-1K,LOT-428639,1405/03/21 09:56:00,5000,39,4961,EMP-007
FLOG-003210,LINE-B,ORD-1405-0295,44,RES-0402-4K7,LOT-849687,1405/03/21 09:56:00,10000,39,9961,EMP-007
FLOG-003211,LINE-B,ORD-1405-0295,36,RES-0402-4K7,LOT-832105,1405/03/21 09:56:00,4000,38,3962,EMP-007
FLOG-003212,LINE-B,ORD-1405-0295,24,DIO-SS14,LOT-958494,1405/03/21 09:56:00,5000,43,4957,EMP-007
FLOG-003213,LINE-B,ORD-1405-0295,27,CAP-0201-10pF,LOT-268917,1405/03/21 09:56:00,4000,43,3957,EMP-007
FLOG-003214,LINE-B,ORD-1405-0295,23,IC-SOIC-EEPROM-24C02,LOT-756758,1405/03/21 09:56:00,4000,41,3959,EMP-007
FLOG-003215,LINE-B,ORD-1405-0295,43,CAP-0201-10pF,LOT-760530,1405/03/21 09:56:00,10000,39,9961,EMP-007
FLOG-003216,LINE-B,ORD-1405-0295,38,RES-0402-100R,LOT-945737,1405/03/21 09:56:00,4000,39,3961,EMP-007
FLOG-003217,LINE-B,ORD-1405-0295,5,IC-SOIC-TXRX-RS485,LOT-145376,1405/03/21 09:56:00,4000,41,3959,EMP-007
FLOG-003218,LINE-B,ORD-1405-0295,34,DIO-SS14,LOT-625282,1405/03/21 09:56:00,5000,40,4960,EMP-007
FLOG-003219,LINE-B,ORD-1405-0295,12,RES-0201-47K,LOT-471158,1405/03/21 09:56:00,5000,38,4962,EMP-007
FLOG-003220,LINE-B,ORD-1405-0295,40,CAP-0603-22pF,LOT-711295,1405/03/21 09:56:00,4000,43,3957,EMP-007
FLOG-003221,LINE-B,ORD-1405-0296,6,RES-0402-10R,LOT-373509,1405/03/21 08:08:00,2500,165,2335,EMP-010
FLOG-003222,LINE-B,ORD-1405-0296,29,DIO-SS14,LOT-193944,1405/03/21 08:08:00,2500,159,2341,EMP-010
FLOG-003223,LINE-B,ORD-1405-0296,10,IC-SOIC-TXRX-RS485,LOT-266055,1405/03/21 08:08:00,10000,169,9831,EMP-010
FLOG-003224,LINE-B,ORD-1405-0296,56,IC-SOIC-OPAMP-DUAL,LOT-381249,1405/03/21 08:08:00,10000,163,9837,EMP-010
FLOG-003225,LINE-B,ORD-1405-0296,15,CAP-0201-100nF,LOT-947019,1405/03/21 08:08:00,4000,163,3837,EMP-010
FLOG-003226,LINE-B,ORD-1405-0296,26,RES-0402-10K,LOT-148847,1405/03/21 08:08:00,10000,156,9844,EMP-010
FLOG-003227,LINE-B,ORD-1405-0296,43,RES-0402-10R,LOT-737884,1405/03/21 08:08:00,2500,166,2334,EMP-010
FLOG-003228,LINE-B,ORD-1405-0296,12,DIO-LED-0603-GRN,LOT-666046,1405/03/21 08:08:00,5000,172,4828,EMP-010
FLOG-003229,LINE-B,ORD-1405-0296,28,RES-0402-4K7,LOT-842724,1405/03/21 08:08:00,2500,174,2326,EMP-010
FLOG-003230,LINE-B,ORD-1405-0296,51,CONN-TERM-BLOCK-3P,LOT-834123,1405/03/21 08:08:00,4000,155,3845,EMP-010
FLOG-003231,LINE-A,ORD-1405-0297,38,RES-0201-1K,LOT-506379,1405/03/23 07:00:00,2500,139,2361,EMP-004
FLOG-003232,LINE-A,ORD-1405-0297,31,RES-0402-22R,LOT-963285,1405/03/23 07:00:00,4000,128,3872,EMP-004
FLOG-003233,LINE-A,ORD-1405-0297,43,RES-0201-10K,LOT-314259,1405/03/23 07:00:00,2500,136,2364,EMP-004
FLOG-003234,LINE-A,ORD-1405-0297,59,RES-0402-10R,LOT-434345,1405/03/23 07:00:00,4000,142,3858,EMP-004
FLOG-003235,LINE-A,ORD-1405-0297,7,RES-0201-100K,LOT-486402,1405/03/23 07:00:00,10000,124,9876,EMP-004
FLOG-003236,LINE-A,ORD-1405-0297,40,RES-0402-10K,LOT-199739,1405/03/23 07:00:00,4000,140,3860,EMP-004
FLOG-003237,LINE-A,ORD-1405-0298,54,RES-0402-10K,LOT-450978,1405/03/23 07:00:00,2500,65,2435,EMP-001
FLOG-003238,LINE-A,ORD-1405-0298,37,CAP-0603-100nF,LOT-896522,1405/03/23 07:00:00,5000,60,4940,EMP-001
FLOG-003239,LINE-A,ORD-1405-0298,23,RES-0402-10K,LOT-886118,1405/03/23 07:00:00,4000,62,3938,EMP-001
FLOG-003240,LINE-A,ORD-1405-0298,7,CAP-0201-10pF,LOT-824191,1405/03/23 07:00:00,4000,67,3933,EMP-001
FLOG-003241,LINE-A,ORD-1405-0298,16,CAP-0603-100nF,LOT-877534,1405/03/23 07:00:00,5000,60,4940,EMP-001
FLOG-003242,LINE-A,ORD-1405-0298,59,CAP-0603-100pF,LOT-899368,1405/03/23 07:00:00,5000,62,4938,EMP-001
FLOG-003243,LINE-A,ORD-1405-0298,13,RES-0402-22R,LOT-449578,1405/03/23 07:00:00,10000,65,9935,EMP-001
FLOG-003244,LINE-A,ORD-1405-0298,35,RES-0201-47K,LOT-744937,1405/03/23 07:00:00,5000,67,4933,EMP-001
FLOG-003245,LINE-A,ORD-1405-0298,29,IC-SOIC-MCU-STM32F1,LOT-563362,1405/03/23 07:00:00,2500,66,2434,EMP-001
FLOG-003246,LINE-A,ORD-1405-0298,26,CONN-HDR-2P,LOT-136086,1405/03/23 07:00:00,5000,63,4937,EMP-001
FLOG-003247,LINE-A,ORD-1405-0299,16,RES-0402-22R,LOT-796224,1405/03/24 14:30:00,2500,149,2351,EMP-002
FLOG-003248,LINE-A,ORD-1405-0299,52,IC-SOIC-PMIC-BUCK1A,LOT-244763,1405/03/24 14:30:00,5000,166,4834,EMP-002
FLOG-003249,LINE-A,ORD-1405-0299,5,CAP-0201-10pF,LOT-254104,1405/03/24 14:30:00,2500,157,2343,EMP-002
FLOG-003250,LINE-A,ORD-1405-0299,23,IC-SOIC-TXRX-RS485,LOT-302703,1405/03/24 14:30:00,10000,157,9843,EMP-002
FLOG-003251,LINE-A,ORD-1405-0299,4,IC-SOIC-MCU-STM32F1,LOT-226771,1405/03/24 14:30:00,4000,159,3841,EMP-002
FLOG-003252,LINE-A,ORD-1405-0299,28,IC-SOIC-EEPROM-24C02,LOT-843646,1405/03/24 14:30:00,10000,164,9836,EMP-002
FLOG-003253,LINE-A,ORD-1405-0299,2,CONN-HDR-4P,LOT-438278,1405/03/24 14:30:00,10000,162,9838,EMP-002
FLOG-003254,LINE-B,ORD-1405-0300,46,CAP-0201-10pF,LOT-487696,1405/03/25 07:41:00,2500,201,2299,EMP-008
FLOG-003255,LINE-B,ORD-1405-0300,29,CAP-0603-4.7uF,LOT-200904,1405/03/25 07:41:00,4000,188,3812,EMP-008
FLOG-003256,LINE-B,ORD-1405-0300,34,RES-0201-47K,LOT-294132,1405/03/25 07:41:00,10000,201,9799,EMP-008
FLOG-003257,LINE-B,ORD-1405-0300,32,CAP-0201-100nF,LOT-817889,1405/03/25 07:41:00,2500,203,2297,EMP-008
FLOG-003258,LINE-B,ORD-1405-0300,33,RES-0201-1K,LOT-542311,1405/03/25 07:41:00,4000,194,3806,EMP-008
FLOG-003259,LINE-B,ORD-1405-0300,22,RES-0201-1K,LOT-933610,1405/03/25 07:41:00,10000,191,9809,EMP-008
FLOG-003260,LINE-B,ORD-1405-0300,12,CAP-0201-100nF,LOT-713093,1405/03/25 07:41:00,2500,200,2300,EMP-008
FLOG-003261,LINE-B,ORD-1405-0300,38,RES-0201-10K,LOT-190556,1405/03/25 07:41:00,5000,182,4818,EMP-008
FLOG-003262,LINE-B,ORD-1405-0300,3,CAP-0603-1uF,LOT-158376,1405/03/25 07:41:00,2500,183,2317,EMP-008
FLOG-003263,LINE-B,ORD-1405-0300,30,RES-0402-10K,LOT-443502,1405/03/25 07:41:00,10000,179,9821,EMP-008
FLOG-003264,LINE-B,ORD-1405-0300,57,CAP-0201-10pF,LOT-373835,1405/03/25 07:41:00,2500,184,2316,EMP-008
FLOG-003265,LINE-B,ORD-1405-0300,58,RES-0402-330R,LOT-391547,1405/03/25 07:41:00,5000,203,4797,EMP-008
FLOG-003266,LINE-B,ORD-1405-0300,49,CAP-0201-100nF,LOT-984825,1405/03/25 07:41:00,4000,198,3802,EMP-008
FLOG-003267,LINE-B,ORD-1405-0301,1,RES-0402-100K,LOT-313602,1405/03/27 11:38:00,5000,148,4852,EMP-009
FLOG-003268,LINE-B,ORD-1405-0301,47,RES-0402-100R,LOT-986752,1405/03/27 11:38:00,10000,143,9857,EMP-009
FLOG-003269,LINE-B,ORD-1405-0301,41,RES-0402-4K7,LOT-771545,1405/03/27 11:38:00,2500,145,2355,EMP-009
FLOG-003270,LINE-B,ORD-1405-0301,55,IC-SOIC-EEPROM-24C02,LOT-589329,1405/03/27 11:38:00,2500,151,2349,EMP-009
FLOG-003271,LINE-B,ORD-1405-0301,40,RES-0402-10R,LOT-592448,1405/03/27 11:38:00,5000,146,4854,EMP-009
FLOG-003272,LINE-B,ORD-1405-0301,21,CAP-0603-100nF,LOT-977922,1405/03/27 11:38:00,2500,156,2344,EMP-009
FLOG-003273,LINE-B,ORD-1405-0301,56,IC-SOIC-MCU-STM32F1,LOT-747841,1405/03/27 11:38:00,5000,151,4849,EMP-009
FLOG-003274,LINE-B,ORD-1405-0301,7,IC-SOIC-PMIC-BUCK1A,LOT-457876,1405/03/27 11:38:00,10000,160,9840,EMP-009
FLOG-003275,LINE-B,ORD-1405-0301,37,CAP-0603-10uF,LOT-383747,1405/03/27 11:38:00,10000,144,9856,EMP-009
FLOG-003276,LINE-B,ORD-1405-0301,26,CAP-0603-100nF,LOT-281093,1405/03/27 11:38:00,10000,146,9854,EMP-009
FLOG-003277,LINE-B,ORD-1405-0301,59,CAP-0201-100nF,LOT-881069,1405/03/27 11:38:00,10000,145,9855,EMP-009
FLOG-003278,LINE-A,ORD-1405-0302,29,CAP-0201-100nF,LOT-973748,1405/03/27 11:30:00,2500,68,2432,EMP-001
FLOG-003279,LINE-A,ORD-1405-0302,33,RES-0402-10K,LOT-719519,1405/03/27 11:30:00,4000,68,3932,EMP-001
FLOG-003280,LINE-A,ORD-1405-0302,50,IC-SOIC-PMIC-BUCK1A,LOT-917120,1405/03/27 11:30:00,10000,63,9937,EMP-001
FLOG-003281,LINE-A,ORD-1405-0302,11,RES-0402-10K,LOT-583036,1405/03/27 11:30:00,10000,60,9940,EMP-001
FLOG-003282,LINE-A,ORD-1405-0302,6,RES-0201-1K,LOT-323752,1405/03/27 11:30:00,10000,63,9937,EMP-001
FLOG-003283,LINE-A,ORD-1405-0302,32,IC-SOIC-MCU-STM32F1,LOT-452363,1405/03/27 11:30:00,4000,65,3935,EMP-001
FLOG-003284,LINE-A,ORD-1405-0302,55,CAP-0603-100pF,LOT-224621,1405/03/27 11:30:00,5000,67,4933,EMP-001
FLOG-003285,LINE-A,ORD-1405-0302,20,CAP-0603-10uF,LOT-203886,1405/03/27 11:30:00,4000,66,3934,EMP-001
FLOG-003286,LINE-A,ORD-1405-0302,44,CAP-0603-1uF,LOT-922429,1405/03/27 11:30:00,10000,60,9940,EMP-001
FLOG-003287,LINE-A,ORD-1405-0302,45,DIO-SS14,LOT-507957,1405/03/27 11:30:00,10000,67,9933,EMP-001
FLOG-003288,LINE-A,ORD-1405-0302,27,IC-BGA-DDR3-2G,LOT-267620,1405/03/27 11:30:00,4000,67,3933,EMP-001
FLOG-003289,LINE-A,ORD-1405-0302,24,CONN-USB-C,LOT-883322,1405/03/27 11:30:00,2500,68,2432,EMP-001
FLOG-003290,LINE-B,ORD-1405-0303,29,IC-SOIC-OPAMP-DUAL,LOT-787223,1405/03/27 14:25:00,4000,130,3870,EMP-007
FLOG-003291,LINE-B,ORD-1405-0303,4,RES-0402-100K,LOT-219108,1405/03/27 14:25:00,10000,131,9869,EMP-007
FLOG-003292,LINE-B,ORD-1405-0303,8,CAP-0603-1uF,LOT-273568,1405/03/27 14:25:00,4000,130,3870,EMP-007
FLOG-003293,LINE-B,ORD-1405-0303,47,IC-SOIC-TXRX-RS485,LOT-276709,1405/03/27 14:25:00,10000,130,9870,EMP-007
FLOG-003294,LINE-B,ORD-1405-0303,24,CAP-0603-100pF,LOT-724400,1405/03/27 14:25:00,2500,125,2375,EMP-007
FLOG-003295,LINE-B,ORD-1405-0303,11,CAP-0201-10pF,LOT-861482,1405/03/27 14:25:00,5000,133,4867,EMP-007
FLOG-003296,LINE-B,ORD-1405-0303,21,RES-0402-4K7,LOT-640341,1405/03/27 14:25:00,5000,129,4871,EMP-007
FLOG-003297,LINE-B,ORD-1405-0303,45,IC-SOIC-MCU-ATMEGA328,LOT-226471,1405/03/27 14:25:00,2500,129,2371,EMP-007
FLOG-003298,LINE-B,ORD-1405-0303,38,IC-SOIC-TXRX-RS485,LOT-343102,1405/03/27 14:25:00,2500,125,2375,EMP-007
FLOG-003299,LINE-B,ORD-1405-0303,9,IC-BGA-FPGA-XC7,LOT-356867,1405/03/27 14:25:00,2500,131,2369,EMP-007
FLOG-003300,LINE-B,ORD-1405-0303,13,CONN-USB-C,LOT-331172,1405/03/27 14:25:00,4000,119,3881,EMP-007
FLOG-003301,LINE-A,ORD-1405-0304,32,DIO-1N4148,LOT-281415,1405/03/26 11:52:00,5000,156,4844,EMP-003
FLOG-003302,LINE-A,ORD-1405-0304,19,RES-0201-47K,LOT-688836,1405/03/26 11:52:00,2500,141,2359,EMP-003
FLOG-003303,LINE-A,ORD-1405-0304,48,CAP-0603-22pF,LOT-166525,1405/03/26 11:52:00,4000,150,3850,EMP-003
FLOG-003304,LINE-A,ORD-1405-0304,41,IC-SOIC-MCU-STM32F1,LOT-586986,1405/03/26 11:52:00,5000,146,4854,EMP-003
FLOG-003305,LINE-A,ORD-1405-0304,57,RES-0201-1K,LOT-283230,1405/03/26 11:52:00,10000,147,9853,EMP-003
FLOG-003306,LINE-A,ORD-1405-0304,5,RES-0402-1K,LOT-628898,1405/03/26 11:52:00,4000,151,3849,EMP-003
FLOG-003307,LINE-A,ORD-1405-0304,42,DIO-LED-0603-GRN,LOT-193037,1405/03/26 11:52:00,10000,161,9839,EMP-003
FLOG-003308,LINE-A,ORD-1405-0304,29,CAP-0201-10pF,LOT-434453,1405/03/26 11:52:00,10000,144,9856,EMP-003
FLOG-003309,LINE-A,ORD-1405-0304,11,CONN-TERM-BLOCK-3P,LOT-456826,1405/03/26 11:52:00,2500,160,2340,EMP-003
FLOG-003310,LINE-B,ORD-1405-0305,45,RES-0201-10K,LOT-910802,1405/03/27 13:55:00,5000,128,4872,EMP-007
FLOG-003311,LINE-B,ORD-1405-0305,27,DIO-LED-0603-RED,LOT-184774,1405/03/27 13:55:00,4000,125,3875,EMP-007
FLOG-003312,LINE-B,ORD-1405-0305,41,CAP-0603-4.7uF,LOT-562722,1405/03/27 13:55:00,5000,132,4868,EMP-007
FLOG-003313,LINE-B,ORD-1405-0305,16,CAP-0603-22pF,LOT-210005,1405/03/27 13:55:00,5000,117,4883,EMP-007
FLOG-003314,LINE-B,ORD-1405-0305,9,RES-0201-47K,LOT-622812,1405/03/27 13:55:00,10000,127,9873,EMP-007
FLOG-003315,LINE-B,ORD-1405-0305,48,IC-SOIC-PMIC-BUCK1A,LOT-680908,1405/03/27 13:55:00,10000,120,9880,EMP-007
FLOG-003316,LINE-B,ORD-1405-0305,30,RES-0402-100R,LOT-233013,1405/03/27 13:55:00,4000,121,3879,EMP-007
FLOG-003317,LINE-B,ORD-1405-0305,31,IC-SOIC-MCU-ATMEGA328,LOT-679517,1405/03/27 13:55:00,4000,126,3874,EMP-007
FLOG-003318,LINE-B,ORD-1405-0305,42,RES-0402-10R,LOT-807114,1405/03/27 13:55:00,2500,125,2375,EMP-007
FLOG-003319,LINE-B,ORD-1405-0305,56,IC-SOIC-TXRX-RS485,LOT-645096,1405/03/27 13:55:00,2500,131,2369,EMP-007
FLOG-003320,LINE-B,ORD-1405-0305,36,RES-0201-10K,LOT-423614,1405/03/27 13:55:00,2500,126,2374,EMP-007
FLOG-003321,LINE-B,ORD-1405-0305,60,IC-SOIC-MCU-ATMEGA328,LOT-371375,1405/03/27 13:55:00,5000,131,4869,EMP-007
FLOG-003322,LINE-B,ORD-1405-0305,33,DIO-1N4148,LOT-129249,1405/03/27 13:55:00,10000,130,9870,EMP-007
FLOG-003323,LINE-B,ORD-1405-0305,51,IC-BGA-PMIC-MULTI,LOT-948718,1405/03/27 13:55:00,10000,130,9870,EMP-007
FLOG-003324,LINE-B,ORD-1405-0305,50,CONN-HDR-2P,LOT-293019,1405/03/27 13:55:00,5000,117,4883,EMP-007
FLOG-003325,LINE-B,ORD-1405-0306,56,CAP-0201-10pF,LOT-913777,1405/03/30 07:01:00,10000,77,9923,EMP-006
FLOG-003326,LINE-B,ORD-1405-0306,48,RES-0201-1K,LOT-131348,1405/03/30 07:01:00,5000,76,4924,EMP-006
FLOG-003327,LINE-B,ORD-1405-0306,21,IC-SOIC-MCU-STM32F1,LOT-516500,1405/03/30 07:01:00,4000,72,3928,EMP-006
FLOG-003328,LINE-B,ORD-1405-0306,45,DIO-LED-0603-RED,LOT-768658,1405/03/30 07:01:00,10000,74,9926,EMP-006
FLOG-003329,LINE-B,ORD-1405-0306,44,RES-0402-330R,LOT-638152,1405/03/30 07:01:00,4000,77,3923,EMP-006
FLOG-003330,LINE-B,ORD-1405-0306,25,RES-0201-47K,LOT-867619,1405/03/30 07:01:00,5000,80,4920,EMP-006
FLOG-003331,LINE-B,ORD-1405-0306,38,RES-0402-1K,LOT-490331,1405/03/30 07:01:00,5000,79,4921,EMP-006
FLOG-003332,LINE-B,ORD-1405-0306,50,IC-SOIC-PMIC-BUCK1A,LOT-844191,1405/03/30 07:01:00,10000,74,9926,EMP-006
FLOG-003333,LINE-B,ORD-1405-0306,31,IC-SOIC-MCU-ATMEGA328,LOT-220292,1405/03/30 07:01:00,4000,77,3923,EMP-006
FLOG-003334,LINE-B,ORD-1405-0306,28,RES-0201-10K,LOT-502670,1405/03/30 07:01:00,5000,77,4923,EMP-006
FLOG-003335,LINE-B,ORD-1405-0306,39,RES-0201-100K,LOT-580292,1405/03/30 07:01:00,10000,76,9924,EMP-006
FLOG-003336,LINE-B,ORD-1405-0306,12,RES-0402-1K,LOT-459834,1405/03/30 07:01:00,10000,73,9927,EMP-006
FLOG-003337,LINE-B,ORD-1405-0306,32,CONN-HDR-2P,LOT-882584,1405/03/30 07:01:00,10000,76,9924,EMP-006
FLOG-003338,LINE-A,ORD-1405-0307,31,RES-0402-22R,LOT-717536,1405/03/30 10:08:00,10000,63,9937,EMP-002
FLOG-003339,LINE-A,ORD-1405-0307,18,DIO-SS14,LOT-969291,1405/03/30 10:08:00,10000,68,9932,EMP-002
FLOG-003340,LINE-A,ORD-1405-0307,19,RES-0402-10R,LOT-705538,1405/03/30 10:08:00,2500,62,2438,EMP-002
FLOG-003341,LINE-A,ORD-1405-0307,15,IC-SOIC-EEPROM-24C02,LOT-327240,1405/03/30 10:08:00,2500,65,2435,EMP-002
FLOG-003342,LINE-A,ORD-1405-0307,1,CAP-0603-22pF,LOT-977745,1405/03/30 10:08:00,4000,60,3940,EMP-002
FLOG-003343,LINE-A,ORD-1405-0307,25,RES-0402-10K,LOT-627098,1405/03/30 10:08:00,2500,68,2432,EMP-002
FLOG-003344,LINE-A,ORD-1405-0307,9,IC-SOIC-MCU-ATMEGA328,LOT-329594,1405/03/30 10:08:00,5000,62,4938,EMP-002
FLOG-003345,LINE-A,ORD-1405-0307,47,RES-0201-47K,LOT-777494,1405/03/30 10:08:00,2500,68,2432,EMP-002
FLOG-003346,LINE-A,ORD-1405-0307,13,CAP-0603-10uF,LOT-655621,1405/03/30 10:08:00,10000,68,9932,EMP-002
FLOG-003347,LINE-A,ORD-1405-0307,34,IC-SOIC-MCU-ATMEGA328,LOT-858596,1405/03/30 10:08:00,2500,64,2436,EMP-002
FLOG-003348,LINE-A,ORD-1405-0307,28,IC-SOIC-TXRX-RS485,LOT-275987,1405/03/30 10:08:00,2500,66,2434,EMP-002
FLOG-003349,LINE-A,ORD-1405-0307,42,CAP-0603-100nF,LOT-419754,1405/03/30 10:08:00,2500,62,2438,EMP-002
FLOG-003350,LINE-A,ORD-1405-0307,12,IC-SOIC-EEPROM-24C02,LOT-981046,1405/03/30 10:08:00,10000,60,9940,EMP-002
FLOG-003351,LINE-A,ORD-1405-0308,43,IC-SOIC-MCU-ATMEGA328,LOT-955488,1405/03/30 07:00:00,5000,35,4965,EMP-004
FLOG-003352,LINE-A,ORD-1405-0308,11,IC-SOIC-MCU-ATMEGA328,LOT-119764,1405/03/30 07:00:00,4000,33,3967,EMP-004
FLOG-003353,LINE-A,ORD-1405-0308,59,CAP-0603-10uF,LOT-821301,1405/03/30 07:00:00,5000,33,4967,EMP-004
FLOG-003354,LINE-A,ORD-1405-0308,42,IC-SOIC-MCU-ATMEGA328,LOT-839757,1405/03/30 07:00:00,5000,35,4965,EMP-004
FLOG-003355,LINE-A,ORD-1405-0308,48,RES-0201-47K,LOT-304515,1405/03/30 07:00:00,2500,36,2464,EMP-004
FLOG-003356,LINE-A,ORD-1405-0308,49,DIO-LED-0603-RED,LOT-155807,1405/03/30 07:00:00,5000,33,4967,EMP-004
FLOG-003357,LINE-A,ORD-1405-0308,25,RES-0201-1K,LOT-631775,1405/03/30 07:00:00,4000,34,3966,EMP-004
FLOG-003358,LINE-A,ORD-1405-0308,6,RES-0201-100K,LOT-851822,1405/03/30 07:00:00,2500,32,2468,EMP-004
FLOG-003359,LINE-A,ORD-1405-0308,27,CAP-0603-1uF,LOT-314610,1405/03/30 07:00:00,5000,34,4966,EMP-004
FLOG-003360,LINE-A,ORD-1405-0308,8,CAP-0603-10uF,LOT-395657,1405/03/30 07:00:00,2500,33,2467,EMP-004
FLOG-003361,LINE-A,ORD-1405-0308,15,CAP-0603-1uF,LOT-184055,1405/03/30 07:00:00,2500,36,2464,EMP-004
FLOG-003362,LINE-A,ORD-1405-0308,56,RES-0402-22R,LOT-512272,1405/03/30 07:00:00,4000,34,3966,EMP-004
FLOG-003363,LINE-A,ORD-1405-0308,30,CAP-0603-100pF,LOT-696837,1405/03/30 07:00:00,5000,35,4965,EMP-004
FLOG-003364,LINE-A,ORD-1405-0308,37,RES-0402-10R,LOT-147671,1405/03/30 07:00:00,2500,34,2466,EMP-004
FLOG-003365,LINE-A,ORD-1405-0308,22,CONN-TERM-BLOCK-3P,LOT-213754,1405/03/30 07:00:00,2500,33,2467,EMP-004
FLOG-003366,LINE-B,ORD-1405-0309,50,DIO-1N4148,LOT-121732,1405/03/28 10:18:00,5000,7,4993,EMP-009
FLOG-003367,LINE-B,ORD-1405-0309,33,RES-0402-10K,LOT-447424,1405/03/28 10:18:00,2500,7,2493,EMP-009
FLOG-003368,LINE-B,ORD-1405-0309,24,CAP-0603-100nF,LOT-149179,1405/03/28 10:18:00,4000,7,3993,EMP-009
FLOG-003369,LINE-B,ORD-1405-0309,28,RES-0402-100R,LOT-538839,1405/03/28 10:18:00,2500,7,2493,EMP-009
FLOG-003370,LINE-B,ORD-1405-0309,34,IC-SOIC-MCU-STM32F1,LOT-227225,1405/03/28 10:18:00,10000,7,9993,EMP-009
FLOG-003371,LINE-B,ORD-1405-0309,4,RES-0402-10K,LOT-452212,1405/03/28 10:18:00,2500,7,2493,EMP-009
FLOG-003372,LINE-B,ORD-1405-0309,9,IC-SOIC-MCU-STM32F1,LOT-249101,1405/03/28 10:18:00,2500,7,2493,EMP-009
FLOG-003373,LINE-B,ORD-1405-0309,49,RES-0402-10R,LOT-571278,1405/03/28 10:18:00,4000,7,3993,EMP-009
FLOG-003374,LINE-B,ORD-1405-0309,37,CONN-TERM-BLOCK-3P,LOT-210131,1405/03/28 10:18:00,2500,7,2493,EMP-009
FLOG-003375,LINE-A,ORD-1405-0310,36,RES-0402-10R,LOT-154571,1405/04/01 12:06:00,5000,21,4979,EMP-005
FLOG-003376,LINE-A,ORD-1405-0310,35,RES-0201-1K,LOT-472431,1405/04/01 12:06:00,10000,19,9981,EMP-005
FLOG-003377,LINE-A,ORD-1405-0310,40,RES-0201-100K,LOT-614954,1405/04/01 12:06:00,2500,20,2480,EMP-005
FLOG-003378,LINE-A,ORD-1405-0310,53,RES-0402-330R,LOT-452627,1405/04/01 12:06:00,10000,20,9980,EMP-005
FLOG-003379,LINE-A,ORD-1405-0310,46,IC-SOIC-OPAMP-DUAL,LOT-173108,1405/04/01 12:06:00,2500,19,2481,EMP-005
FLOG-003380,LINE-A,ORD-1405-0310,31,RES-0402-1K,LOT-899637,1405/04/01 12:06:00,10000,21,9979,EMP-005
FLOG-003381,LINE-A,ORD-1405-0310,49,CAP-0603-22pF,LOT-541665,1405/04/01 12:06:00,4000,20,3980,EMP-005
FLOG-003382,LINE-B,ORD-1405-0311,32,RES-0201-10K,LOT-838650,1405/04/03 08:18:00,10000,42,9958,EMP-010
FLOG-003383,LINE-B,ORD-1405-0311,5,IC-SOIC-PMIC-BUCK1A,LOT-981110,1405/04/03 08:18:00,2500,45,2455,EMP-010
FLOG-003384,LINE-B,ORD-1405-0311,26,DIO-1N4148,LOT-275236,1405/04/03 08:18:00,5000,47,4953,EMP-010
FLOG-003385,LINE-B,ORD-1405-0311,48,RES-0201-10K,LOT-987125,1405/04/03 08:18:00,4000,47,3953,EMP-010
FLOG-003386,LINE-B,ORD-1405-0311,47,RES-0402-1K,LOT-587582,1405/04/03 08:18:00,2500,43,2457,EMP-010
FLOG-003387,LINE-B,ORD-1405-0311,21,RES-0201-100K,LOT-535112,1405/04/03 08:18:00,10000,42,9958,EMP-010
FLOG-003388,LINE-B,ORD-1405-0311,55,RES-0402-4K7,LOT-676375,1405/04/03 08:18:00,4000,47,3953,EMP-010
FLOG-003389,LINE-B,ORD-1405-0311,2,CONN-TERM-BLOCK-3P,LOT-456229,1405/04/03 08:18:00,2500,45,2455,EMP-010
FLOG-003390,LINE-A,ORD-1405-0312,15,CAP-0603-10uF,LOT-940845,1405/04/02 11:51:00,10000,65,9935,EMP-003
FLOG-003391,LINE-A,ORD-1405-0312,4,CAP-0603-10uF,LOT-567810,1405/04/02 11:51:00,2500,64,2436,EMP-003
FLOG-003392,LINE-A,ORD-1405-0312,42,IC-SOIC-MCU-STM32F1,LOT-632149,1405/04/02 11:51:00,4000,66,3934,EMP-003
FLOG-003393,LINE-A,ORD-1405-0312,48,RES-0402-22R,LOT-593050,1405/04/02 11:51:00,5000,63,4937,EMP-003
FLOG-003394,LINE-A,ORD-1405-0312,1,CAP-0603-100pF,LOT-108534,1405/04/02 11:51:00,5000,60,4940,EMP-003
FLOG-003395,LINE-A,ORD-1405-0312,25,IC-SOIC-OPAMP-DUAL,LOT-801901,1405/04/02 11:51:00,4000,60,3940,EMP-003
FLOG-003396,LINE-A,ORD-1405-0312,56,RES-0402-100K,LOT-267458,1405/04/02 11:51:00,5000,59,4941,EMP-003
FLOG-003397,LINE-A,ORD-1405-0312,9,DIO-LED-0603-GRN,LOT-900862,1405/04/02 11:51:00,4000,59,3941,EMP-003
FLOG-003398,LINE-A,ORD-1405-0312,20,RES-0201-1K,LOT-644278,1405/04/02 11:51:00,2500,65,2435,EMP-003
FLOG-003399,LINE-A,ORD-1405-0312,23,DIO-LED-0603-RED,LOT-137160,1405/04/02 11:51:00,4000,64,3936,EMP-003
FLOG-003400,LINE-A,ORD-1405-0312,14,CAP-0603-10uF,LOT-595943,1405/04/02 11:51:00,5000,60,4940,EMP-003
FLOG-003401,LINE-A,ORD-1405-0312,55,CONN-TERM-BLOCK-3P,LOT-553631,1405/04/02 11:51:00,10000,63,9937,EMP-003
FLOG-003402,LINE-B,ORD-1405-0313,10,IC-SOIC-TXRX-RS485,LOT-166997,1405/04/03 14:20:00,2500,70,2430,EMP-006
FLOG-003403,LINE-B,ORD-1405-0313,18,DIO-SS14,LOT-172905,1405/04/03 14:20:00,5000,68,4932,EMP-006
FLOG-003404,LINE-B,ORD-1405-0313,33,DIO-1N4148,LOT-950300,1405/04/03 14:20:00,5000,75,4925,EMP-006
FLOG-003405,LINE-B,ORD-1405-0313,5,DIO-LED-0603-RED,LOT-191752,1405/04/03 14:20:00,5000,70,4930,EMP-006
FLOG-003406,LINE-B,ORD-1405-0313,60,RES-0201-10K,LOT-679259,1405/04/03 14:20:00,2500,74,2426,EMP-006
FLOG-003407,LINE-B,ORD-1405-0313,15,CAP-0603-1uF,LOT-703109,1405/04/03 14:20:00,5000,68,4932,EMP-006
FLOG-003408,LINE-B,ORD-1405-0313,57,CAP-0603-100nF,LOT-745304,1405/04/03 14:20:00,10000,70,9930,EMP-006
FLOG-003409,LINE-B,ORD-1405-0313,35,RES-0402-100K,LOT-960232,1405/04/03 14:20:00,4000,67,3933,EMP-006
FLOG-003410,LINE-A,ORD-1405-0314,59,RES-0201-1K,LOT-105367,1405/04/01 11:54:00,4000,33,3967,EMP-002
FLOG-003411,LINE-A,ORD-1405-0314,42,CAP-0201-100nF,LOT-477074,1405/04/01 11:54:00,5000,32,4968,EMP-002
FLOG-003412,LINE-A,ORD-1405-0314,60,RES-0402-330R,LOT-453484,1405/04/01 11:54:00,4000,29,3971,EMP-002
FLOG-003413,LINE-A,ORD-1405-0314,48,DIO-LED-0603-RED,LOT-457116,1405/04/01 11:54:00,2500,31,2469,EMP-002
FLOG-003414,LINE-A,ORD-1405-0314,23,RES-0201-100K,LOT-370006,1405/04/01 11:54:00,2500,29,2471,EMP-002
FLOG-003415,LINE-A,ORD-1405-0314,44,IC-SOIC-TXRX-RS485,LOT-534952,1405/04/01 11:54:00,4000,32,3968,EMP-002
FLOG-003416,LINE-A,ORD-1405-0314,39,RES-0402-10R,LOT-108656,1405/04/01 11:54:00,10000,30,9970,EMP-002
FLOG-003417,LINE-A,ORD-1405-0314,45,CAP-0603-22pF,LOT-781001,1405/04/01 11:54:00,5000,33,4967,EMP-002
FLOG-003418,LINE-A,ORD-1405-0314,40,RES-0402-10R,LOT-967503,1405/04/01 11:54:00,2500,30,2470,EMP-002
FLOG-003419,LINE-A,ORD-1405-0314,58,RES-0402-330R,LOT-384252,1405/04/01 11:54:00,5000,31,4969,EMP-002
FLOG-003420,LINE-B,ORD-1405-0315,35,RES-0402-100K,LOT-655717,1405/04/04 13:38:00,2500,59,2441,EMP-008
FLOG-003421,LINE-B,ORD-1405-0315,1,RES-0402-330R,LOT-884216,1405/04/04 13:38:00,5000,64,4936,EMP-008
FLOG-003422,LINE-B,ORD-1405-0315,34,RES-0201-1K,LOT-235698,1405/04/04 13:38:00,10000,58,9942,EMP-008
FLOG-003423,LINE-B,ORD-1405-0315,42,RES-0201-100K,LOT-214530,1405/04/04 13:38:00,4000,60,3940,EMP-008
FLOG-003424,LINE-B,ORD-1405-0315,4,RES-0402-4K7,LOT-821567,1405/04/04 13:38:00,5000,57,4943,EMP-008
FLOG-003425,LINE-B,ORD-1405-0315,52,IC-SOIC-EEPROM-24C02,LOT-792585,1405/04/04 13:38:00,10000,63,9937,EMP-008
FLOG-003426,LINE-B,ORD-1405-0315,43,RES-0402-100K,LOT-337832,1405/04/04 13:38:00,4000,64,3936,EMP-008
FLOG-003427,LINE-B,ORD-1405-0315,14,CONN-HDR-2P,LOT-362476,1405/04/04 13:38:00,4000,59,3941,EMP-008
FLOG-003428,LINE-B,ORD-1405-0316,55,CAP-0603-10uF,LOT-343990,1405/04/03 08:59:00,10000,22,9978,EMP-008
FLOG-003429,LINE-B,ORD-1405-0316,29,CAP-0201-10pF,LOT-862489,1405/04/03 08:59:00,10000,22,9978,EMP-008
FLOG-003430,LINE-B,ORD-1405-0316,35,CAP-0603-4.7uF,LOT-549015,1405/04/03 08:59:00,5000,24,4976,EMP-008
FLOG-003431,LINE-B,ORD-1405-0316,54,IC-SOIC-PMIC-BUCK1A,LOT-728070,1405/04/03 08:59:00,2500,23,2477,EMP-008
FLOG-003432,LINE-B,ORD-1405-0316,10,CAP-0603-10uF,LOT-691595,1405/04/03 08:59:00,2500,23,2477,EMP-008
FLOG-003433,LINE-B,ORD-1405-0316,34,DIO-LED-0603-GRN,LOT-212888,1405/04/03 08:59:00,4000,24,3976,EMP-008
FLOG-003434,LINE-B,ORD-1405-0316,21,IC-SOIC-OPAMP-DUAL,LOT-810679,1405/04/03 08:59:00,5000,23,4977,EMP-008
FLOG-003435,LINE-B,ORD-1405-0316,45,IC-SOIC-EEPROM-24C02,LOT-666698,1405/04/03 08:59:00,2500,25,2475,EMP-008
FLOG-003436,LINE-B,ORD-1405-0316,14,CAP-0603-100pF,LOT-522027,1405/04/03 08:59:00,5000,24,4976,EMP-008
FLOG-003437,LINE-B,ORD-1405-0316,17,DIO-LED-0603-GRN,LOT-167674,1405/04/03 08:59:00,5000,22,4978,EMP-008
FLOG-003438,LINE-B,ORD-1405-0316,38,RES-0402-330R,LOT-866748,1405/04/03 08:59:00,2500,23,2477,EMP-008
FLOG-003439,LINE-A,ORD-1405-0317,12,DIO-LED-0603-GRN,LOT-350773,1405/04/06 09:22:00,10000,44,9956,EMP-002
FLOG-003440,LINE-A,ORD-1405-0317,28,CAP-0201-100nF,LOT-558836,1405/04/06 09:22:00,10000,40,9960,EMP-002
FLOG-003441,LINE-A,ORD-1405-0317,45,IC-SOIC-TXRX-RS485,LOT-122496,1405/04/06 09:22:00,4000,44,3956,EMP-002
FLOG-003442,LINE-A,ORD-1405-0317,9,RES-0201-1K,LOT-427680,1405/04/06 09:22:00,2500,39,2461,EMP-002
FLOG-003443,LINE-A,ORD-1405-0317,56,IC-SOIC-TXRX-RS485,LOT-669101,1405/04/06 09:22:00,5000,41,4959,EMP-002
FLOG-003444,LINE-A,ORD-1405-0317,31,RES-0201-10K,LOT-823201,1405/04/06 09:22:00,2500,43,2457,EMP-002
FLOG-003445,LINE-A,ORD-1405-0317,33,IC-SOIC-PMIC-BUCK1A,LOT-280513,1405/04/06 09:22:00,10000,40,9960,EMP-002
FLOG-003446,LINE-A,ORD-1405-0317,27,CAP-0603-10uF,LOT-150321,1405/04/06 09:22:00,2500,40,2460,EMP-002
FLOG-003447,LINE-A,ORD-1405-0317,47,RES-0402-100R,LOT-729607,1405/04/06 09:22:00,4000,41,3959,EMP-002
FLOG-003448,LINE-B,ORD-1405-0318,26,IC-SOIC-MCU-STM32F1,LOT-238327,1405/04/04 12:10:00,10000,430,9570,EMP-006
FLOG-003449,LINE-B,ORD-1405-0318,16,CAP-0201-100nF,LOT-607856,1405/04/04 12:10:00,10000,452,9548,EMP-006
FLOG-003450,LINE-B,ORD-1405-0318,42,CAP-0603-10uF,LOT-808553,1405/04/04 12:10:00,5000,443,4557,EMP-006
FLOG-003451,LINE-B,ORD-1405-0318,14,CAP-0603-100nF,LOT-611869,1405/04/04 12:10:00,4000,454,3546,EMP-006
FLOG-003452,LINE-B,ORD-1405-0318,51,RES-0402-22R,LOT-132642,1405/04/04 12:10:00,2500,432,2068,EMP-006
FLOG-003453,LINE-B,ORD-1405-0318,3,DIO-LED-0603-RED,LOT-267490,1405/04/04 12:10:00,2500,439,2061,EMP-006
FLOG-003454,LINE-B,ORD-1405-0318,4,RES-0201-1K,LOT-788930,1405/04/04 12:10:00,5000,452,4548,EMP-006
FLOG-003455,LINE-B,ORD-1405-0318,55,CAP-0603-10uF,LOT-892549,1405/04/04 12:10:00,2500,455,2045,EMP-006
FLOG-003456,LINE-B,ORD-1405-0318,22,RES-0201-47K,LOT-289098,1405/04/04 12:10:00,5000,409,4591,EMP-006
FLOG-003457,LINE-B,ORD-1405-0318,41,CAP-0603-4.7uF,LOT-984291,1405/04/04 12:10:00,5000,463,4537,EMP-006
FLOG-003458,LINE-B,ORD-1405-0318,19,DIO-LED-0603-RED,LOT-606728,1405/04/04 12:10:00,5000,436,4564,EMP-006
FLOG-003459,LINE-B,ORD-1405-0318,9,DIO-1N4148,LOT-880153,1405/04/04 12:10:00,4000,466,3534,EMP-006
FLOG-003460,LINE-B,ORD-1405-0318,60,CAP-0603-100nF,LOT-618259,1405/04/04 12:10:00,4000,425,3575,EMP-006
FLOG-003461,LINE-B,ORD-1405-0318,37,CONN-USB-C,LOT-253537,1405/04/04 12:10:00,4000,455,3545,EMP-006
FLOG-003462,LINE-A,ORD-1405-0319,36,CAP-0603-4.7uF,LOT-879395,1405/04/06 07:00:00,2500,110,2390,EMP-001
FLOG-003463,LINE-A,ORD-1405-0319,19,IC-SOIC-PMIC-BUCK1A,LOT-980179,1405/04/06 07:00:00,2500,99,2401,EMP-001
FLOG-003464,LINE-A,ORD-1405-0319,44,RES-0402-330R,LOT-778069,1405/04/06 07:00:00,4000,107,3893,EMP-001
FLOG-003465,LINE-A,ORD-1405-0319,11,RES-0201-10K,LOT-457380,1405/04/06 07:00:00,2500,100,2400,EMP-001
FLOG-003466,LINE-A,ORD-1405-0319,2,IC-SOIC-TXRX-RS485,LOT-905758,1405/04/06 07:00:00,4000,104,3896,EMP-001
FLOG-003467,LINE-A,ORD-1405-0319,1,RES-0201-100K,LOT-707382,1405/04/06 07:00:00,4000,113,3887,EMP-001
FLOG-003468,LINE-A,ORD-1405-0319,60,RES-0402-100K,LOT-394234,1405/04/06 07:00:00,4000,101,3899,EMP-001
FLOG-003469,LINE-A,ORD-1405-0319,54,RES-0201-10K,LOT-732216,1405/04/06 07:00:00,2500,104,2396,EMP-001
FLOG-003470,LINE-A,ORD-1405-0319,53,CAP-0603-4.7uF,LOT-994971,1405/04/06 07:00:00,5000,113,4887,EMP-001
FLOG-003471,LINE-A,ORD-1405-0319,27,RES-0402-330R,LOT-836223,1405/04/06 07:00:00,10000,111,9889,EMP-001
FLOG-003472,LINE-A,ORD-1405-0319,4,RES-0402-10R,LOT-105801,1405/04/06 07:00:00,5000,112,4888,EMP-001
FLOG-003473,LINE-B,ORD-1405-0320,9,IC-SOIC-TXRX-RS485,LOT-891729,1405/04/06 07:00:00,4000,57,3943,EMP-008
FLOG-003474,LINE-B,ORD-1405-0320,27,RES-0402-10K,LOT-893113,1405/04/06 07:00:00,10000,62,9938,EMP-008
FLOG-003475,LINE-B,ORD-1405-0320,26,CAP-0603-10uF,LOT-716013,1405/04/06 07:00:00,4000,63,3937,EMP-008
FLOG-003476,LINE-B,ORD-1405-0320,28,CAP-0603-100pF,LOT-327003,1405/04/06 07:00:00,2500,63,2437,EMP-008
FLOG-003477,LINE-B,ORD-1405-0320,12,IC-SOIC-MCU-STM32F1,LOT-713789,1405/04/06 07:00:00,4000,58,3942,EMP-008
FLOG-003478,LINE-B,ORD-1405-0320,44,CAP-0603-4.7uF,LOT-944137,1405/04/06 07:00:00,10000,60,9940,EMP-008
FLOG-003479,LINE-B,ORD-1405-0320,5,RES-0402-100K,LOT-114898,1405/04/06 07:00:00,4000,57,3943,EMP-008
FLOG-003480,LINE-A,ORD-1405-0321,60,RES-0402-100K,LOT-907883,1405/04/06 13:16:00,2500,10,2490,EMP-002
FLOG-003481,LINE-A,ORD-1405-0321,59,RES-0402-100K,LOT-937931,1405/04/06 13:16:00,10000,10,9990,EMP-002
FLOG-003482,LINE-A,ORD-1405-0321,45,RES-0402-10R,LOT-411190,1405/04/06 13:16:00,2500,10,2490,EMP-002
FLOG-003483,LINE-A,ORD-1405-0321,51,IC-SOIC-TXRX-RS485,LOT-610764,1405/04/06 13:16:00,4000,10,3990,EMP-002
FLOG-003484,LINE-A,ORD-1405-0321,53,RES-0402-100K,LOT-743257,1405/04/06 13:16:00,10000,10,9990,EMP-002
FLOG-003485,LINE-A,ORD-1405-0321,29,CAP-0603-4.7uF,LOT-264217,1405/04/06 13:16:00,10000,11,9989,EMP-002
FLOG-003486,LINE-A,ORD-1405-0321,55,RES-0201-1K,LOT-739039,1405/04/06 13:16:00,5000,10,4990,EMP-002
FLOG-003487,LINE-A,ORD-1405-0321,30,IC-SOIC-MCU-STM32F1,LOT-710019,1405/04/06 13:16:00,2500,11,2489,EMP-002
FLOG-003488,LINE-A,ORD-1405-0321,24,CAP-0201-100nF,LOT-598249,1405/04/06 13:16:00,10000,11,9989,EMP-002
FLOG-003489,LINE-A,ORD-1405-0321,41,IC-SOIC-TXRX-RS485,LOT-860154,1405/04/06 13:16:00,5000,10,4990,EMP-002
FLOG-003490,LINE-A,ORD-1405-0321,13,RES-0201-10K,LOT-103260,1405/04/06 13:16:00,2500,10,2490,EMP-002
FLOG-003491,LINE-A,ORD-1405-0321,32,IC-SOIC-MCU-ATMEGA328,LOT-144677,1405/04/06 13:16:00,4000,10,3990,EMP-002
FLOG-003492,LINE-A,ORD-1405-0321,7,RES-0402-100R,LOT-797655,1405/04/06 13:16:00,2500,11,2489,EMP-002
FLOG-003493,LINE-A,ORD-1405-0321,17,CAP-0201-10pF,LOT-256827,1405/04/06 13:16:00,5000,10,4990,EMP-002
FLOG-003494,LINE-A,ORD-1405-0321,27,CONN-HDR-4P,LOT-202111,1405/04/06 13:16:00,2500,11,2489,EMP-002
FLOG-003495,LINE-B,ORD-1405-0322,16,DIO-LED-0603-GRN,LOT-409071,1405/04/06 07:00:00,10000,21,9979,EMP-006
FLOG-003496,LINE-B,ORD-1405-0322,60,RES-0201-10K,LOT-979516,1405/04/06 07:00:00,10000,22,9978,EMP-006
FLOG-003497,LINE-B,ORD-1405-0322,56,RES-0402-100R,LOT-802803,1405/04/06 07:00:00,5000,21,4979,EMP-006
FLOG-003498,LINE-B,ORD-1405-0322,18,IC-SOIC-OPAMP-DUAL,LOT-965075,1405/04/06 07:00:00,4000,24,3976,EMP-006
FLOG-003499,LINE-B,ORD-1405-0322,15,RES-0402-330R,LOT-930635,1405/04/06 07:00:00,2500,23,2477,EMP-006
FLOG-003500,LINE-B,ORD-1405-0322,40,RES-0201-1K,LOT-949973,1405/04/06 07:00:00,10000,23,9977,EMP-006
FLOG-003501,LINE-B,ORD-1405-0322,25,RES-0402-1K,LOT-300099,1405/04/06 07:00:00,2500,21,2479,EMP-006
FLOG-003502,LINE-B,ORD-1405-0322,27,CAP-0603-1uF,LOT-753543,1405/04/06 07:00:00,10000,23,9977,EMP-006
FLOG-003503,LINE-B,ORD-1405-0322,51,IC-SOIC-EEPROM-24C02,LOT-407224,1405/04/06 07:00:00,5000,21,4979,EMP-006
FLOG-003504,LINE-B,ORD-1405-0322,58,IC-SOIC-OPAMP-DUAL,LOT-631345,1405/04/06 07:00:00,10000,22,9978,EMP-006
FLOG-003505,LINE-B,ORD-1405-0322,55,RES-0201-100K,LOT-379912,1405/04/06 07:00:00,5000,23,4977,EMP-006
FLOG-003506,LINE-B,ORD-1405-0322,59,CAP-0603-22pF,LOT-430094,1405/04/06 07:00:00,4000,23,3977,EMP-006
FLOG-003507,LINE-B,ORD-1405-0322,12,IC-BGA-DDR3-2G,LOT-246714,1405/04/06 07:00:00,2500,22,2478,EMP-006
FLOG-003508,LINE-B,ORD-1405-0322,6,RES-0402-1K,LOT-142153,1405/04/06 07:00:00,10000,22,9978,EMP-006
FLOG-003509,LINE-B,ORD-1405-0322,10,CONN-HDR-2P,LOT-630946,1405/04/06 07:00:00,2500,22,2478,EMP-006
FLOG-003510,LINE-A,ORD-1405-0323,18,IC-SOIC-PMIC-BUCK1A,LOT-710749,1405/04/09 10:10:00,4000,112,3888,EMP-004
FLOG-003511,LINE-A,ORD-1405-0323,32,CAP-0603-22pF,LOT-394904,1405/04/09 10:10:00,2500,113,2387,EMP-004
FLOG-003512,LINE-A,ORD-1405-0323,44,DIO-1N4148,LOT-194835,1405/04/09 10:10:00,5000,116,4884,EMP-004
FLOG-003513,LINE-A,ORD-1405-0323,47,RES-0402-10R,LOT-209545,1405/04/09 10:10:00,4000,116,3884,EMP-004
FLOG-003514,LINE-A,ORD-1405-0323,21,CAP-0603-1uF,LOT-488980,1405/04/09 10:10:00,5000,120,4880,EMP-004
FLOG-003515,LINE-A,ORD-1405-0323,46,CAP-0603-100pF,LOT-365752,1405/04/09 10:10:00,4000,117,3883,EMP-004
FLOG-003516,LINE-B,ORD-1405-0324,17,RES-0402-22R,LOT-398259,1405/04/08 12:19:00,4000,107,3893,EMP-009
FLOG-003517,LINE-B,ORD-1405-0324,31,DIO-LED-0603-GRN,LOT-189199,1405/04/08 12:19:00,2500,108,2392,EMP-009
FLOG-003518,LINE-B,ORD-1405-0324,58,RES-0402-100K,LOT-127668,1405/04/08 12:19:00,4000,111,3889,EMP-009
FLOG-003519,LINE-B,ORD-1405-0324,4,IC-SOIC-MCU-STM32F1,LOT-609329,1405/04/08 12:19:00,10000,110,9890,EMP-009
FLOG-003520,LINE-B,ORD-1405-0324,43,CAP-0603-4.7uF,LOT-542892,1405/04/08 12:19:00,2500,109,2391,EMP-009
FLOG-003521,LINE-B,ORD-1405-0324,5,IC-SOIC-PMIC-BUCK1A,LOT-477888,1405/04/08 12:19:00,5000,107,4893,EMP-009
FLOG-003522,LINE-B,ORD-1405-0324,1,CAP-0603-100nF,LOT-910306,1405/04/08 12:19:00,2500,107,2393,EMP-009
FLOG-003523,LINE-B,ORD-1405-0324,23,RES-0402-330R,LOT-870136,1405/04/08 12:19:00,5000,106,4894,EMP-009
FLOG-003524,LINE-B,ORD-1405-0324,55,RES-0402-330R,LOT-270371,1405/04/08 12:19:00,5000,111,4889,EMP-009
FLOG-003525,LINE-B,ORD-1405-0324,57,CAP-0603-4.7uF,LOT-552800,1405/04/08 12:19:00,4000,113,3887,EMP-009
FLOG-003526,LINE-B,ORD-1405-0324,46,IC-SOIC-EEPROM-24C02,LOT-846184,1405/04/08 12:19:00,10000,112,9888,EMP-009
FLOG-003527,LINE-B,ORD-1405-0324,51,CONN-HDR-4P,LOT-427291,1405/04/08 12:19:00,2500,106,2394,EMP-009
FLOG-003528,LINE-A,ORD-1405-0325,36,DIO-1N4148,LOT-749551,1405/04/07 12:23:00,4000,17,3983,EMP-003
FLOG-003529,LINE-A,ORD-1405-0325,32,RES-0201-10K,LOT-123993,1405/04/07 12:23:00,5000,16,4984,EMP-003
FLOG-003530,LINE-A,ORD-1405-0325,20,RES-0402-330R,LOT-151907,1405/04/07 12:23:00,4000,15,3985,EMP-003
FLOG-003531,LINE-A,ORD-1405-0325,9,CAP-0603-10uF,LOT-920689,1405/04/07 12:23:00,4000,16,3984,EMP-003
FLOG-003532,LINE-A,ORD-1405-0325,54,DIO-LED-0603-RED,LOT-760996,1405/04/07 12:23:00,2500,16,2484,EMP-003
FLOG-003533,LINE-A,ORD-1405-0325,22,DIO-SS14,LOT-997965,1405/04/07 12:23:00,4000,15,3985,EMP-003
FLOG-003534,LINE-A,ORD-1405-0326,5,CAP-0201-10pF,LOT-710627,1405/04/08 14:29:00,2500,12,2488,EMP-003
FLOG-003535,LINE-A,ORD-1405-0326,23,IC-SOIC-OPAMP-DUAL,LOT-653903,1405/04/08 14:29:00,10000,12,9988,EMP-003
FLOG-003536,LINE-A,ORD-1405-0326,22,IC-SOIC-EEPROM-24C02,LOT-680778,1405/04/08 14:29:00,2500,11,2489,EMP-003
FLOG-003537,LINE-A,ORD-1405-0326,43,CAP-0603-1uF,LOT-988444,1405/04/08 14:29:00,10000,12,9988,EMP-003
FLOG-003538,LINE-A,ORD-1405-0326,12,RES-0201-47K,LOT-578191,1405/04/08 14:29:00,4000,12,3988,EMP-003
FLOG-003539,LINE-A,ORD-1405-0326,54,RES-0402-330R,LOT-679318,1405/04/08 14:29:00,5000,12,4988,EMP-003
FLOG-003540,LINE-A,ORD-1405-0326,3,CAP-0603-22pF,LOT-687587,1405/04/08 14:29:00,5000,11,4989,EMP-003
FLOG-003541,LINE-A,ORD-1405-0326,2,RES-0402-100R,LOT-103360,1405/04/08 14:29:00,10000,12,9988,EMP-003
FLOG-003542,LINE-A,ORD-1405-0326,27,RES-0402-10K,LOT-881074,1405/04/08 14:29:00,2500,11,2489,EMP-003
FLOG-003543,LINE-A,ORD-1405-0326,35,RES-0402-4K7,LOT-676695,1405/04/08 14:29:00,10000,11,9989,EMP-003
FLOG-003544,LINE-A,ORD-1405-0326,11,RES-0402-100K,LOT-384281,1405/04/08 14:29:00,10000,11,9989,EMP-003
FLOG-003545,LINE-A,ORD-1405-0326,8,CONN-HDR-4P,LOT-972447,1405/04/08 14:29:00,5000,11,4989,EMP-003
FLOG-003546,LINE-A,ORD-1405-0327,26,RES-0402-22R,LOT-511583,1405/04/06 11:19:00,4000,38,3962,EMP-004
FLOG-003547,LINE-A,ORD-1405-0327,9,RES-0402-4K7,LOT-566352,1405/04/06 11:19:00,5000,41,4959,EMP-004
FLOG-003548,LINE-A,ORD-1405-0327,52,IC-SOIC-PMIC-BUCK1A,LOT-621868,1405/04/06 11:19:00,4000,37,3963,EMP-004
FLOG-003549,LINE-A,ORD-1405-0327,40,IC-SOIC-PMIC-BUCK1A,LOT-917109,1405/04/06 11:19:00,10000,38,9962,EMP-004
FLOG-003550,LINE-A,ORD-1405-0327,10,CAP-0603-4.7uF,LOT-428379,1405/04/06 11:19:00,4000,37,3963,EMP-004
FLOG-003551,LINE-A,ORD-1405-0327,58,RES-0402-4K7,LOT-373094,1405/04/06 11:19:00,5000,42,4958,EMP-004
FLOG-003552,LINE-A,ORD-1405-0327,23,CAP-0201-100nF,LOT-416488,1405/04/06 11:19:00,5000,38,4962,EMP-004
FLOG-003553,LINE-A,ORD-1405-0327,7,RES-0402-100K,LOT-146646,1405/04/06 11:19:00,4000,41,3959,EMP-004
FLOG-003554,LINE-A,ORD-1405-0327,12,RES-0402-100R,LOT-767750,1405/04/06 11:19:00,10000,38,9962,EMP-004
FLOG-003555,LINE-A,ORD-1405-0327,53,CAP-0201-10pF,LOT-774728,1405/04/06 11:19:00,2500,41,2459,EMP-004
FLOG-003556,LINE-B,ORD-1405-0328,38,RES-0402-4K7,LOT-947419,1405/04/09 12:35:00,5000,19,4981,EMP-006
FLOG-003557,LINE-B,ORD-1405-0328,50,DIO-LED-0603-RED,LOT-758779,1405/04/09 12:35:00,10000,18,9982,EMP-006
FLOG-003558,LINE-B,ORD-1405-0328,37,DIO-SS14,LOT-318536,1405/04/09 12:35:00,2500,19,2481,EMP-006
FLOG-003559,LINE-B,ORD-1405-0328,24,IC-SOIC-OPAMP-DUAL,LOT-918114,1405/04/09 12:35:00,4000,20,3980,EMP-006
FLOG-003560,LINE-B,ORD-1405-0328,18,CAP-0201-100nF,LOT-819845,1405/04/09 12:35:00,2500,18,2482,EMP-006
FLOG-003561,LINE-B,ORD-1405-0328,42,IC-SOIC-TXRX-RS485,LOT-222456,1405/04/09 12:35:00,4000,19,3981,EMP-006
FLOG-003562,LINE-B,ORD-1405-0328,12,CONN-USB-C,LOT-331836,1405/04/09 12:35:00,5000,18,4982,EMP-006
FLOG-003563,LINE-B,ORD-1405-0329,30,IC-SOIC-MCU-STM32F1,LOT-563254,1405/04/10 14:00:00,5000,72,4928,EMP-008
FLOG-003564,LINE-B,ORD-1405-0329,21,IC-SOIC-PMIC-BUCK1A,LOT-990847,1405/04/10 14:00:00,5000,76,4924,EMP-008
FLOG-003565,LINE-B,ORD-1405-0329,3,DIO-LED-0603-RED,LOT-771603,1405/04/10 14:00:00,5000,77,4923,EMP-008
FLOG-003566,LINE-B,ORD-1405-0329,60,RES-0402-100K,LOT-195387,1405/04/10 14:00:00,4000,77,3923,EMP-008
FLOG-003567,LINE-B,ORD-1405-0329,44,RES-0201-1K,LOT-922394,1405/04/10 14:00:00,4000,76,3924,EMP-008
FLOG-003568,LINE-B,ORD-1405-0329,40,DIO-1N4148,LOT-879176,1405/04/10 14:00:00,5000,68,4932,EMP-008
FLOG-003569,LINE-A,ORD-1405-0330,56,CAP-0201-10pF,LOT-726273,1405/04/09 10:20:00,10000,60,9940,EMP-005
FLOG-003570,LINE-A,ORD-1405-0330,53,RES-0402-4K7,LOT-640182,1405/04/09 10:20:00,10000,63,9937,EMP-005
FLOG-003571,LINE-A,ORD-1405-0330,26,CAP-0201-10pF,LOT-414298,1405/04/09 10:20:00,2500,63,2437,EMP-005
FLOG-003572,LINE-A,ORD-1405-0330,15,RES-0402-4K7,LOT-464509,1405/04/09 10:20:00,2500,58,2442,EMP-005
FLOG-003573,LINE-A,ORD-1405-0330,49,IC-SOIC-OPAMP-DUAL,LOT-833343,1405/04/09 10:20:00,4000,63,3937,EMP-005
FLOG-003574,LINE-A,ORD-1405-0330,58,RES-0402-100K,LOT-624544,1405/04/09 10:20:00,2500,63,2437,EMP-005
FLOG-003575,LINE-A,ORD-1405-0330,48,CONN-HDR-4P,LOT-869983,1405/04/09 10:20:00,10000,62,9938,EMP-005
FLOG-003576,LINE-B,ORD-1405-0331,5,CAP-0603-22pF,LOT-348999,1405/04/10 08:02:00,10000,22,9978,EMP-007
FLOG-003577,LINE-B,ORD-1405-0331,9,RES-0402-22R,LOT-964273,1405/04/10 08:02:00,4000,23,3977,EMP-007
FLOG-003578,LINE-B,ORD-1405-0331,29,RES-0201-100K,LOT-434626,1405/04/10 08:02:00,2500,22,2478,EMP-007
FLOG-003579,LINE-B,ORD-1405-0331,4,RES-0402-4K7,LOT-941473,1405/04/10 08:02:00,2500,23,2477,EMP-007
FLOG-003580,LINE-B,ORD-1405-0331,35,IC-SOIC-PMIC-BUCK1A,LOT-690626,1405/04/10 08:02:00,4000,22,3978,EMP-007
FLOG-003581,LINE-B,ORD-1405-0331,27,RES-0201-1K,LOT-214467,1405/04/10 08:02:00,5000,22,4978,EMP-007
FLOG-003582,LINE-B,ORD-1405-0331,53,RES-0402-100R,LOT-157083,1405/04/10 08:02:00,4000,25,3975,EMP-007
FLOG-003583,LINE-B,ORD-1405-0331,28,RES-0402-4K7,LOT-867672,1405/04/10 08:02:00,5000,23,4977,EMP-007
FLOG-003584,LINE-B,ORD-1405-0331,45,RES-0402-10K,LOT-837527,1405/04/10 08:02:00,2500,22,2478,EMP-007
FLOG-003585,LINE-B,ORD-1405-0331,33,RES-0201-10K,LOT-617007,1405/04/10 08:02:00,4000,22,3978,EMP-007
FLOG-003586,LINE-B,ORD-1405-0331,19,DIO-LED-0603-RED,LOT-305707,1405/04/10 08:02:00,10000,23,9977,EMP-007
FLOG-003587,LINE-B,ORD-1405-0331,8,IC-BGA-SOC-IMX6,LOT-615979,1405/04/10 08:02:00,5000,22,4978,EMP-007
FLOG-003588,LINE-B,ORD-1405-0331,54,CONN-USB-C,LOT-254463,1405/04/10 08:02:00,2500,22,2478,EMP-007
FLOG-003589,LINE-B,ORD-1405-0332,45,CAP-0603-4.7uF,LOT-949295,1405/04/11 08:08:00,10000,122,9878,EMP-006
FLOG-003590,LINE-B,ORD-1405-0332,54,DIO-LED-0603-RED,LOT-488159,1405/04/11 08:08:00,2500,137,2363,EMP-006
FLOG-003591,LINE-B,ORD-1405-0332,33,RES-0402-1K,LOT-155193,1405/04/11 08:08:00,2500,134,2366,EMP-006
FLOG-003592,LINE-B,ORD-1405-0332,25,CAP-0603-100pF,LOT-411778,1405/04/11 08:08:00,4000,135,3865,EMP-006
FLOG-003593,LINE-B,ORD-1405-0332,23,RES-0201-100K,LOT-857350,1405/04/11 08:08:00,4000,127,3873,EMP-006
FLOG-003594,LINE-B,ORD-1405-0332,2,RES-0402-4K7,LOT-212997,1405/04/11 08:08:00,4000,137,3863,EMP-006
FLOG-003595,LINE-B,ORD-1405-0332,40,DIO-SS14,LOT-524689,1405/04/11 08:08:00,4000,137,3863,EMP-006
FLOG-003596,LINE-B,ORD-1405-0332,28,CAP-0603-1uF,LOT-904164,1405/04/11 08:08:00,10000,130,9870,EMP-006
FLOG-003597,LINE-B,ORD-1405-0332,31,IC-BGA-DDR3-2G,LOT-819709,1405/04/11 08:08:00,4000,134,3866,EMP-006
FLOG-003598,LINE-B,ORD-1405-0332,14,RES-0402-100R,LOT-553489,1405/04/11 08:08:00,5000,120,4880,EMP-006
FLOG-003599,LINE-B,ORD-1405-0332,37,CONN-USB-C,LOT-296240,1405/04/11 08:08:00,2500,126,2374,EMP-006
FLOG-003600,LINE-B,ORD-1405-0333,56,RES-0201-100K,LOT-845314,1405/04/13 07:00:00,5000,137,4863,EMP-008
FLOG-003601,LINE-B,ORD-1405-0333,22,CAP-0603-4.7uF,LOT-386295,1405/04/13 07:00:00,10000,127,9873,EMP-008
FLOG-003602,LINE-B,ORD-1405-0333,26,CAP-0603-100pF,LOT-479070,1405/04/13 07:00:00,2500,123,2377,EMP-008
FLOG-003603,LINE-B,ORD-1405-0333,14,IC-SOIC-OPAMP-DUAL,LOT-105538,1405/04/13 07:00:00,4000,132,3868,EMP-008
FLOG-003604,LINE-B,ORD-1405-0333,51,RES-0201-100K,LOT-629663,1405/04/13 07:00:00,2500,132,2368,EMP-008
FLOG-003605,LINE-B,ORD-1405-0333,16,RES-0201-1K,LOT-695822,1405/04/13 07:00:00,4000,125,3875,EMP-008
FLOG-003606,LINE-B,ORD-1405-0333,12,CAP-0603-1uF,LOT-112872,1405/04/13 07:00:00,2500,129,2371,EMP-008
FLOG-003607,LINE-B,ORD-1405-0333,57,CAP-0603-22pF,LOT-302054,1405/04/13 07:00:00,2500,131,2369,EMP-008
FLOG-003608,LINE-B,ORD-1405-0333,37,CAP-0603-100pF,LOT-791556,1405/04/13 07:00:00,4000,136,3864,EMP-008
FLOG-003609,LINE-B,ORD-1405-0333,8,IC-SOIC-OPAMP-DUAL,LOT-900879,1405/04/13 07:00:00,2500,128,2372,EMP-008
FLOG-003610,LINE-B,ORD-1405-0333,21,DIO-LED-0603-RED,LOT-169063,1405/04/13 07:00:00,4000,122,3878,EMP-008
FLOG-003611,LINE-B,ORD-1405-0333,38,RES-0402-10R,LOT-933593,1405/04/13 07:00:00,2500,126,2374,EMP-008
FLOG-003612,LINE-B,ORD-1405-0334,14,RES-0201-47K,LOT-772544,1405/04/11 12:08:00,5000,15,4985,EMP-009
FLOG-003613,LINE-B,ORD-1405-0334,49,RES-0402-100R,LOT-160710,1405/04/11 12:08:00,10000,14,9986,EMP-009
FLOG-003614,LINE-B,ORD-1405-0334,35,CAP-0603-1uF,LOT-526294,1405/04/11 12:08:00,4000,14,3986,EMP-009
FLOG-003615,LINE-B,ORD-1405-0334,10,RES-0402-4K7,LOT-840028,1405/04/11 12:08:00,10000,15,9985,EMP-009
FLOG-003616,LINE-B,ORD-1405-0334,30,IC-SOIC-OPAMP-DUAL,LOT-574112,1405/04/11 12:08:00,4000,14,3986,EMP-009
FLOG-003617,LINE-B,ORD-1405-0334,57,RES-0402-22R,LOT-504301,1405/04/11 12:08:00,4000,15,3985,EMP-009
FLOG-003618,LINE-B,ORD-1405-0334,37,IC-SOIC-MCU-STM32F1,LOT-341427,1405/04/11 12:08:00,4000,14,3986,EMP-009
FLOG-003619,LINE-B,ORD-1405-0334,4,RES-0201-100K,LOT-197140,1405/04/11 12:08:00,5000,15,4985,EMP-009
FLOG-003620,LINE-B,ORD-1405-0334,26,RES-0402-22R,LOT-193939,1405/04/11 12:08:00,2500,15,2485,EMP-009
FLOG-003621,LINE-B,ORD-1405-0334,11,IC-SOIC-OPAMP-DUAL,LOT-619896,1405/04/11 12:08:00,5000,14,4986,EMP-009
FLOG-003622,LINE-B,ORD-1405-0334,9,CAP-0603-1uF,LOT-107320,1405/04/11 12:08:00,10000,14,9986,EMP-009
FLOG-003623,LINE-B,ORD-1405-0334,38,RES-0201-100K,LOT-599949,1405/04/11 12:08:00,2500,14,2486,EMP-009
FLOG-003624,LINE-B,ORD-1405-0334,2,CAP-0201-10pF,LOT-546439,1405/04/11 12:08:00,2500,15,2485,EMP-009
FLOG-003625,LINE-A,ORD-1405-0335,41,IC-SOIC-MCU-STM32F1,LOT-711235,1405/04/13 07:00:00,10000,20,9980,EMP-002
FLOG-003626,LINE-A,ORD-1405-0335,30,RES-0402-1K,LOT-818705,1405/04/13 07:00:00,2500,21,2479,EMP-002
FLOG-003627,LINE-A,ORD-1405-0335,8,RES-0402-100R,LOT-873071,1405/04/13 07:00:00,5000,20,4980,EMP-002
FLOG-003628,LINE-A,ORD-1405-0335,22,CAP-0603-1uF,LOT-192249,1405/04/13 07:00:00,4000,20,3980,EMP-002
FLOG-003629,LINE-A,ORD-1405-0335,28,CAP-0603-22pF,LOT-976497,1405/04/13 07:00:00,4000,19,3981,EMP-002
FLOG-003630,LINE-A,ORD-1405-0335,25,DIO-LED-0603-RED,LOT-231771,1405/04/13 07:00:00,2500,20,2480,EMP-002
FLOG-003631,LINE-A,ORD-1405-0335,44,RES-0402-10K,LOT-894537,1405/04/13 07:00:00,4000,19,3981,EMP-002
FLOG-003632,LINE-A,ORD-1405-0335,48,RES-0402-1K,LOT-284442,1405/04/13 07:00:00,2500,20,2480,EMP-002
FLOG-003633,LINE-A,ORD-1405-0335,47,CAP-0603-22pF,LOT-898687,1405/04/13 07:00:00,2500,21,2479,EMP-002
FLOG-003634,LINE-A,ORD-1405-0335,13,RES-0201-1K,LOT-741814,1405/04/13 07:00:00,4000,21,3979,EMP-002
FLOG-003635,LINE-A,ORD-1405-0335,34,RES-0402-22R,LOT-866190,1405/04/13 07:00:00,2500,19,2481,EMP-002
FLOG-003636,LINE-A,ORD-1405-0335,17,RES-0402-100R,LOT-484555,1405/04/13 07:00:00,2500,21,2479,EMP-002
FLOG-003637,LINE-A,ORD-1405-0335,29,CONN-HDR-2P,LOT-488961,1405/04/13 07:00:00,5000,20,4980,EMP-002
FLOG-003638,LINE-B,ORD-1405-0336,5,CAP-0201-10pF,LOT-987747,1405/04/14 08:57:00,5000,17,4983,EMP-007
FLOG-003639,LINE-B,ORD-1405-0336,9,RES-0402-100R,LOT-525186,1405/04/14 08:57:00,5000,18,4982,EMP-007
FLOG-003640,LINE-B,ORD-1405-0336,35,IC-SOIC-EEPROM-24C02,LOT-687017,1405/04/14 08:57:00,2500,16,2484,EMP-007
FLOG-003641,LINE-B,ORD-1405-0336,2,CAP-0201-10pF,LOT-765088,1405/04/14 08:57:00,5000,16,4984,EMP-007
FLOG-003642,LINE-B,ORD-1405-0336,30,IC-SOIC-OPAMP-DUAL,LOT-669521,1405/04/14 08:57:00,2500,16,2484,EMP-007
FLOG-003643,LINE-B,ORD-1405-0336,43,CAP-0603-22pF,LOT-540081,1405/04/14 08:57:00,2500,16,2484,EMP-007
FLOG-003644,LINE-B,ORD-1405-0336,58,IC-SOIC-MCU-ATMEGA328,LOT-945042,1405/04/14 08:57:00,4000,17,3983,EMP-007
FLOG-003645,LINE-B,ORD-1405-0336,39,IC-SOIC-MCU-ATMEGA328,LOT-315619,1405/04/14 08:57:00,4000,16,3984,EMP-007
FLOG-003646,LINE-B,ORD-1405-0336,10,CAP-0603-4.7uF,LOT-849389,1405/04/14 08:57:00,2500,16,2484,EMP-007
FLOG-003647,LINE-B,ORD-1405-0336,38,RES-0402-10K,LOT-484279,1405/04/14 08:57:00,4000,17,3983,EMP-007
FLOG-003648,LINE-B,ORD-1405-0336,18,CONN-TERM-BLOCK-3P,LOT-994686,1405/04/14 08:57:00,4000,16,3984,EMP-007
FLOG-003649,LINE-A,ORD-1405-0337,30,RES-0402-10K,LOT-950599,1405/04/13 07:00:00,5000,34,4966,EMP-001
FLOG-003650,LINE-A,ORD-1405-0337,28,CAP-0603-100nF,LOT-179381,1405/04/13 07:00:00,4000,35,3965,EMP-001
FLOG-003651,LINE-A,ORD-1405-0337,31,CAP-0603-4.7uF,LOT-937885,1405/04/13 07:00:00,2500,31,2469,EMP-001
FLOG-003652,LINE-A,ORD-1405-0337,59,RES-0402-10K,LOT-669718,1405/04/13 07:00:00,10000,34,9966,EMP-001
FLOG-003653,LINE-A,ORD-1405-0337,10,IC-SOIC-EEPROM-24C02,LOT-622368,1405/04/13 07:00:00,10000,31,9969,EMP-001
FLOG-003654,LINE-A,ORD-1405-0337,47,CAP-0603-4.7uF,LOT-707286,1405/04/13 07:00:00,2500,33,2467,EMP-001
FLOG-003655,LINE-A,ORD-1405-0337,52,RES-0402-1K,LOT-942454,1405/04/13 07:00:00,10000,35,9965,EMP-001
FLOG-003656,LINE-A,ORD-1405-0337,45,RES-0402-100K,LOT-330789,1405/04/13 07:00:00,4000,34,3966,EMP-001
FLOG-003657,LINE-A,ORD-1405-0337,11,CAP-0603-4.7uF,LOT-445114,1405/04/13 07:00:00,5000,32,4968,EMP-001
FLOG-003658,LINE-A,ORD-1405-0337,3,RES-0402-330R,LOT-485734,1405/04/13 07:00:00,4000,31,3969,EMP-001
FLOG-003659,LINE-A,ORD-1405-0337,58,CAP-0201-10pF,LOT-509862,1405/04/13 07:00:00,5000,35,4965,EMP-001
FLOG-003660,LINE-A,ORD-1405-0337,19,RES-0402-330R,LOT-589542,1405/04/13 07:00:00,2500,34,2466,EMP-001
FLOG-003661,LINE-A,ORD-1405-0337,17,CONN-HDR-4P,LOT-983280,1405/04/13 07:00:00,4000,32,3968,EMP-001
FLOG-003662,LINE-A,ORD-1405-0338,52,DIO-SS14,LOT-145181,1405/04/14 13:05:00,2500,156,2344,EMP-004
FLOG-003663,LINE-A,ORD-1405-0338,47,IC-SOIC-OPAMP-DUAL,LOT-627353,1405/04/14 13:05:00,4000,141,3859,EMP-004
FLOG-003664,LINE-A,ORD-1405-0338,24,CAP-0603-100nF,LOT-443778,1405/04/14 13:05:00,4000,144,3856,EMP-004
FLOG-003665,LINE-A,ORD-1405-0338,6,CAP-0201-10pF,LOT-225606,1405/04/14 13:05:00,4000,144,3856,EMP-004
FLOG-003666,LINE-A,ORD-1405-0338,4,CAP-0603-4.7uF,LOT-503785,1405/04/14 13:05:00,2500,139,2361,EMP-004
FLOG-003667,LINE-A,ORD-1405-0338,59,RES-0201-100K,LOT-662101,1405/04/14 13:05:00,2500,143,2357,EMP-004
FLOG-003668,LINE-A,ORD-1405-0338,35,RES-0402-10K,LOT-545113,1405/04/14 13:05:00,5000,156,4844,EMP-004
FLOG-003669,LINE-A,ORD-1405-0338,28,RES-0402-330R,LOT-106967,1405/04/14 13:05:00,2500,153,2347,EMP-004
FLOG-003670,LINE-A,ORD-1405-0338,53,RES-0201-10K,LOT-619550,1405/04/14 13:05:00,4000,148,3852,EMP-004
FLOG-003671,LINE-A,ORD-1405-0338,14,RES-0402-4K7,LOT-838558,1405/04/14 13:05:00,10000,140,9860,EMP-004
FLOG-003672,LINE-A,ORD-1405-0338,60,RES-0402-1K,LOT-432712,1405/04/14 13:05:00,2500,137,2363,EMP-004
FLOG-003673,LINE-A,ORD-1405-0338,19,IC-SOIC-MCU-STM32F1,LOT-635160,1405/04/14 13:05:00,5000,142,4858,EMP-004
FLOG-003674,LINE-A,ORD-1405-0338,48,CONN-HDR-2P,LOT-853846,1405/04/14 13:05:00,10000,142,9858,EMP-004
FLOG-003675,LINE-A,ORD-1405-0339,46,RES-0402-4K7,LOT-139844,1405/04/13 09:17:00,2500,45,2455,EMP-005
FLOG-003676,LINE-A,ORD-1405-0339,8,RES-0201-1K,LOT-995009,1405/04/13 09:17:00,10000,45,9955,EMP-005
FLOG-003677,LINE-A,ORD-1405-0339,45,CAP-0603-4.7uF,LOT-198660,1405/04/13 09:17:00,5000,41,4959,EMP-005
FLOG-003678,LINE-A,ORD-1405-0339,3,IC-SOIC-EEPROM-24C02,LOT-401916,1405/04/13 09:17:00,4000,42,3958,EMP-005
FLOG-003679,LINE-A,ORD-1405-0339,16,RES-0201-100K,LOT-572596,1405/04/13 09:17:00,2500,42,2458,EMP-005
FLOG-003680,LINE-A,ORD-1405-0339,15,CAP-0201-100nF,LOT-240078,1405/04/13 09:17:00,10000,40,9960,EMP-005
FLOG-003681,LINE-A,ORD-1405-0339,2,CONN-HDR-2P,LOT-653849,1405/04/13 09:17:00,5000,42,4958,EMP-005
FLOG-003682,LINE-B,ORD-1405-0340,1,RES-0402-22R,LOT-948872,1405/04/16 10:25:00,5000,13,4987,EMP-006
FLOG-003683,LINE-B,ORD-1405-0340,54,RES-0402-4K7,LOT-484953,1405/04/16 10:25:00,4000,14,3986,EMP-006
FLOG-003684,LINE-B,ORD-1405-0340,6,RES-0402-10R,LOT-509549,1405/04/16 10:25:00,5000,14,4986,EMP-006
FLOG-003685,LINE-B,ORD-1405-0340,51,IC-SOIC-TXRX-RS485,LOT-820081,1405/04/16 10:25:00,5000,13,4987,EMP-006
FLOG-003686,LINE-B,ORD-1405-0340,9,RES-0201-10K,LOT-983711,1405/04/16 10:25:00,2500,14,2486,EMP-006
FLOG-003687,LINE-B,ORD-1405-0340,33,RES-0201-1K,LOT-681774,1405/04/16 10:25:00,4000,14,3986,EMP-006
FLOG-003688,LINE-B,ORD-1405-0340,59,CAP-0201-10pF,LOT-310166,1405/04/16 10:25:00,10000,13,9987,EMP-006
FLOG-003689,LINE-B,ORD-1405-0340,31,DIO-LED-0603-GRN,LOT-344414,1405/04/16 10:25:00,10000,14,9986,EMP-006
FLOG-003690,LINE-B,ORD-1405-0340,21,IC-SOIC-MCU-ATMEGA328,LOT-502825,1405/04/16 10:25:00,2500,14,2486,EMP-006
FLOG-003691,LINE-B,ORD-1405-0340,43,CAP-0603-100nF,LOT-422746,1405/04/16 10:25:00,4000,14,3986,EMP-006
FLOG-003692,LINE-B,ORD-1405-0340,19,RES-0402-4K7,LOT-178086,1405/04/16 10:25:00,4000,13,3987,EMP-006
FLOG-003693,LINE-A,ORD-1405-0341,27,IC-SOIC-OPAMP-DUAL,LOT-832163,1405/04/14 12:07:00,2500,55,2445,EMP-002
FLOG-003694,LINE-A,ORD-1405-0341,36,RES-0402-330R,LOT-728912,1405/04/14 12:07:00,4000,60,3940,EMP-002
FLOG-003695,LINE-A,ORD-1405-0341,24,DIO-LED-0603-RED,LOT-982538,1405/04/14 12:07:00,4000,62,3938,EMP-002
FLOG-003696,LINE-A,ORD-1405-0341,57,CAP-0603-10uF,LOT-352955,1405/04/14 12:07:00,5000,58,4942,EMP-002
FLOG-003697,LINE-A,ORD-1405-0341,5,IC-SOIC-EEPROM-24C02,LOT-264873,1405/04/14 12:07:00,10000,55,9945,EMP-002
FLOG-003698,LINE-A,ORD-1405-0341,20,IC-SOIC-EEPROM-24C02,LOT-838631,1405/04/14 12:07:00,2500,61,2439,EMP-002
FLOG-003699,LINE-A,ORD-1405-0341,48,IC-SOIC-PMIC-BUCK1A,LOT-807472,1405/04/14 12:07:00,10000,61,9939,EMP-002
FLOG-003700,LINE-A,ORD-1405-0341,38,CAP-0603-100nF,LOT-951840,1405/04/14 12:07:00,4000,59,3941,EMP-002
FLOG-003701,LINE-A,ORD-1405-0341,41,RES-0402-100R,LOT-571480,1405/04/14 12:07:00,2500,62,2438,EMP-002
FLOG-003702,LINE-A,ORD-1405-0341,23,CAP-0201-100nF,LOT-765398,1405/04/14 12:07:00,10000,57,9943,EMP-002
FLOG-003703,LINE-A,ORD-1405-0342,15,CAP-0603-100nF,LOT-525947,1405/04/15 13:41:00,5000,13,4987,EMP-005
FLOG-003704,LINE-A,ORD-1405-0342,23,RES-0402-4K7,LOT-655188,1405/04/15 13:41:00,10000,12,9988,EMP-005
FLOG-003705,LINE-A,ORD-1405-0342,53,DIO-1N4148,LOT-275524,1405/04/15 13:41:00,10000,12,9988,EMP-005
FLOG-003706,LINE-A,ORD-1405-0342,21,RES-0402-22R,LOT-540481,1405/04/15 13:41:00,10000,12,9988,EMP-005
FLOG-003707,LINE-A,ORD-1405-0342,17,IC-SOIC-OPAMP-DUAL,LOT-639237,1405/04/15 13:41:00,10000,13,9987,EMP-005
FLOG-003708,LINE-A,ORD-1405-0342,49,IC-SOIC-MCU-STM32F1,LOT-534980,1405/04/15 13:41:00,5000,12,4988,EMP-005
FLOG-003709,LINE-A,ORD-1405-0342,29,CAP-0201-100nF,LOT-754986,1405/04/15 13:41:00,5000,12,4988,EMP-005
FLOG-003710,LINE-A,ORD-1405-0342,2,RES-0402-1K,LOT-227888,1405/04/15 13:41:00,4000,13,3987,EMP-005
FLOG-003711,LINE-A,ORD-1405-0342,37,RES-0402-10R,LOT-427047,1405/04/15 13:41:00,4000,13,3987,EMP-005
FLOG-003712,LINE-B,ORD-1405-0343,4,RES-0402-330R,LOT-467931,1405/04/17 11:39:00,5000,54,4946,EMP-010
FLOG-003713,LINE-B,ORD-1405-0343,19,RES-0201-100K,LOT-530032,1405/04/17 11:39:00,2500,50,2450,EMP-010
FLOG-003714,LINE-B,ORD-1405-0343,28,RES-0402-1K,LOT-291095,1405/04/17 11:39:00,10000,52,9948,EMP-010
FLOG-003715,LINE-B,ORD-1405-0343,33,RES-0402-4K7,LOT-142347,1405/04/17 11:39:00,4000,57,3943,EMP-010
FLOG-003716,LINE-B,ORD-1405-0343,46,IC-SOIC-OPAMP-DUAL,LOT-475034,1405/04/17 11:39:00,10000,52,9948,EMP-010
FLOG-003717,LINE-B,ORD-1405-0343,14,CAP-0603-4.7uF,LOT-257567,1405/04/17 11:39:00,10000,56,9944,EMP-010
FLOG-003718,LINE-B,ORD-1405-0343,15,CAP-0603-22pF,LOT-756356,1405/04/17 11:39:00,4000,54,3946,EMP-010
FLOG-003719,LINE-B,ORD-1405-0343,48,DIO-SS14,LOT-939953,1405/04/17 11:39:00,10000,53,9947,EMP-010
FLOG-003720,LINE-B,ORD-1405-0343,53,DIO-1N4148,LOT-659320,1405/04/17 11:39:00,2500,50,2450,EMP-010
FLOG-003721,LINE-B,ORD-1405-0343,38,DIO-SS14,LOT-623599,1405/04/17 11:39:00,5000,54,4946,EMP-010
FLOG-003722,LINE-B,ORD-1405-0343,31,RES-0402-1K,LOT-506475,1405/04/17 11:39:00,5000,54,4946,EMP-010
FLOG-003723,LINE-B,ORD-1405-0343,9,DIO-LED-0603-RED,LOT-329012,1405/04/17 11:39:00,10000,55,9945,EMP-010
FLOG-003724,LINE-B,ORD-1405-0343,8,CAP-0603-22pF,LOT-129963,1405/04/17 11:39:00,5000,56,4944,EMP-010
FLOG-003725,LINE-B,ORD-1405-0343,29,DIO-LED-0603-GRN,LOT-777926,1405/04/17 11:39:00,2500,56,2444,EMP-010
FLOG-003726,LINE-B,ORD-1405-0343,56,RES-0402-10R,LOT-570589,1405/04/17 11:39:00,2500,57,2443,EMP-010
FLOG-003727,LINE-B,ORD-1405-0343,1,CONN-HDR-2P,LOT-946767,1405/04/17 11:39:00,2500,51,2449,EMP-010
FLOG-003728,LINE-A,ORD-1405-0344,53,CAP-0603-22pF,LOT-942339,1405/04/20 07:00:00,5000,164,4836,EMP-003
FLOG-003729,LINE-A,ORD-1405-0344,7,CAP-0201-10pF,LOT-756062,1405/04/20 07:00:00,5000,159,4841,EMP-003
FLOG-003730,LINE-A,ORD-1405-0344,23,RES-0402-330R,LOT-181628,1405/04/20 07:00:00,10000,154,9846,EMP-003
FLOG-003731,LINE-A,ORD-1405-0344,8,RES-0201-47K,LOT-797253,1405/04/20 07:00:00,10000,147,9853,EMP-003
FLOG-003732,LINE-A,ORD-1405-0344,49,RES-0402-10R,LOT-668836,1405/04/20 07:00:00,4000,162,3838,EMP-003
FLOG-003733,LINE-A,ORD-1405-0344,36,RES-0402-10R,LOT-331297,1405/04/20 07:00:00,2500,161,2339,EMP-003
FLOG-003734,LINE-A,ORD-1405-0344,40,IC-BGA-DDR3-2G,LOT-168849,1405/04/20 07:00:00,10000,145,9855,EMP-003
FLOG-003735,LINE-A,ORD-1405-0344,37,RES-0402-10R,LOT-672211,1405/04/20 07:00:00,10000,159,9841,EMP-003
FLOG-003736,LINE-A,ORD-1405-0344,11,CONN-USB-C,LOT-376035,1405/04/20 07:00:00,2500,151,2349,EMP-003
FLOG-003737,LINE-B,ORD-1405-0345,28,DIO-1N4148,LOT-969064,1405/04/16 09:56:00,5000,27,4973,EMP-008
FLOG-003738,LINE-B,ORD-1405-0345,5,CAP-0603-22pF,LOT-810687,1405/04/16 09:56:00,5000,28,4972,EMP-008
FLOG-003739,LINE-B,ORD-1405-0345,2,CAP-0201-10pF,LOT-692995,1405/04/16 09:56:00,4000,28,3972,EMP-008
FLOG-003740,LINE-B,ORD-1405-0345,25,IC-SOIC-MCU-STM32F1,LOT-159977,1405/04/16 09:56:00,10000,26,9974,EMP-008
FLOG-003741,LINE-B,ORD-1405-0345,45,CAP-0603-22pF,LOT-774207,1405/04/16 09:56:00,4000,25,3975,EMP-008
FLOG-003742,LINE-B,ORD-1405-0345,49,CAP-0603-100pF,LOT-753791,1405/04/16 09:56:00,5000,27,4973,EMP-008
FLOG-003743,LINE-B,ORD-1405-0345,16,CAP-0201-100nF,LOT-734575,1405/04/16 09:56:00,10000,26,9974,EMP-008
FLOG-003744,LINE-B,ORD-1405-0345,42,RES-0402-10K,LOT-751280,1405/04/16 09:56:00,10000,26,9974,EMP-008
FLOG-003745,LINE-B,ORD-1405-0345,26,CONN-TERM-BLOCK-3P,LOT-300943,1405/04/16 09:56:00,2500,28,2472,EMP-008
FLOG-003746,LINE-A,ORD-1405-0346,6,RES-0402-330R,LOT-656350,1405/04/20 14:22:00,4000,386,3614,EMP-002
FLOG-003747,LINE-A,ORD-1405-0346,42,RES-0402-330R,LOT-261673,1405/04/20 14:22:00,4000,396,3604,EMP-002
FLOG-003748,LINE-A,ORD-1405-0346,46,IC-SOIC-OPAMP-DUAL,LOT-903415,1405/04/20 14:22:00,4000,384,3616,EMP-002
FLOG-003749,LINE-A,ORD-1405-0346,7,DIO-LED-0603-GRN,LOT-146421,1405/04/20 14:22:00,2500,398,2102,EMP-002
FLOG-003750,LINE-A,ORD-1405-0346,53,DIO-1N4148,LOT-448292,1405/04/20 14:22:00,10000,414,9586,EMP-002
FLOG-003751,LINE-A,ORD-1405-0346,39,DIO-LED-0603-GRN,LOT-726804,1405/04/20 14:22:00,4000,388,3612,EMP-002
FLOG-003752,LINE-A,ORD-1405-0346,4,DIO-1N4148,LOT-537445,1405/04/20 14:22:00,2500,396,2104,EMP-002
FLOG-003753,LINE-A,ORD-1405-0346,21,IC-SOIC-MCU-STM32F1,LOT-160014,1405/04/20 14:22:00,2500,421,2079,EMP-002
FLOG-003754,LINE-A,ORD-1405-0346,44,RES-0402-4K7,LOT-985619,1405/04/20 14:22:00,4000,401,3599,EMP-002
FLOG-003755,LINE-A,ORD-1405-0346,5,CAP-0603-4.7uF,LOT-615853,1405/04/20 14:22:00,10000,412,9588,EMP-002
FLOG-003756,LINE-A,ORD-1405-0346,10,RES-0402-10K,LOT-409097,1405/04/20 14:22:00,2500,418,2082,EMP-002
FLOG-003757,LINE-A,ORD-1405-0346,25,IC-SOIC-MCU-ATMEGA328,LOT-167038,1405/04/20 14:22:00,10000,432,9568,EMP-002
FLOG-003758,LINE-A,ORD-1405-0346,24,IC-SOIC-OPAMP-DUAL,LOT-111752,1405/04/20 14:22:00,10000,394,9606,EMP-002
FLOG-003759,LINE-A,ORD-1405-0346,30,RES-0402-10R,LOT-318886,1405/04/20 14:22:00,5000,394,4606,EMP-002
FLOG-003760,LINE-A,ORD-1405-0346,60,CONN-HDR-4P,LOT-408070,1405/04/20 14:22:00,10000,435,9565,EMP-002
FLOG-003761,LINE-B,ORD-1405-0347,8,DIO-LED-0603-GRN,LOT-469999,1405/04/20 07:00:00,4000,15,3985,EMP-007
FLOG-003762,LINE-B,ORD-1405-0347,26,CAP-0201-10pF,LOT-770143,1405/04/20 07:00:00,2500,15,2485,EMP-007
FLOG-003763,LINE-B,ORD-1405-0347,9,RES-0402-22R,LOT-486257,1405/04/20 07:00:00,5000,14,4986,EMP-007
FLOG-003764,LINE-B,ORD-1405-0347,43,IC-SOIC-TXRX-RS485,LOT-772053,1405/04/20 07:00:00,4000,14,3986,EMP-007
FLOG-003765,LINE-B,ORD-1405-0347,47,RES-0402-10K,LOT-798082,1405/04/20 07:00:00,5000,15,4985,EMP-007
FLOG-003766,LINE-B,ORD-1405-0347,20,RES-0402-10K,LOT-439387,1405/04/20 07:00:00,5000,14,4986,EMP-007
FLOG-003767,LINE-B,ORD-1405-0347,45,RES-0402-330R,LOT-648192,1405/04/20 07:00:00,2500,14,2486,EMP-007
FLOG-003768,LINE-B,ORD-1405-0347,14,RES-0402-10K,LOT-973955,1405/04/20 07:00:00,5000,14,4986,EMP-007
FLOG-003769,LINE-B,ORD-1405-0347,11,RES-0402-100K,LOT-274511,1405/04/20 07:00:00,4000,14,3986,EMP-007
FLOG-003770,LINE-B,ORD-1405-0347,30,RES-0402-10K,LOT-394048,1405/04/20 07:00:00,2500,14,2486,EMP-007
FLOG-003771,LINE-B,ORD-1405-0347,21,CONN-HDR-2P,LOT-645624,1405/04/20 07:00:00,10000,15,9985,EMP-007
FLOG-003772,LINE-A,ORD-1405-0348,15,RES-0402-100K,LOT-729658,1405/04/17 11:33:00,2500,226,2274,EMP-003
FLOG-003773,LINE-A,ORD-1405-0348,5,RES-0402-22R,LOT-627093,1405/04/17 11:33:00,5000,219,4781,EMP-003
FLOG-003774,LINE-A,ORD-1405-0348,10,IC-SOIC-MCU-ATMEGA328,LOT-955832,1405/04/17 11:33:00,2500,242,2258,EMP-003
FLOG-003775,LINE-A,ORD-1405-0348,50,RES-0201-1K,LOT-227602,1405/04/17 11:33:00,4000,242,3758,EMP-003
FLOG-003776,LINE-A,ORD-1405-0348,22,CAP-0603-100pF,LOT-494691,1405/04/17 11:33:00,5000,232,4768,EMP-003
FLOG-003777,LINE-A,ORD-1405-0348,2,DIO-LED-0603-GRN,LOT-241367,1405/04/17 11:33:00,5000,242,4758,EMP-003
FLOG-003778,LINE-A,ORD-1405-0348,27,IC-SOIC-EEPROM-24C02,LOT-788420,1405/04/17 11:33:00,4000,250,3750,EMP-003
FLOG-003779,LINE-A,ORD-1405-0349,22,CAP-0201-100nF,LOT-397435,1405/04/17 09:33:00,5000,45,4955,EMP-005
FLOG-003780,LINE-A,ORD-1405-0349,16,DIO-LED-0603-RED,LOT-441264,1405/04/17 09:33:00,4000,47,3953,EMP-005
FLOG-003781,LINE-A,ORD-1405-0349,29,RES-0201-100K,LOT-599039,1405/04/17 09:33:00,4000,42,3958,EMP-005
FLOG-003782,LINE-A,ORD-1405-0349,52,CAP-0201-100nF,LOT-502240,1405/04/17 09:33:00,10000,46,9954,EMP-005
FLOG-003783,LINE-A,ORD-1405-0349,50,CAP-0603-22pF,LOT-157253,1405/04/17 09:33:00,10000,43,9957,EMP-005
FLOG-003784,LINE-A,ORD-1405-0349,31,IC-SOIC-EEPROM-24C02,LOT-743146,1405/04/17 09:33:00,4000,43,3957,EMP-005
FLOG-003785,LINE-A,ORD-1405-0349,21,RES-0402-100K,LOT-159719,1405/04/17 09:33:00,10000,46,9954,EMP-005
FLOG-003786,LINE-A,ORD-1405-0349,19,CAP-0603-10uF,LOT-775916,1405/04/17 09:33:00,2500,47,2453,EMP-005
FLOG-003787,LINE-A,ORD-1405-0349,3,CAP-0603-1uF,LOT-911135,1405/04/17 09:33:00,4000,47,3953,EMP-005
FLOG-003788,LINE-A,ORD-1405-0349,11,CONN-USB-C,LOT-582773,1405/04/17 09:33:00,2500,42,2458,EMP-005
FLOG-003789,LINE-A,ORD-1405-0350,55,CAP-0603-4.7uF,LOT-878810,1405/04/20 13:15:00,2500,16,2484,EMP-003
FLOG-003790,LINE-A,ORD-1405-0350,14,CAP-0603-100pF,LOT-110568,1405/04/20 13:15:00,5000,16,4984,EMP-003
FLOG-003791,LINE-A,ORD-1405-0350,26,DIO-1N4148,LOT-173915,1405/04/20 13:15:00,4000,17,3983,EMP-003
FLOG-003792,LINE-A,ORD-1405-0350,7,CAP-0603-10uF,LOT-149377,1405/04/20 13:15:00,5000,16,4984,EMP-003
FLOG-003793,LINE-A,ORD-1405-0350,56,CAP-0201-10pF,LOT-285418,1405/04/20 13:15:00,10000,17,9983,EMP-003
FLOG-003794,LINE-A,ORD-1405-0350,6,RES-0402-100K,LOT-653210,1405/04/20 13:15:00,2500,15,2485,EMP-003
FLOG-003795,LINE-A,ORD-1405-0350,42,IC-SOIC-EEPROM-24C02,LOT-933627,1405/04/20 13:15:00,5000,16,4984,EMP-003
FLOG-003796,LINE-A,ORD-1405-0350,30,CONN-TERM-BLOCK-3P,LOT-548507,1405/04/20 13:15:00,4000,16,3984,EMP-003
FLOG-003797,LINE-A,ORD-1405-0351,28,RES-0402-10R,LOT-893191,1405/04/18 08:17:00,4000,62,3938,EMP-003
FLOG-003798,LINE-A,ORD-1405-0351,7,IC-SOIC-PMIC-BUCK1A,LOT-288057,1405/04/18 08:17:00,2500,66,2434,EMP-003
FLOG-003799,LINE-A,ORD-1405-0351,50,RES-0201-1K,LOT-118769,1405/04/18 08:17:00,4000,62,3938,EMP-003
FLOG-003800,LINE-A,ORD-1405-0351,5,IC-SOIC-MCU-ATMEGA328,LOT-573785,1405/04/18 08:17:00,10000,67,9933,EMP-003
FLOG-003801,LINE-A,ORD-1405-0351,26,RES-0201-100K,LOT-676404,1405/04/18 08:17:00,10000,67,9933,EMP-003
FLOG-003802,LINE-A,ORD-1405-0351,54,RES-0201-100K,LOT-786330,1405/04/18 08:17:00,4000,61,3939,EMP-003
FLOG-003803,LINE-A,ORD-1405-0351,31,IC-SOIC-PMIC-BUCK1A,LOT-693049,1405/04/18 08:17:00,2500,65,2435,EMP-003
FLOG-003804,LINE-A,ORD-1405-0351,19,RES-0402-22R,LOT-219937,1405/04/18 08:17:00,2500,64,2436,EMP-003
FLOG-003805,LINE-A,ORD-1405-0351,39,RES-0402-100R,LOT-678369,1405/04/18 08:17:00,5000,62,4938,EMP-003
FLOG-003806,LINE-A,ORD-1405-0351,23,IC-SOIC-EEPROM-24C02,LOT-144671,1405/04/18 08:17:00,10000,62,9938,EMP-003
FLOG-003807,LINE-A,ORD-1405-0351,1,CONN-HDR-4P,LOT-695711,1405/04/18 08:17:00,5000,64,4936,EMP-003
FLOG-003808,LINE-B,ORD-1405-0352,3,RES-0402-10K,LOT-856338,1405/04/21 12:51:00,4000,7,3993,EMP-008
FLOG-003809,LINE-B,ORD-1405-0352,47,RES-0201-10K,LOT-838527,1405/04/21 12:51:00,2500,7,2493,EMP-008
FLOG-003810,LINE-B,ORD-1405-0352,13,IC-SOIC-OPAMP-DUAL,LOT-250821,1405/04/21 12:51:00,4000,7,3993,EMP-008
FLOG-003811,LINE-B,ORD-1405-0352,35,RES-0402-10K,LOT-433219,1405/04/21 12:51:00,10000,7,9993,EMP-008
FLOG-003812,LINE-B,ORD-1405-0352,12,RES-0201-47K,LOT-202655,1405/04/21 12:51:00,2500,7,2493,EMP-008
FLOG-003813,LINE-B,ORD-1405-0352,32,RES-0402-330R,LOT-327860,1405/04/21 12:51:00,10000,7,9993,EMP-008
FLOG-003814,LINE-B,ORD-1405-0352,38,IC-SOIC-MCU-STM32F1,LOT-560483,1405/04/21 12:51:00,10000,7,9993,EMP-008
FLOG-003815,LINE-B,ORD-1405-0352,46,CAP-0201-100nF,LOT-791729,1405/04/21 12:51:00,4000,7,3993,EMP-008
FLOG-003816,LINE-B,ORD-1405-0352,42,CAP-0603-22pF,LOT-113618,1405/04/21 12:51:00,10000,7,9993,EMP-008
FLOG-003817,LINE-B,ORD-1405-0352,44,RES-0402-330R,LOT-370821,1405/04/21 12:51:00,2500,7,2493,EMP-008
FLOG-003818,LINE-B,ORD-1405-0352,59,RES-0402-100R,LOT-169901,1405/04/21 12:51:00,2500,7,2493,EMP-008
FLOG-003819,LINE-B,ORD-1405-0352,45,RES-0402-100K,LOT-927427,1405/04/21 12:51:00,10000,7,9993,EMP-008
FLOG-003820,LINE-B,ORD-1405-0352,40,IC-SOIC-TXRX-RS485,LOT-364364,1405/04/21 12:51:00,10000,7,9993,EMP-008
FLOG-003821,LINE-B,ORD-1405-0352,53,RES-0402-10R,LOT-919335,1405/04/21 12:51:00,2500,7,2493,EMP-008
FLOG-003822,LINE-B,ORD-1405-0352,21,RES-0402-22R,LOT-290181,1405/04/21 12:51:00,2500,7,2493,EMP-008
FLOG-003823,LINE-B,ORD-1405-0352,4,CONN-HDR-2P,LOT-708194,1405/04/21 12:51:00,5000,7,4993,EMP-008
FLOG-003824,LINE-A,ORD-1405-0353,54,CAP-0603-1uF,LOT-314509,1405/04/21 08:14:00,4000,11,3989,EMP-002
FLOG-003825,LINE-A,ORD-1405-0353,6,RES-0402-10R,LOT-414042,1405/04/21 08:14:00,5000,12,4988,EMP-002
FLOG-003826,LINE-A,ORD-1405-0353,30,CAP-0603-10uF,LOT-535407,1405/04/21 08:14:00,10000,12,9988,EMP-002
FLOG-003827,LINE-A,ORD-1405-0353,49,CAP-0201-10pF,LOT-496035,1405/04/21 08:14:00,4000,12,3988,EMP-002
FLOG-003828,LINE-A,ORD-1405-0353,40,RES-0402-4K7,LOT-481425,1405/04/21 08:14:00,2500,12,2488,EMP-002
FLOG-003829,LINE-A,ORD-1405-0353,16,RES-0402-4K7,LOT-271651,1405/04/21 08:14:00,2500,11,2489,EMP-002
FLOG-003830,LINE-A,ORD-1405-0353,23,IC-SOIC-MCU-STM32F1,LOT-353228,1405/04/21 08:14:00,5000,12,4988,EMP-002
FLOG-003831,LINE-A,ORD-1405-0353,60,RES-0402-330R,LOT-159855,1405/04/21 08:14:00,2500,12,2488,EMP-002
FLOG-003832,LINE-A,ORD-1405-0353,38,RES-0201-10K,LOT-713835,1405/04/21 08:14:00,5000,11,4989,EMP-002
FLOG-003833,LINE-A,ORD-1405-0353,56,RES-0402-1K,LOT-350967,1405/04/21 08:14:00,4000,11,3989,EMP-002
FLOG-003834,LINE-A,ORD-1405-0353,14,CONN-HDR-4P,LOT-651188,1405/04/21 08:14:00,5000,11,4989,EMP-002
FLOG-003835,LINE-A,ORD-1405-0354,2,IC-SOIC-PMIC-BUCK1A,LOT-107751,1405/04/22 09:53:00,2500,74,2426,EMP-005
FLOG-003836,LINE-A,ORD-1405-0354,45,IC-SOIC-EEPROM-24C02,LOT-999938,1405/04/22 09:53:00,5000,70,4930,EMP-005
FLOG-003837,LINE-A,ORD-1405-0354,25,RES-0201-47K,LOT-538650,1405/04/22 09:53:00,5000,70,4930,EMP-005
FLOG-003838,LINE-A,ORD-1405-0354,26,RES-0402-22R,LOT-364855,1405/04/22 09:53:00,10000,75,9925,EMP-005
FLOG-003839,LINE-A,ORD-1405-0354,30,CAP-0603-100pF,LOT-342732,1405/04/22 09:53:00,2500,68,2432,EMP-005
FLOG-003840,LINE-A,ORD-1405-0354,8,CAP-0603-100nF,LOT-496068,1405/04/22 09:53:00,10000,67,9933,EMP-005
FLOG-003841,LINE-A,ORD-1405-0354,14,IC-SOIC-MCU-STM32F1,LOT-940267,1405/04/22 09:53:00,5000,76,4924,EMP-005
FLOG-003842,LINE-A,ORD-1405-0354,47,CAP-0201-100nF,LOT-119903,1405/04/22 09:53:00,5000,68,4932,EMP-005
FLOG-003843,LINE-A,ORD-1405-0354,23,RES-0402-100R,LOT-471088,1405/04/22 09:53:00,4000,67,3933,EMP-005
FLOG-003844,LINE-A,ORD-1405-0354,11,CAP-0603-10uF,LOT-856626,1405/04/22 09:53:00,10000,69,9931,EMP-005
FLOG-003845,LINE-A,ORD-1405-0354,57,IC-SOIC-OPAMP-DUAL,LOT-553640,1405/04/22 09:53:00,10000,76,9924,EMP-005
FLOG-003846,LINE-A,ORD-1405-0354,54,RES-0402-4K7,LOT-231907,1405/04/22 09:53:00,2500,75,2425,EMP-005
FLOG-003847,LINE-A,ORD-1405-0354,43,IC-SOIC-MCU-ATMEGA328,LOT-338648,1405/04/22 09:53:00,2500,73,2427,EMP-005
FLOG-003848,LINE-A,ORD-1405-0354,20,CAP-0603-22pF,LOT-658387,1405/04/22 09:53:00,2500,76,2424,EMP-005
FLOG-003849,LINE-A,ORD-1405-0354,9,IC-BGA-DDR3-2G,LOT-511365,1405/04/22 09:53:00,5000,68,4932,EMP-005
FLOG-003850,LINE-A,ORD-1405-0354,34,RES-0402-4K7,LOT-456884,1405/04/22 09:53:00,10000,70,9930,EMP-005
FLOG-003851,LINE-A,ORD-1405-0354,19,CONN-USB-C,LOT-519335,1405/04/22 09:53:00,5000,68,4932,EMP-005
FLOG-003852,LINE-A,ORD-1405-0355,27,RES-0402-100R,LOT-245256,1405/04/21 14:19:00,5000,85,4915,EMP-005
FLOG-003853,LINE-A,ORD-1405-0355,43,CAP-0603-22pF,LOT-797762,1405/04/21 14:19:00,10000,93,9907,EMP-005
FLOG-003854,LINE-A,ORD-1405-0355,29,CAP-0603-100pF,LOT-432526,1405/04/21 14:19:00,4000,86,3914,EMP-005
FLOG-003855,LINE-A,ORD-1405-0355,15,DIO-1N4148,LOT-118883,1405/04/21 14:19:00,2500,95,2405,EMP-005
FLOG-003856,LINE-A,ORD-1405-0355,1,DIO-LED-0603-RED,LOT-860651,1405/04/21 14:19:00,5000,85,4915,EMP-005
FLOG-003857,LINE-A,ORD-1405-0355,40,RES-0201-47K,LOT-340411,1405/04/21 14:19:00,5000,86,4914,EMP-005
FLOG-003858,LINE-A,ORD-1405-0355,13,RES-0402-100K,LOT-228770,1405/04/21 14:19:00,2500,91,2409,EMP-005
FLOG-003859,LINE-A,ORD-1405-0355,17,DIO-LED-0603-RED,LOT-944329,1405/04/21 14:19:00,10000,86,9914,EMP-005
FLOG-003860,LINE-A,ORD-1405-0355,5,IC-BGA-PMIC-MULTI,LOT-521315,1405/04/21 14:19:00,10000,89,9911,EMP-005
FLOG-003861,LINE-A,ORD-1405-0356,25,CAP-0201-10pF,LOT-883170,1405/04/24 08:09:00,4000,93,3907,EMP-004
FLOG-003862,LINE-A,ORD-1405-0356,40,RES-0402-4K7,LOT-695866,1405/04/24 08:09:00,4000,90,3910,EMP-004
FLOG-003863,LINE-A,ORD-1405-0356,11,RES-0201-1K,LOT-226101,1405/04/24 08:09:00,2500,90,2410,EMP-004
FLOG-003864,LINE-A,ORD-1405-0356,3,IC-SOIC-EEPROM-24C02,LOT-962486,1405/04/24 08:09:00,10000,87,9913,EMP-004
FLOG-003865,LINE-A,ORD-1405-0356,55,IC-SOIC-OPAMP-DUAL,LOT-152106,1405/04/24 08:09:00,2500,93,2407,EMP-004
FLOG-003866,LINE-A,ORD-1405-0356,6,CAP-0603-100pF,LOT-401452,1405/04/24 08:09:00,5000,87,4913,EMP-004
FLOG-003867,LINE-A,ORD-1405-0356,10,CAP-0603-22pF,LOT-608335,1405/04/24 08:09:00,5000,83,4917,EMP-004
FLOG-003868,LINE-A,ORD-1405-0356,52,RES-0402-1K,LOT-884198,1405/04/24 08:09:00,4000,83,3917,EMP-004
FLOG-003869,LINE-A,ORD-1405-0356,21,RES-0402-100K,LOT-881342,1405/04/24 08:09:00,4000,91,3909,EMP-004
FLOG-003870,LINE-A,ORD-1405-0356,51,CAP-0603-100pF,LOT-282587,1405/04/24 08:09:00,4000,88,3912,EMP-004
FLOG-003871,LINE-A,ORD-1405-0356,29,CAP-0603-22pF,LOT-130153,1405/04/24 08:09:00,4000,89,3911,EMP-004
FLOG-003872,LINE-A,ORD-1405-0356,53,RES-0201-47K,LOT-138513,1405/04/24 08:09:00,4000,91,3909,EMP-004
FLOG-003873,LINE-B,ORD-1405-0357,41,IC-SOIC-PMIC-BUCK1A,LOT-516642,1405/04/22 13:38:00,5000,60,4940,EMP-010
FLOG-003874,LINE-B,ORD-1405-0357,22,IC-SOIC-OPAMP-DUAL,LOT-222102,1405/04/22 13:38:00,5000,61,4939,EMP-010
FLOG-003875,LINE-B,ORD-1405-0357,35,DIO-LED-0603-GRN,LOT-989591,1405/04/22 13:38:00,2500,62,2438,EMP-010
FLOG-003876,LINE-B,ORD-1405-0357,54,IC-SOIC-MCU-STM32F1,LOT-799785,1405/04/22 13:38:00,2500,65,2435,EMP-010
FLOG-003877,LINE-B,ORD-1405-0357,49,RES-0201-10K,LOT-526559,1405/04/22 13:38:00,4000,59,3941,EMP-010
FLOG-003878,LINE-B,ORD-1405-0357,3,RES-0201-1K,LOT-481268,1405/04/22 13:38:00,4000,63,3937,EMP-010
FLOG-003879,LINE-B,ORD-1405-0357,57,RES-0201-47K,LOT-597855,1405/04/22 13:38:00,4000,63,3937,EMP-010
FLOG-003880,LINE-B,ORD-1405-0357,29,CONN-USB-C,LOT-735677,1405/04/22 13:38:00,2500,66,2434,EMP-010
FLOG-003881,LINE-B,ORD-1405-0358,46,CAP-0603-100nF,LOT-254332,1405/04/23 09:04:00,2500,69,2431,EMP-010
FLOG-003882,LINE-B,ORD-1405-0358,19,RES-0402-100K,LOT-793738,1405/04/23 09:04:00,5000,67,4933,EMP-010
FLOG-003883,LINE-B,ORD-1405-0358,12,IC-SOIC-MCU-ATMEGA328,LOT-760848,1405/04/23 09:04:00,5000,62,4938,EMP-010
FLOG-003884,LINE-B,ORD-1405-0358,6,RES-0201-1K,LOT-340126,1405/04/23 09:04:00,2500,66,2434,EMP-010
FLOG-003885,LINE-B,ORD-1405-0358,34,RES-0201-10K,LOT-214188,1405/04/23 09:04:00,5000,69,4931,EMP-010
FLOG-003886,LINE-B,ORD-1405-0358,13,RES-0402-100R,LOT-472367,1405/04/23 09:04:00,5000,61,4939,EMP-010
FLOG-003887,LINE-A,ORD-1405-0359,29,IC-SOIC-OPAMP-DUAL,LOT-160611,1405/04/25 09:35:00,4000,64,3936,EMP-001
FLOG-003888,LINE-A,ORD-1405-0359,17,RES-0402-10K,LOT-828459,1405/04/25 09:35:00,2500,60,2440,EMP-001
FLOG-003889,LINE-A,ORD-1405-0359,40,IC-SOIC-TXRX-RS485,LOT-217280,1405/04/25 09:35:00,2500,62,2438,EMP-001
FLOG-003890,LINE-A,ORD-1405-0359,33,CAP-0603-1uF,LOT-188822,1405/04/25 09:35:00,5000,61,4939,EMP-001
FLOG-003891,LINE-A,ORD-1405-0359,46,RES-0402-22R,LOT-383656,1405/04/25 09:35:00,4000,63,3937,EMP-001
FLOG-003892,LINE-A,ORD-1405-0359,5,IC-SOIC-EEPROM-24C02,LOT-701322,1405/04/25 09:35:00,4000,58,3942,EMP-001
FLOG-003893,LINE-A,ORD-1405-0359,53,CAP-0603-100nF,LOT-911279,1405/04/25 09:35:00,10000,65,9935,EMP-001
FLOG-003894,LINE-A,ORD-1405-0359,14,RES-0201-47K,LOT-347519,1405/04/25 09:35:00,2500,60,2440,EMP-001
FLOG-003895,LINE-A,ORD-1405-0359,16,RES-0402-330R,LOT-182941,1405/04/25 09:35:00,2500,66,2434,EMP-001
FLOG-003896,LINE-A,ORD-1405-0359,28,DIO-SS14,LOT-983176,1405/04/25 09:35:00,4000,61,3939,EMP-001
FLOG-003897,LINE-B,ORD-1405-0360,20,RES-0402-100K,LOT-622297,1405/04/25 12:01:00,5000,22,4978,EMP-006
FLOG-003898,LINE-B,ORD-1405-0360,2,DIO-SS14,LOT-136231,1405/04/25 12:01:00,10000,23,9977,EMP-006
FLOG-003899,LINE-B,ORD-1405-0360,45,RES-0402-4K7,LOT-341987,1405/04/25 12:01:00,5000,24,4976,EMP-006
FLOG-003900,LINE-B,ORD-1405-0360,19,RES-0402-100R,LOT-756251,1405/04/25 12:01:00,4000,22,3978,EMP-006
FLOG-003901,LINE-B,ORD-1405-0360,21,RES-0402-10R,LOT-418644,1405/04/25 12:01:00,4000,22,3978,EMP-006
FLOG-003902,LINE-B,ORD-1405-0360,28,CAP-0603-10uF,LOT-478393,1405/04/25 12:01:00,10000,25,9975,EMP-006
FLOG-003903,LINE-B,ORD-1405-0360,3,CAP-0603-100pF,LOT-318763,1405/04/25 12:01:00,4000,22,3978,EMP-006
FLOG-003904,LINE-B,ORD-1405-0360,9,RES-0201-1K,LOT-696246,1405/04/25 12:01:00,10000,23,9977,EMP-006
FLOG-003905,LINE-B,ORD-1405-0360,46,RES-0402-1K,LOT-670584,1405/04/25 12:01:00,2500,23,2477,EMP-006
FLOG-003906,LINE-B,ORD-1405-0360,52,DIO-1N4148,LOT-816250,1405/04/25 12:01:00,10000,22,9978,EMP-006
FLOG-003907,LINE-B,ORD-1405-0360,53,RES-0201-47K,LOT-947530,1405/04/25 12:01:00,5000,24,4976,EMP-006
FLOG-003908,LINE-B,ORD-1405-0360,10,CAP-0201-10pF,LOT-269092,1405/04/25 12:01:00,5000,23,4977,EMP-006
FLOG-003909,LINE-B,ORD-1405-0360,38,CAP-0603-100nF,LOT-148864,1405/04/25 12:01:00,2500,24,2476,EMP-006
FLOG-003910,LINE-B,ORD-1405-0360,30,RES-0402-1K,LOT-127923,1405/04/25 12:01:00,5000,22,4978,EMP-006
FLOG-003911,LINE-A,ORD-1405-0361,59,RES-0201-1K,LOT-212383,1405/04/23 07:27:00,10000,89,9911,EMP-003
FLOG-003912,LINE-A,ORD-1405-0361,47,RES-0402-330R,LOT-652089,1405/04/23 07:27:00,4000,91,3909,EMP-003
FLOG-003913,LINE-A,ORD-1405-0361,20,CAP-0603-100nF,LOT-406379,1405/04/23 07:27:00,4000,98,3902,EMP-003
FLOG-003914,LINE-A,ORD-1405-0361,23,RES-0402-10K,LOT-408337,1405/04/23 07:27:00,4000,90,3910,EMP-003
FLOG-003915,LINE-A,ORD-1405-0361,44,CAP-0603-22pF,LOT-380992,1405/04/23 07:27:00,4000,87,3913,EMP-003
FLOG-003916,LINE-A,ORD-1405-0361,1,RES-0201-100K,LOT-351844,1405/04/23 07:27:00,4000,88,3912,EMP-003
FLOG-003917,LINE-A,ORD-1405-0361,41,DIO-LED-0603-GRN,LOT-929199,1405/04/23 07:27:00,5000,93,4907,EMP-003
FLOG-003918,LINE-A,ORD-1405-0361,12,RES-0402-10K,LOT-372710,1405/04/23 07:27:00,10000,97,9903,EMP-003
FLOG-003919,LINE-A,ORD-1405-0361,14,CAP-0603-4.7uF,LOT-439542,1405/04/23 07:27:00,2500,95,2405,EMP-003
FLOG-003920,LINE-A,ORD-1405-0361,60,CAP-0201-10pF,LOT-498922,1405/04/23 07:27:00,4000,94,3906,EMP-003
FLOG-003921,LINE-A,ORD-1405-0361,57,RES-0402-4K7,LOT-536879,1405/04/23 07:27:00,4000,93,3907,EMP-003
FLOG-003922,LINE-A,ORD-1405-0361,42,RES-0201-47K,LOT-867205,1405/04/23 07:27:00,5000,99,4901,EMP-003
FLOG-003923,LINE-A,ORD-1405-0361,17,CONN-HDR-2P,LOT-108511,1405/04/23 07:27:00,2500,90,2410,EMP-003
FLOG-003924,LINE-A,ORD-1405-0362,2,IC-SOIC-TXRX-RS485,LOT-834383,1405/04/24 11:11:00,10000,77,9923,EMP-004
FLOG-003925,LINE-A,ORD-1405-0362,46,IC-SOIC-OPAMP-DUAL,LOT-104853,1405/04/24 11:11:00,5000,79,4921,EMP-004
FLOG-003926,LINE-A,ORD-1405-0362,14,DIO-LED-0603-GRN,LOT-924374,1405/04/24 11:11:00,2500,78,2422,EMP-004
FLOG-003927,LINE-A,ORD-1405-0362,33,RES-0402-10R,LOT-661111,1405/04/24 11:11:00,4000,86,3914,EMP-004
FLOG-003928,LINE-A,ORD-1405-0362,21,CAP-0603-22pF,LOT-178609,1405/04/24 11:11:00,4000,80,3920,EMP-004
FLOG-003929,LINE-A,ORD-1405-0362,15,DIO-LED-0603-GRN,LOT-583033,1405/04/24 11:11:00,10000,84,9916,EMP-004
FLOG-003930,LINE-A,ORD-1405-0362,25,RES-0402-330R,LOT-693559,1405/04/24 11:11:00,5000,83,4917,EMP-004
FLOG-003931,LINE-A,ORD-1405-0363,8,RES-0402-10R,LOT-415858,1405/04/27 07:00:00,10000,499,9501,EMP-004
FLOG-003932,LINE-A,ORD-1405-0363,58,IC-SOIC-OPAMP-DUAL,LOT-958696,1405/04/27 07:00:00,2500,491,2009,EMP-004
FLOG-003933,LINE-A,ORD-1405-0363,31,IC-SOIC-MCU-ATMEGA328,LOT-955921,1405/04/27 07:00:00,2500,511,1989,EMP-004
FLOG-003934,LINE-A,ORD-1405-0363,44,CAP-0603-1uF,LOT-678645,1405/04/27 07:00:00,2500,506,1994,EMP-004
FLOG-003935,LINE-A,ORD-1405-0363,49,DIO-LED-0603-GRN,LOT-719921,1405/04/27 07:00:00,10000,480,9520,EMP-004
FLOG-003936,LINE-A,ORD-1405-0363,34,CAP-0603-10uF,LOT-379959,1405/04/27 07:00:00,10000,496,9504,EMP-004
FLOG-003937,LINE-A,ORD-1405-0363,43,RES-0402-10R,LOT-510486,1405/04/27 07:00:00,4000,491,3509,EMP-004
FLOG-003938,LINE-A,ORD-1405-0363,55,CAP-0603-22pF,LOT-509957,1405/04/27 07:00:00,4000,463,3537,EMP-004
FLOG-003939,LINE-A,ORD-1405-0363,16,DIO-LED-0603-GRN,LOT-427008,1405/04/27 07:00:00,2500,516,1984,EMP-004
FLOG-003940,LINE-A,ORD-1405-0363,22,CONN-HDR-2P,LOT-607313,1405/04/27 07:00:00,4000,474,3526,EMP-004
FLOG-003941,LINE-A,ORD-1405-0364,57,IC-SOIC-MCU-STM32F1,LOT-447189,1405/04/27 08:46:00,5000,10,4990,EMP-001
FLOG-003942,LINE-A,ORD-1405-0364,39,CAP-0603-100pF,LOT-181836,1405/04/27 08:46:00,2500,9,2491,EMP-001
FLOG-003943,LINE-A,ORD-1405-0364,3,DIO-SS14,LOT-571857,1405/04/27 08:46:00,4000,9,3991,EMP-001
FLOG-003944,LINE-A,ORD-1405-0364,1,RES-0402-100K,LOT-205612,1405/04/27 08:46:00,5000,9,4991,EMP-001
FLOG-003945,LINE-A,ORD-1405-0364,13,RES-0201-1K,LOT-871257,1405/04/27 08:46:00,10000,9,9991,EMP-001
FLOG-003946,LINE-A,ORD-1405-0364,27,RES-0402-10K,LOT-357934,1405/04/27 08:46:00,4000,10,3990,EMP-001
FLOG-003947,LINE-A,ORD-1405-0364,49,CAP-0201-100nF,LOT-498972,1405/04/27 08:46:00,2500,9,2491,EMP-001
FLOG-003948,LINE-A,ORD-1405-0364,56,CAP-0201-10pF,LOT-967892,1405/04/27 08:46:00,5000,9,4991,EMP-001
FLOG-003949,LINE-A,ORD-1405-0364,5,RES-0201-10K,LOT-320252,1405/04/27 08:46:00,2500,10,2490,EMP-001
FLOG-003950,LINE-A,ORD-1405-0364,25,RES-0201-100K,LOT-301330,1405/04/27 08:46:00,5000,10,4990,EMP-001
FLOG-003951,LINE-A,ORD-1405-0364,51,IC-SOIC-TXRX-RS485,LOT-491025,1405/04/27 08:46:00,5000,10,4990,EMP-001
FLOG-003952,LINE-A,ORD-1405-0364,36,CONN-USB-C,LOT-242152,1405/04/27 08:46:00,2500,9,2491,EMP-001
FLOG-003953,LINE-B,ORD-1405-0365,18,CAP-0603-100nF,LOT-193382,1405/04/27 07:00:00,4000,90,3910,EMP-008
FLOG-003954,LINE-B,ORD-1405-0365,8,CAP-0603-100nF,LOT-949925,1405/04/27 07:00:00,10000,95,9905,EMP-008
FLOG-003955,LINE-B,ORD-1405-0365,34,IC-SOIC-EEPROM-24C02,LOT-980556,1405/04/27 07:00:00,10000,89,9911,EMP-008
FLOG-003956,LINE-B,ORD-1405-0365,48,RES-0201-10K,LOT-353660,1405/04/27 07:00:00,4000,95,3905,EMP-008
FLOG-003957,LINE-B,ORD-1405-0365,24,CAP-0201-10pF,LOT-714323,1405/04/27 07:00:00,2500,91,2409,EMP-008
FLOG-003958,LINE-B,ORD-1405-0365,57,CAP-0603-4.7uF,LOT-954715,1405/04/27 07:00:00,10000,100,9900,EMP-008
FLOG-003959,LINE-B,ORD-1405-0365,20,IC-SOIC-PMIC-BUCK1A,LOT-795986,1405/04/27 07:00:00,10000,95,9905,EMP-008
FLOG-003960,LINE-B,ORD-1405-0365,36,CONN-USB-C,LOT-300059,1405/04/27 07:00:00,5000,96,4904,EMP-008
FLOG-003961,LINE-A,ORD-1405-0366,16,IC-SOIC-MCU-STM32F1,LOT-583108,1405/04/27 13:10:00,5000,23,4977,EMP-002
FLOG-003962,LINE-A,ORD-1405-0366,18,RES-0402-1K,LOT-120851,1405/04/27 13:10:00,10000,25,9975,EMP-002
FLOG-003963,LINE-A,ORD-1405-0366,58,RES-0201-1K,LOT-495385,1405/04/27 13:10:00,5000,26,4974,EMP-002
FLOG-003964,LINE-A,ORD-1405-0366,35,RES-0402-22R,LOT-529242,1405/04/27 13:10:00,2500,25,2475,EMP-002
FLOG-003965,LINE-A,ORD-1405-0366,44,CAP-0603-4.7uF,LOT-817402,1405/04/27 13:10:00,4000,24,3976,EMP-002
FLOG-003966,LINE-A,ORD-1405-0366,15,DIO-LED-0603-GRN,LOT-228430,1405/04/27 13:10:00,5000,26,4974,EMP-002
FLOG-003967,LINE-A,ORD-1405-0366,3,DIO-1N4148,LOT-616665,1405/04/27 13:10:00,2500,25,2475,EMP-002
FLOG-003968,LINE-A,ORD-1405-0366,8,RES-0201-47K,LOT-733857,1405/04/27 13:10:00,4000,24,3976,EMP-002
FLOG-003969,LINE-A,ORD-1405-0366,51,IC-BGA-SOC-IMX6,LOT-241969,1405/04/27 13:10:00,10000,25,9975,EMP-002
FLOG-003970,LINE-A,ORD-1405-0366,39,RES-0402-22R,LOT-307644,1405/04/27 13:10:00,5000,25,4975,EMP-002
FLOG-003971,LINE-A,ORD-1405-0366,19,CONN-TERM-BLOCK-3P,LOT-178886,1405/04/27 13:10:00,10000,25,9975,EMP-002
FLOG-003972,LINE-A,ORD-1405-0367,28,CAP-0603-100pF,LOT-430093,1405/04/29 11:15:00,4000,417,3583,EMP-001
FLOG-003973,LINE-A,ORD-1405-0367,16,RES-0201-10K,LOT-155592,1405/04/29 11:15:00,5000,387,4613,EMP-001
FLOG-003974,LINE-A,ORD-1405-0367,52,CAP-0603-22pF,LOT-200418,1405/04/29 11:15:00,2500,405,2095,EMP-001
FLOG-003975,LINE-A,ORD-1405-0367,54,RES-0402-10R,LOT-961636,1405/04/29 11:15:00,2500,391,2109,EMP-001
FLOG-003976,LINE-A,ORD-1405-0367,36,RES-0402-10K,LOT-577011,1405/04/29 11:15:00,10000,417,9583,EMP-001
FLOG-003977,LINE-A,ORD-1405-0367,20,IC-SOIC-OPAMP-DUAL,LOT-856553,1405/04/29 11:15:00,5000,387,4613,EMP-001
FLOG-003978,LINE-A,ORD-1405-0367,3,CAP-0603-22pF,LOT-184832,1405/04/29 11:15:00,5000,379,4621,EMP-001
FLOG-003979,LINE-A,ORD-1405-0367,38,CAP-0603-100pF,LOT-202375,1405/04/29 11:15:00,10000,401,9599,EMP-001
FLOG-003980,LINE-A,ORD-1405-0367,40,CAP-0603-100nF,LOT-220190,1405/04/29 11:15:00,5000,372,4628,EMP-001
FLOG-003981,LINE-A,ORD-1405-0367,31,RES-0402-22R,LOT-171830,1405/04/29 11:15:00,4000,378,3622,EMP-001
FLOG-003982,LINE-A,ORD-1405-0367,57,CAP-0603-4.7uF,LOT-727472,1405/04/29 11:15:00,4000,378,3622,EMP-001
FLOG-003983,LINE-A,ORD-1405-0367,13,IC-SOIC-MCU-STM32F1,LOT-721037,1405/04/29 11:15:00,5000,413,4587,EMP-001
FLOG-003984,LINE-A,ORD-1405-0368,60,RES-0402-100R,LOT-952636,1405/04/28 10:09:00,2500,53,2447,EMP-005
FLOG-003985,LINE-A,ORD-1405-0368,35,CAP-0201-10pF,LOT-520504,1405/04/28 10:09:00,5000,55,4945,EMP-005
FLOG-003986,LINE-A,ORD-1405-0368,45,RES-0402-1K,LOT-845613,1405/04/28 10:09:00,10000,53,9947,EMP-005
FLOG-003987,LINE-A,ORD-1405-0368,23,IC-SOIC-MCU-ATMEGA328,LOT-730608,1405/04/28 10:09:00,5000,51,4949,EMP-005
FLOG-003988,LINE-A,ORD-1405-0368,47,DIO-LED-0603-RED,LOT-132629,1405/04/28 10:09:00,4000,52,3948,EMP-005
FLOG-003989,LINE-A,ORD-1405-0368,9,CAP-0603-4.7uF,LOT-417197,1405/04/28 10:09:00,10000,51,9949,EMP-005
FLOG-003990,LINE-A,ORD-1405-0368,22,IC-SOIC-MCU-ATMEGA328,LOT-102177,1405/04/28 10:09:00,5000,54,4946,EMP-005
FLOG-003991,LINE-A,ORD-1405-0368,59,DIO-SS14,LOT-913124,1405/04/28 10:09:00,10000,55,9945,EMP-005
FLOG-003992,LINE-A,ORD-1405-0368,28,DIO-LED-0603-RED,LOT-983944,1405/04/28 10:09:00,5000,55,4945,EMP-005
FLOG-003993,LINE-A,ORD-1405-0368,26,RES-0402-100R,LOT-990673,1405/04/28 10:09:00,4000,51,3949,EMP-005
FLOG-003994,LINE-A,ORD-1405-0368,19,IC-SOIC-MCU-ATMEGA328,LOT-114454,1405/04/28 10:09:00,4000,55,3945,EMP-005
FLOG-003995,LINE-A,ORD-1405-0368,36,RES-0402-10K,LOT-109208,1405/04/28 10:09:00,10000,55,9945,EMP-005
FLOG-003996,LINE-A,ORD-1405-0368,8,RES-0402-100R,LOT-600401,1405/04/28 10:09:00,5000,50,4950,EMP-005
FLOG-003997,LINE-A,ORD-1405-0368,46,RES-0402-10R,LOT-549007,1405/04/28 10:09:00,5000,53,4947,EMP-005
FLOG-003998,LINE-B,ORD-1405-0369,54,DIO-SS14,LOT-352598,1405/04/30 08:51:00,10000,80,9920,EMP-009
FLOG-003999,LINE-B,ORD-1405-0369,38,DIO-LED-0603-GRN,LOT-715288,1405/04/30 08:51:00,2500,86,2414,EMP-009
FLOG-004000,LINE-B,ORD-1405-0369,60,RES-0402-4K7,LOT-987551,1405/04/30 08:51:00,2500,85,2415,EMP-009
FLOG-004001,LINE-B,ORD-1405-0369,30,RES-0402-10K,LOT-995789,1405/04/30 08:51:00,4000,78,3922,EMP-009
FLOG-004002,LINE-B,ORD-1405-0369,42,IC-SOIC-EEPROM-24C02,LOT-130438,1405/04/30 08:51:00,2500,83,2417,EMP-009
FLOG-004003,LINE-B,ORD-1405-0369,11,RES-0402-10R,LOT-848502,1405/04/30 08:51:00,5000,87,4913,EMP-009
FLOG-004004,LINE-B,ORD-1405-0369,19,RES-0201-47K,LOT-489951,1405/04/30 08:51:00,2500,80,2420,EMP-009
FLOG-004005,LINE-B,ORD-1405-0369,15,IC-SOIC-PMIC-BUCK1A,LOT-774136,1405/04/30 08:51:00,5000,86,4914,EMP-009
FLOG-004006,LINE-B,ORD-1405-0369,18,CONN-TERM-BLOCK-3P,LOT-880919,1405/04/30 08:51:00,4000,87,3913,EMP-009
FLOG-004007,LINE-B,ORD-1405-0370,33,IC-SOIC-EEPROM-24C02,LOT-770567,1405/04/28 13:16:00,4000,108,3892,EMP-010
FLOG-004008,LINE-B,ORD-1405-0370,34,CAP-0603-4.7uF,LOT-106341,1405/04/28 13:16:00,4000,115,3885,EMP-010
FLOG-004009,LINE-B,ORD-1405-0370,25,RES-0402-22R,LOT-986876,1405/04/28 13:16:00,5000,116,4884,EMP-010
FLOG-004010,LINE-B,ORD-1405-0370,5,CAP-0603-10uF,LOT-583996,1405/04/28 13:16:00,5000,114,4886,EMP-010
FLOG-004011,LINE-B,ORD-1405-0370,35,IC-SOIC-EEPROM-24C02,LOT-944031,1405/04/28 13:16:00,5000,107,4893,EMP-010
FLOG-004012,LINE-B,ORD-1405-0370,48,RES-0402-10K,LOT-725754,1405/04/28 13:16:00,2500,106,2394,EMP-010
FLOG-004013,LINE-B,ORD-1405-0370,24,IC-SOIC-EEPROM-24C02,LOT-286196,1405/04/28 13:16:00,5000,106,4894,EMP-010
FLOG-004014,LINE-B,ORD-1405-0370,11,RES-0402-10R,LOT-159962,1405/04/28 13:16:00,4000,118,3882,EMP-010
FLOG-004015,LINE-B,ORD-1405-0370,20,CAP-0603-1uF,LOT-254711,1405/04/28 13:16:00,2500,114,2386,EMP-010
FLOG-004016,LINE-B,ORD-1405-0370,1,CAP-0603-100nF,LOT-540802,1405/04/28 13:16:00,4000,106,3894,EMP-010
FLOG-004017,LINE-B,ORD-1405-0370,45,CAP-0603-10uF,LOT-235454,1405/04/28 13:16:00,10000,114,9886,EMP-010
FLOG-004018,LINE-B,ORD-1405-0370,4,RES-0201-10K,LOT-281853,1405/04/28 13:16:00,10000,115,9885,EMP-010
FLOG-004019,LINE-B,ORD-1405-0370,51,DIO-SS14,LOT-279501,1405/04/28 13:16:00,2500,115,2385,EMP-010
FLOG-004020,LINE-B,ORD-1405-0370,29,DIO-LED-0603-GRN,LOT-304541,1405/04/28 13:16:00,5000,110,4890,EMP-010
FLOG-004021,LINE-B,ORD-1405-0370,37,IC-BGA-FPGA-XC7,LOT-191210,1405/04/28 13:16:00,5000,115,4885,EMP-010
FLOG-004022,LINE-B,ORD-1405-0370,21,CONN-HDR-4P,LOT-244984,1405/04/28 13:16:00,2500,106,2394,EMP-010
